Order ID,Carrier,Ship Date,Service Level,Status,Origin City,Origin Country,Destination City,Destination Country,Customer Segment,Weight (kg),Freight Cost,Currency,Transit Days,Promised Days
ORD-102502,Nordfrakt AB,2026-04-20,Standard,In Transit,Milan,IT,Malmo,SE,Industrial,23.66,53.67,EUR,2.0,4
ORD-100318,Vantage Freight,"Jul 29, 2026",Standard,Delivered,Barcelona,ES,Krakow,PL,Industrial,11.75,59.93,EUR,4.0,4
ORD-103982,Meridian Expr,"Mar 04, 2026",Standard,Delivered,Milan,IT,Berlin,DE,E-Commerce,9.18,54.83,USD,3.0,4
ORD-100940,Baltica Log.,"Mar 16, 2026",Standard,Delivered,Milan,IT,Amsterdam,NL,Industrial,26.38,53.95,EUR,2.0,4
ORD-103861, Nordfrakt ,2026-02-17 00:00:00,Standard,Delivered,Milan,IT,Graz,AT,E-Commerce,26.17,88.11,USD,4.0,4
ORD-100161,Baltica Logistics,02/03/2026,Express,Delivered,Hamburg,DE,Gothenburg,SE,Wholesale,45.15,181.59,USD,1.0,2
ORD-100739,Baltica Logistics,"Jul 07, 2026",Express,Delayed,Gothenburg,SE,Madrid,ES,E-Commerce,6.32,104.13,EUR,3.0,2
ORD-102651,Baltica Logistics A/S,2026-06-26,Economy,Delivered,Barcelona,ES,Oslo,NO,Retail,53.96,79.37,EUR,4.0,7
ORD-101196, Nordfrakt ,"Mar 27, 2026",Express,Delivered,Rotterdam,NL,Manchester,GB,Industrial,37.02,2202.38,SEK,2.0,2
ORD-101283,Kestrel Parcels AB,14/05/2026,Express,Delayed,Rotterdam,NL,Gdansk,PL,Industrial,4.06,84.68,EUR,3.0,2
ORD-103906,Nordfrakt AB,"Mar 30, 2026",Express,Delivered,Gothenburg,SE, Malmo ,SE,Wholesale,14.31,78.79,EUR,1.0,2
ORD-103262,MERIDIAN EXPRESS,2026-04-13 00:00:00,Standard,Delivered,Hamburg,DE,Tampere,FI,Retail,27.62,85.39,EUR,4.0,4
ORD-104107,Vantage,"Jun 06, 2026",Standard,Delivered,Milan,IT,Zurich,CH,Retail,24.42,78.82,EUR,3.0,4
ORD-103832,KESTREL PARCEL,18/05/2026,Express,In Transit,Hamburg,DE,Lyon,FR,E-Commerce,20.82,94.15,EUR,2.0,2
ORD-102413,Baltica Logistics,2026-01-26,Standard,Delayed,Rotterdam,NL,Helsinki,FI,E-Commerce,9.2,61.33,EUR,5.0,4
ORD-102604,Kestrel Parcel,"Apr 21, 2026",Express,Delayed,Hamburg,DE,Geneva,CH,Wholesale,42.5,154.48,USD,3.0,2
ORD-102708,Vantage Freight,"Apr 06, 2026",Standard,Delivered,Barcelona,ES,Berlin,DE,E-Commerce,71.7,133.91,EUR,3.0,4
ORD-103642,KESTREL PARCEL,2026-07-24,Economy,Delivered,Rotterdam,NL,Geneva,CH,E-Commerce,36.45,52.86,USD,7.0,7
ORD-100387,nordfrakt,"Jun 01, 2026",Standard,Delayed,Hamburg,DE,Helsinki,FI,Wholesale,23.39,50.23,EUR,5.0,4
ORD-103157,MERIDIAN EXPRESS,"Aug 29, 2026",Economy,In Transit,Gothenburg,SE,Munich,DE,E-Commerce,30.26,501.87,SEK,4.0,7
ORD-101291,Meridian Expr,"Jun 15, 2026",Express,Delayed,Rotterdam,NL,Gdansk,PL,Retail,12.08,111.22,EUR,3.0,2
ORD-101569,Baltica Logistics,"Aug 24, 2026",Standard,Delayed,Gothenburg,SE,Vienna,AT,Wholesale,15.9,76.03,EUR,5.0,4
ORD-101598,Baltica Log.,"Jun 08, 2026",Standard,Delivered,Hamburg,DE,Frankfurt,DE,Retail,40.48,95.81,EUR,3.0,4
ORD-103977, Nordfrakt ,2026-08-25,Standard,Delivered,Barcelona,ES,Marseille,FR,E-Commerce,13.35,49.51,EUR,3.0,4
ORD-103819,Nordfrakt,"Jul 06, 2026",Standard,Delivered,Gothenburg,SE,Aarhus,DK,Industrial,34.16,90.98,USD,3.0,4
ORD-100078,Vantage Freight,2026-01-05,Standard,Delivered,Hamburg,DE,Graz,AT,Wholesale,14.8,59.21,EUR,4.0,4
ORD-103880,vantage freight,2026-06-18 00:00:00,Standard,Delivered,Gothenburg,SE, Aarhus ,DK,Retail,50.07,104.94,EUR,2.0,4
ORD-101297,Nordfrakt AB,"Mar 09, 2026",Standard,DELIVERED,Rotterdam,NL,Amsterdam,NL,Industrial,40.11,87.53,EUR,2.0,4
ORD-103027,Nordfrakt AB,2026-04-15,Standard,Delivered,Hamburg,DE,Warsaw,PL,Retail,30.79,66.37,EUR,4.0,4
ORD-104459,KESTREL PARCEL,"Feb 23, 2026",Standard,Delivered,Hamburg,DE,Gdansk,PL,Industrial,19.21,69.34,EUR,4.0,4
ORD-103914,Baltica Log.,"May 08, 2026",Standard,Delivered,Hamburg,DE,Warsaw,PL,E-Commerce,20.57,65.2,EUR,4.0,4
ORD-103794,Vantage Freight Ltd,2026-07-03 00:00:00,Economy,Delivered,Gothenburg,SE,Frankfurt,DE,Retail,14.81,34.35,EUR,4.0,7
ORD-103363,nordfrakt,25/05/2026,Express,Delayed,Milan,IT,Turin,IT,Wholesale,17.16,156.4,USD,3.0,2
ORD-104777,Nordfrakt,"Apr 15, 2026",Economy,Delivered,Rotterdam,NL,Helsinki,FI,E-Commerce,58.63,88.13,EUR,6.0,7
ORD-101680, Meridian Express,2026-07-31,Standard,Delivered,Milan,IT,Graz,AT,Industrial,18.58,732.52,SEK,3.0,4
ORD-101286, Nordfrakt ,2026-07-13 00:00:00,Standard,Delivered,Milan,IT, London ,GB,Industrial,25.53,,EUR,4.0,4
ORD-100770,nordfrakt,"Feb 23, 2026",Economy,Delivered,Gothenburg,SE,Aarhus,DK,E-Commerce,80.92,101.2,EUR,3.0,7
ORD-103691,Meridian Express,2026-02-09,Standard,Delivered,Gothenburg,SE,Valencia,ES,Retail,14.8,49.8,USD,3.0,4
ORD-100964,Kestrel Parcels AB,04/08/2026,Economy,Delivered,Rotterdam,NL,Madrid,ES,Industrial,10.1,401.97,SEK,7.0,7
ORD-104385,Meridian Expr,2026-03-31,Standard,Delivered,Hamburg,DE,Zurich,CH,Industrial,8.29,57.28,USD,4.0,4
ORD-101096,nordfrakt,2026-06-02 00:00:00,Express,Delivered,Rotterdam,NL,Frankfurt,DE,E-Commerce,17.01,114.04,EUR,2.0,2
ORD-104309,Nordfrakt AB,26/01/2026,Standard,Delivered,Gothenburg,SE, Brno ,CZ,Wholesale,60.12,141.16,USD,4.0,4
ORD-102984,Hanseatic Line,2026-03-31,Standard,Delayed,Gothenburg,SE,Brno,CZ,Industrial,33.35,86.64,EUR,6.0,4
ORD-100194,KESTREL PARCEL,"Aug 10, 2026",Standard,Delivered,Milan,IT,Cologne,DE,Retail,12.46,52.26,EUR,4.0,4
ORD-101731,KESTREL PARCEL,10/07/2026,Economy,Delivered,Gothenburg,SE,Munich,DE,Industrial,34.85,67.28,EUR,5.0,7
ORD-103818,kestrel,2026-02-08 00:00:00,Express,DELAYED,Gothenburg,SE,Valencia,ES,E-Commerce,31.88,2137.09,SEK,3.0,2
ORD-100651,MERIDIAN EXPRESS,2026-02-23,Express,Delivered,Milan,IT,Aarhus,DK,Industrial,106.79,278.46,EUR,1.0,2
ORD-101227,Meridian Expr,"Aug 23, 2026",Standard,Delivered,Gothenburg,SE,Vienna,AT,Industrial,41.25,100.05,USD,4.0,4
ORD-104001, Nordfrakt ,2026-06-08 00:00:00,Standard,Delivered,Gothenburg,SE,Warsaw,PL,E-Commerce,7.75,47.38,EUR,4.0,4
ORD-101060,Meridian Express,28/04/2026,Standard,Delivered,Barcelona,ES,Tampere,FI,E-Commerce,36.61,90.01,EUR,4.0,4
ORD-103861, Nordfrakt ,2026-02-17 00:00:00,Standard,Delivered,Milan,IT,Graz,AT,E-Commerce,26.17,88.11,USD,4.0,4
ORD-103612, Meridian Express,2026-01-29 00:00:00,Standard,Delivered,Rotterdam,NL,Copenhagen,DK,E-Commerce,38.99,945.8,EUR,3.0,4
ORD-104838,Meridian Express,2026-06-11,Standard,Cancelled,Rotterdam,NL, Zurich ,CH,Wholesale,43.14,76.68,EUR,,4
ORD-100145,nordfrakt,2026-06-12 00:00:00,Express,Delivered,Rotterdam,NL,Madrid,ES,Industrial,21.36,161.9,USD,2.0,2
ORD-104823,nordfrakt,"Aug 18, 2026",Economy,Delivered,Rotterdam,NL,Malmo,SE,Retail,7.61,351.14,SEK,3.0,7
ORD-103416,nordfrakt,2026-02-02 00:00:00,Economy,Delivered,Barcelona,ES,Rome,IT,Industrial,17.19,53.08,USD,7.0,7
ORD-103354,Nordfrakt AB,"Aug 18, 2026",Standard,Delivered,Hamburg,DE,Gothenburg,SE,Industrial,45.18,91.52,EUR,2.0,4
ORD-101182,kestrel,16/03/2026,Express,Delayed,Rotterdam,NL,Krakow,PL,Wholesale,58.74,248.89,EUR,4.0,2
ORD-104513,Meridian Expr,"Jul 13, 2026",Standard,Delivered,Milan,IT,Rome,IT,E-Commerce,18.23,67.38,EUR,3.0,4
ORD-102376,Nordfrakt,2026-06-12 00:00:00,Standard,Delivered,Gothenburg,SE,Valencia,ES,Wholesale,22.48,82.44,EUR,4.0,4
ORD-103435,Meridian Expr,2026-01-27,Economy,Delivered,Gothenburg,SE,Geneva,CH,Industrial,7.29,36.72,EUR,5.0,7
ORD-104206,vantage freight,2026-07-13,Economy,Delivered,Gothenburg,SE,Rome,IT,Wholesale,38.11,56.08,EUR,5.0,7
ORD-100638,Vantage Freight,"May 10, 2026",Economy,Delivered,Gothenburg,SE,Valencia,ES,E-Commerce,11.11,45.0,EUR,6.0,7
ORD-102120,MERIDIAN EXPRESS,2026-04-27,Standard,Delivered,Gothenburg,SE, Frankfurt ,DE,Wholesale,26.88,65.97,EUR,3.0,4
ORD-100083,kestrel,01/06/2026,Standard,Delayed,Rotterdam,NL,Turin,IT,Retail,10.56,760.18,SEK,6.0,4
ORD-102527, Meridian Express,2026-08-03,Express,Delivered,Hamburg,DE,Gothenburg,SE,Retail,69.56,265.75,USD,1.0,2
ORD-103218,Nordfrakt,"Aug 24, 2026",Standard,Delayed,Hamburg,DE,Turin,IT,Retail,57.31,156.71,USD,5.0,4
ORD-101586,Vantage,2026-05-26,Standard,Delayed,Milan,IT,Tampere,FI,Industrial,19.44,81.3,USD,5.0,4
ORD-104980,Vantage Freight,08/07/2026,Standard,Delivered,Gothenburg,SE,Gothenburg,SE,Wholesale,7.77,581.92,SEK,2.0,4
ORD-102220,kestrel,"Aug 02, 2026",Standard,Delivered,Barcelona,ES,Malmo,SE,E-Commerce,7.82,44.41,EUR,2.0,4
ORD-100979, Meridian Express,"Jan 05, 2026",Economy,Delivered,Gothenburg,SE,Munich,DE,Industrial,22.1,45.68,EUR,3.0,7
ORD-100917,kestrel,2026-05-05 00:00:00,Standard,Cancelled,Hamburg,DE,Bergen,NO,E-Commerce,8.16,53.61,EUR,,4
ORD-100172,Kestrel Parcel,"Apr 28, 2026",Express,Delayed,Rotterdam,NL,Krakow,PL,Industrial,14.74,1823.57,SEK,3.0,2
ORD-101313,Vantage Freight Ltd,2026-06-12 00:00:00,Standard,Delivered,Gothenburg,SE,Bergen,NO,Industrial,9.06,54.83,EUR,3.0,4
ORD-100427,Nordfrakt AB,"May 18, 2026",Standard,Delivered,Hamburg,DE,Bergen,NO,Industrial,53.81,130.12,EUR,3.0,4
ORD-103593,Nordfrakt,2026-01-07,Express,Delayed,Milan,IT,Helsinki,FI,Industrial,6.21,104.07,EUR,,2
ORD-104311,Vantage,2026-06-15 00:00:00,Express,Delivered,Rotterdam,NL,Munich,DE,Industrial,25.79,133.76,EUR,2.0,2
ORD-103422, Nordfrakt ,2026-01-26,Express,Delayed,Milan,IT,Tampere,FI,E-Commerce,1.62,93.57,EUR,3.0,2
ORD-102916,MERIDIAN EXPRESS,2026-02-04 00:00:00,Standard,In Transit,Rotterdam,NL,Marseille,FR,Wholesale,25.13,68.46,EUR,3.0,4
ORD-102142,Kestrel Parcels AB,2026-08-11 00:00:00,Economy,Delivered,Hamburg,DE,Geneva,CH,Wholesale,14.08,38.57,USD,7.0,7
ORD-102817,Vantage Freight Ltd,2026-06-20 00:00:00,Standard,Delayed,Milan,IT,Krakow,PL,Industrial,27.34,91.14,EUR,5.0,4
ORD-104721,Nordfrakt,2026-06-01,Express,In Transit,Rotterdam,NL,Berlin,DE,Industrial,30.84,143.99,EUR,2.0,2
ORD-103408,nordfrakt,"Feb 25, 2026",Express,DELIVERED,Gothenburg,SE,Aarhus,DK,E-Commerce,10.6,898.94,SEK,1.0,2
ORD-102985,Hanseatic Lines,19/02/2026,Economy,Delivered,Gothenburg,SE,Amsterdam,NL,Industrial,7.37,,EUR,5.0,7
ORD-101584,Meridian Express,2026-02-13,Standard,Delivered,Gothenburg,SE, Zurich ,CH,E-Commerce,22.64,70.55,EUR,4.0,4
ORD-104639,Baltica Logistics,"Jul 18, 2026",Economy,Delivered,Gothenburg,SE,Helsinki,FI,Wholesale,27.27,49.64,USD,7.0,7
ORD-103763,nordfrakt,2026-02-13 00:00:00,Standard,Delayed,Gothenburg,SE, Turin ,IT,Wholesale,28.34,94.58,USD,5.0,4
ORD-101272, Nordfrakt ,2026-07-27 00:00:00,Express,Delivered,Hamburg,DE,Zurich,CH,Wholesale,22.74,139.23,EUR,2.0,2
ORD-104466,vantage freight,13/05/2026,Economy,Delivered,Rotterdam,NL,Lyon,FR,E-Commerce,34.91,59.31,EUR,5.0,7
ORD-101640,Meridian Express,"Apr 01, 2026",Standard,Delivered,Hamburg,DE,Marseille,FR,E-Commerce,9.64,46.18,EUR,3.0,4
ORD-101545,nordfrakt,2026-01-19,Express,Delayed,Rotterdam,NL,Turin,IT,Wholesale,28.62,1197.3999999999999,EUR,3.0,2
ORD-101061,Nordfrakt AB,13/03/2026,Standard,Delivered,Hamburg,DE,Stockholm,SE,Industrial,12.66,58.08,EUR,2.0,4
ORD-103725,Meridian Express,26/08/2026,Express,Delivered,Hamburg,DE,Amsterdam,NL,Industrial,10.17,96.72,USD,2.0,2
ORD-102610, Nordfrakt ,2026-08-17 00:00:00,Express,Delivered,Gothenburg,SE,Lyon,FR,Wholesale,19.32,131.68,EUR,2.0,2
ORD-104305,hanseatic line,2026-04-27,Standard,Delivered,Barcelona,ES,Eindhoven,NL,Retail,31.13,74.68,EUR,3.0,4
ORD-103547,nordfrakt,2026-06-28,Economy,Delivered,Barcelona,ES,Berlin,DE,Wholesale,39.03,62.47,EUR,4.0,7
ORD-103835,Nordfrakt AB,2026-04-02 00:00:00,Standard,Delivered,Rotterdam,NL,Amsterdam,NL,E-Commerce,25.87,66.49,EUR,2.0,4
ORD-102777,Nordfrakt AB,2026-07-09 00:00:00,Standard,Delivered,Rotterdam,NL,Malmo,SE,Industrial,18.0,60.13,EUR,2.0,4
ORD-104791,nordfrakt,2026-08-27,Standard,Delivered,Barcelona,ES, Paris ,FR,Wholesale,51.34,105.3,EUR,3.0,4
ORD-102194,KESTREL PARCEL,2026-02-24,Express,Delivered,Gothenburg,SE,Gothenburg,SE,Retail,19.43,108.48,EUR,1.0,2
ORD-103001,Vantage Freight Ltd,"Mar 04, 2026",Economy,Delivered,Rotterdam,NL, Prague ,CZ,Wholesale,12.12,41.7,EUR,5.0,7
ORD-104333, Meridian Express,2026-07-04,Economy,Delivered,Gothenburg,SE,Lyon,FR,Wholesale,40.67,79.16,USD,4.0,7
ORD-103046,Vantage,2026-04-06,Standard,Delivered,Milan,IT,Brno,CZ,Industrial,33.19,104.97,EUR,4.0,4
ORD-102386,nordfrakt,06/08/2026,Standard,Delivered,Milan,IT,Tampere,FI,E-Commerce,13.26,49.72,EUR,4.0,4
ORD-102547, Meridian Express,2026-01-16 00:00:00,Economy,Delivered,Milan,IT,Helsinki,FI,Wholesale,19.28,36.4,EUR,7.0,7
ORD-101873,Kestrel Parcel,30/07/2026,Economy,Delivered,Hamburg,DE,Berlin,DE,Industrial,29.15,34.17,EUR,6.0,7
ORD-100735,Vantage Freight Ltd,"Mar 04, 2026",Standard,Delivered,Rotterdam,NL,Amsterdam,NL,Retail,10.88,44.91,EUR,3.0,4
ORD-104668,HANSEATIC,2026-04-09 00:00:00,Economy,Delayed,Barcelona,ES,Valencia,ES,Industrial,19.56,57.92,EUR,10.0,7
ORD-103718,Kestrel Parcels AB,"Mar 10, 2026",Economy,Delayed,Hamburg,DE,Warsaw,PL,Retail,23.51,53.22,USD,8.0,7
ORD-100615, Meridian Express,"Feb 15, 2026",Economy,Delivered,Barcelona,ES,Marseille,FR,Industrial,16.35,35.86,EUR,5.0,7
ORD-103721,nordfrakt,14/01/2026,Economy,Delivered,Gothenburg,SE,Paris,FR,E-Commerce,15.27,44.15,EUR,4.0,7
ORD-103383,Baltica Logistics,2026-07-15,Economy,Delivered,Rotterdam,NL,Gdansk,PL,Retail,10.13,34.49,EUR,6.0,7
ORD-100207, Meridian Express,2026-08-17 00:00:00,Economy,Delivered,Hamburg,DE,Gothenburg,SE,Wholesale,17.21,458.17,SEK,3.0,7
ORD-101902,Vantage Freight Ltd,"Mar 31, 2026",Express,Delivered,Rotterdam,NL,Paris,FR,E-Commerce,5.87,94.56,EUR,2.0,2
ORD-102017,Baltica Log.,"Apr 03, 2026",Economy,DELIVERED,Hamburg,DE,Krakow,PL,E-Commerce,17.15,37.14,EUR,6.0,7
ORD-104356,Baltica Logistics,12/08/2026,Economy,Delivered,Hamburg,DE,Amsterdam,NL,Retail,42.62,54.66,EUR,5.0,7
ORD-101136,baltica,2026-04-02,Economy,Delivered,Hamburg,DE,Munich,DE,E-Commerce,2.77,25.55,EUR,4.0,7
ORD-101124,Nordfrakt AB,2026-06-05 00:00:00,Standard,In Transit,Gothenburg,SE,Paris,FR,Industrial,30.34,90.24,USD,4.0,4
ORD-103331,nordfrakt,"Jun 11, 2026",Standard,DELIVERED,Gothenburg,SE, Oslo ,NO,Retail,15.42,48.71,USD,3.0,4
ORD-102633,MERIDIAN EXPRESS,03/01/2026,Standard,Delayed,Rotterdam,NL,London,GB,Industrial,3.89,52.22,EUR,5.0,4
ORD-101765,Meridian Expr,2026-07-27 00:00:00,Standard,Delivered,Gothenburg,SE,Copenhagen,DK,E-Commerce,58.62,94.4,EUR,2.0,4
ORD-102421,Vantage Freight Ltd,2026-04-21 00:00:00,Standard,Delivered,Barcelona,ES,Malmo,SE,E-Commerce,21.38,62.16,USD,2.0,4
ORD-104007, Nordfrakt ,23/02/2026,Economy,Delivered,Gothenburg,SE,Warsaw,PL,Retail,17.96,50.51,EUR,6.0,7
ORD-102123,Hanseatic Line,2026-01-29,Standard,Delayed,Gothenburg,SE,Frankfurt,DE,Retail,44.41,104.95,EUR,5.0,4
ORD-101209,HANSEATIC,"Aug 11, 2026",Express,Delayed,Gothenburg,SE,Oslo,NO,E-Commerce,36.19,185.93,EUR,4.0,2
ORD-104288,KESTREL PARCEL,2026-04-24,Economy,Delivered,Hamburg,DE,Warsaw,PL,Retail,10.93,43.35,EUR,6.0,7
ORD-104432,Meridian Express,2026-07-07,Standard,Delivered,Gothenburg,SE,Krakow,PL,Industrial,17.83,70.92,EUR,4.0,4
ORD-100640, Meridian Express,"Mar 04, 2026",Standard,Delivered,Hamburg,DE,Helsinki,FI,E-Commerce,47.98,102.36,EUR,4.0,4
ORD-101723,Vantage,2026-04-06 00:00:00,Express,Delivered,Gothenburg,SE,Frankfurt,DE,E-Commerce,27.43,155.32,EUR,1.0,2
ORD-103533,Hanseatic Lines,2026-08-26,Standard,Delayed,Gothenburg,SE,Marseille,FR,Retail,10.15,559.13,SEK,6.0,4
ORD-101335, Nordfrakt ,2026-08-31 00:00:00,Standard,Delivered,Hamburg,DE,Berlin,DE,Retail,56.16,106.2,EUR,3.0,4
ORD-103766,Baltica Logistics A/S,"Mar 08, 2026",Economy,Delivered,Hamburg,DE,Lyon,FR,Industrial,21.11,47.24,EUR,5.0,7
ORD-104640,Meridian Express,2026-06-08,Economy,Delivered,Hamburg,DE,Helsinki,FI,E-Commerce,3.68,32.22,EUR,6.0,7
ORD-102004,nordfrakt,2026-05-13 00:00:00,Economy,Delivered,Barcelona,ES,Turin,IT,E-Commerce,5.76,37.47,USD,5.0,7
ORD-100474,kestrel,"Feb 12, 2026",Standard,Delivered,Gothenburg,SE, Malmo ,SE,Wholesale,48.01,85.39,EUR,2.0,4
ORD-101107,Meridian Expr,13/07/2026,Economy,Delivered,Barcelona,ES,Stockholm,SE,Wholesale,5.95,22.99,EUR,3.0,7
ORD-101003,MERIDIAN EXPRESS,2026-06-30 00:00:00,Economy,Delivered,Gothenburg,SE,Bergen,NO,Industrial,15.5,44.63,EUR,6.0,7
ORD-103353,MERIDIAN EXPRESS,"Apr 04, 2026",Standard,Delivered,Barcelona,ES,Frankfurt,DE,Retail,1.93,35.94,EUR,3.0,4
ORD-103357,vantage freight,2026-06-25 00:00:00,Express,Delivered,Hamburg,DE,Geneva,CH,Wholesale,9.1,1171.55,SEK,2.0,2
ORD-102158,KESTREL PARCEL,2026-05-21,Standard,Delivered,Hamburg,DE,Aarhus,DK,Wholesale,3.56,38.84,EUR,2.0,4
ORD-101683,Baltica Log.,"May 12, 2026",Standard,Delivered,Rotterdam,NL,Amsterdam,NL,E-Commerce,2.0,34.64,EUR,3.0,4
ORD-104546,Vantage,2026-01-19 00:00:00,Standard,Delivered,Gothenburg,SE,Aarhus,DK,Retail,3.78,36.11,EUR,2.0,4
ORD-102623, Nordfrakt ,2026-07-21 00:00:00,Express,Delivered,Gothenburg,SE,Stockholm,SE,E-Commerce,31.28,115.95,EUR,1.0,2
ORD-103976, Nordfrakt ,"Feb 17, 2026",Economy,Delivered,Rotterdam,NL,Brno,CZ,Industrial,33.88,60.23,USD,7.0,7
ORD-102827,kestrel,2026-07-31 00:00:00,Economy,DELIVERED,Gothenburg,SE,Oslo,NO,Retail,38.91,62.69,EUR,6.0,7
ORD-103471,Baltica Logistics A/S,2026-04-14,Standard,Delivered,Gothenburg,SE,Rome,IT,E-Commerce,34.69,94.22,EUR,4.0,4
ORD-102450,Vantage Freight,2026-06-05 00:00:00,Standard,Delivered,Gothenburg,SE,London,GB,Industrial,35.61,86.26,EUR,4.0,4
ORD-102962,KESTREL PARCEL,"Aug 17, 2026",Express,Delivered,Gothenburg,SE,Cologne,DE,Wholesale,15.4,113.48,EUR,2.0,2
ORD-104601, Meridian Express,2026-08-03,Standard,Delivered,Gothenburg,SE,Geneva,CH,Retail,10.31,57.98,EUR,4.0,4
ORD-101648,MERIDIAN EXPRESS,2026-08-19,Standard,Delivered,Rotterdam,NL,Brno,CZ,Industrial,52.05,137.95,EUR,3.0,4
ORD-100929,Meridian Expr,2026-01-12 00:00:00,Economy,Delivered,Gothenburg,SE,Malmo,SE,Industrial,76.33,98.97,EUR,3.0,7
ORD-101721,Vantage Freight Ltd,2026-04-13,Express,Delivered,Hamburg,DE,Cologne,DE,Wholesale,4.86,90.25,EUR,2.0,2
ORD-104996,MERIDIAN EXPRESS,14/04/2026,Standard,Delivered,Milan,IT,Berlin,DE,E-Commerce,20.85,67.1,EUR,3.0,4
ORD-102425,Baltica Logistics A/S,2026-01-03,Economy,Delivered,Milan,IT,Krakow,PL,E-Commerce,30.79,65.19,EUR,7.0,7
ORD-103935, Nordfrakt ,2026-06-10 00:00:00,Standard,Delivered,Barcelona,ES,Oslo,NO,E-Commerce,10.52,47.9,EUR,4.0,4
ORD-103541,HANSEATIC,"Jan 13, 2026",Economy,Delayed,Rotterdam,NL,Zurich,CH,Wholesale,68.38,100.3,EUR,8.0,7
ORD-103739,Kestrel Parcels AB,2026-06-01,Standard,Delivered,Gothenburg,SE,Munich,DE,Retail,31.38,750.6,EUR,4.0,4
ORD-101447,MERIDIAN EXPRESS,2026-08-09 00:00:00,Standard,Delivered,Rotterdam,NL,Brno,CZ,Industrial,14.78,722.01,SEK,4.0,4
ORD-104474,baltica,2026-06-10 00:00:00,Economy,Delivered,Gothenburg,SE,Stockholm,SE,Industrial,32.58,57.68,EUR,3.0,7
ORD-104442,baltica,10/03/2026,Standard,Delivered,Gothenburg,SE,Zurich,CH,E-Commerce,20.53,7185.299999999999,SEK,4.0,4
ORD-100680,Meridian Expr,2026-04-02,Economy,Delivered,Gothenburg,SE,Oslo,NO,E-Commerce,7.06,334.19,SEK,4.0,7
ORD-102732, Nordfrakt ,2026-07-25,Standard,Delivered,Rotterdam,NL,Vienna,AT,Industrial,24.42,64.43,EUR,4.0,4
ORD-101143,Baltica Log.,"Jun 07, 2026",Economy,Delivered,Gothenburg,SE,Malmo,SE,Wholesale,18.05,436.27,SEK,5.0,7
ORD-101281,Kestrel Parcels AB,2026-04-10 00:00:00,Standard,Delayed,Gothenburg,SE,Rome,IT,Wholesale,18.6,68.48,USD,5.0,4
ORD-104073,nordfrakt,2026-07-31,Standard,Delayed,Hamburg,DE,Prague,CZ,Industrial,18.51,74.47,EUR,5.0,4
ORD-104436,MERIDIAN EXPRESS,2026-02-23 00:00:00,Economy,Delivered,Milan,IT,Berlin,DE,Industrial,41.88,66.81,EUR,4.0,7
ORD-102456, Meridian Express,"Jun 05, 2026",Standard,Delivered,Gothenburg,SE,Aarhus,DK,E-Commerce,18.83,54.74,EUR,2.0,4
ORD-100183,Meridian Express,18/03/2026,Standard,In Transit,Barcelona,ES,Gothenburg,SE,Retail,14.8,49.4,EUR,1.0,4
ORD-103064,Hanseatic Lines,"Mar 24, 2026",Standard,Delivered,Milan,IT,Munich,DE,Retail,39.98,99.25,USD,4.0,4
ORD-104748,nordfrakt,2026-06-18,Economy,Delivered,Hamburg,DE,Valencia,ES,E-Commerce,15.34,431.79,SEK,6.0,7
ORD-103473, Nordfrakt ,"Jun 30, 2026",Standard,Delivered,Hamburg,DE,Aarhus,DK,E-Commerce,49.58,104.99,EUR,2.0,4
ORD-101521,Nordfrakt AB,2026-03-26,Economy,Delivered,Hamburg,DE,Geneva,CH,Wholesale,42.51,824.5,SEK,4.0,7
ORD-100773,Nordfrakt AB,"Mar 30, 2026",Standard,Delivered,Hamburg,DE,Krakow,PL,Retail,29.15,72.1,EUR,3.0,4
ORD-103153, Nordfrakt ,11/05/2026,Economy,Delivered,Hamburg,DE,Helsinki,FI,Retail,11.03,39.8,EUR,5.0,7
ORD-101836, Nordfrakt ,"Jul 30, 2026",Economy,Delivered,Rotterdam,NL,Rome,IT,E-Commerce,24.4,58.75,EUR,4.0,7
ORD-104463,kestrel,2026-02-23,Express,Delivered,Gothenburg,SE,Geneva,CH,Retail,19.51,131.06,EUR,2.0,2
ORD-104573,Hanseatic Lines,"Jul 01, 2026",Standard,Delayed,Gothenburg,SE,Vienna,AT,Wholesale,26.06,96.93,USD,5.0,4
ORD-100588,baltica,2026-06-03 00:00:00,Express,Delayed,Hamburg,DE, Bergen ,NO,Retail,10.61,82.69,EUR,3.0,2
ORD-104124,kestrel,2026-05-08,Standard,Delayed,Gothenburg,SE,Valencia,ES,E-Commerce,31.97,98.69,USD,6.0,4
ORD-104902,hanseatic line,"Feb 05, 2026",Standard,Delayed,Rotterdam,NL,Madrid,ES,Retail,51.24,1115.47,SEK,7.0,4
ORD-101127,Baltica Logistics,14/02/2026,Standard,Delivered,Rotterdam,NL, Vienna ,AT,Retail,47.84,123.21,EUR,4.0,4
ORD-100676,nordfrakt,13/01/2026,Standard,Delivered,Barcelona,ES,Manchester,GB,E-Commerce,59.56,145.58,USD,,4
ORD-100470,nordfrakt,2026-04-10 00:00:00,Express,Delayed,Milan,IT,Berlin,DE,Wholesale,37.64,203.95,EUR,3.0,2
ORD-100905,Baltica Logistics,2026-03-25,Express,Delivered,Rotterdam,NL,Zurich,CH,Wholesale,28.16,142.24,EUR,2.0,2
ORD-101268,vantage freight,"Aug 06, 2026",Standard,Delivered,Milan,IT,Gothenburg,SE,Wholesale,30.19,80.74,EUR,2.0,4
ORD-103222, Meridian Express,30/04/2026,Express,Delivered,Gothenburg,SE,Warsaw,PL,Retail,51.94,245.86,USD,2.0,2
ORD-102447,HANSEATIC,"Feb 18, 2026",Economy,Delayed,Rotterdam,NL,Valencia,ES,E-Commerce,35.48,61.04,EUR,8.0,7
ORD-104152,Baltica Logistics,14/07/2026,Standard,Delivered,Rotterdam,NL,Prague,CZ,Industrial,73.32,146.43,EUR,4.0,4
ORD-101610, Nordfrakt ,2026-05-01 00:00:00,Standard,Delivered,Gothenburg,SE,Gothenburg,SE,Retail,25.66,67.75,USD,2.0,4
ORD-102556,Vantage Freight Ltd,2026-05-13 00:00:00,Standard,Delivered,Gothenburg,SE,Eindhoven,NL,Wholesale,45.75,108.02,USD,2.0,4
ORD-100860,Meridian Express,14/08/2026,Standard,Delivered,Milan,IT,Amsterdam,NL,E-Commerce,46.38,72.25,EUR,2.0,4
ORD-104391,Baltica Logistics A/S,22/05/2026,Standard,Delivered,Rotterdam,NL,Malmo,SE,Retail,45.79,98.18,EUR,3.0,4
ORD-101328,Baltica Logistics A/S,2026-03-06 00:00:00,Standard,Delayed,Rotterdam,NL,Gdansk,PL,Industrial,11.36,60.19,EUR,6.0,4
ORD-101193,Vantage Freight,2026-03-23,Standard,Delivered,Hamburg,DE,Madrid,ES,Retail,22.12,69.05,EUR,3.0,4
ORD-104444,HANSEATIC,"Apr 09, 2026",Standard,Delivered,Gothenburg,SE,Zurich,CH,Wholesale,11.63,51.57,EUR,4.0,4
ORD-103117,MERIDIAN EXPRESS,17/02/2026,Economy,Delivered,Rotterdam,NL,Frankfurt,DE,E-Commerce,26.61,56.87,EUR,3.0,7
ORD-104976,Nordfrakt AB,2026-01-09 00:00:00,Standard,Delivered,Hamburg,DE,Malmo,SE,Industrial,31.11,917.86,SEK,2.0,4
ORD-101951,Meridian Expr,2026-01-28 00:00:00,Economy,DELIVERED,Hamburg,DE,Malmo,SE,Industrial,17.69,36.56,EUR,3.0,7
ORD-101557,Baltica Log.,2026-04-29 00:00:00,Economy,Delivered,Rotterdam,NL,Oslo,NO,E-Commerce,24.14,39.22,EUR,5.0,7
ORD-102053,Kestrel Parcels AB,2026-08-03 00:00:00,Express,Delivered,Milan,IT,Frankfurt,DE,E-Commerce,49.41,187.81,EUR,2.0,2
ORD-100665,Baltica Logistics A/S,17/03/2026,Standard,Delivered,Rotterdam,NL,Vienna,AT,Industrial,28.3,83.77,EUR,4.0,4
ORD-103182, Meridian Express,14/04/2026,Standard,Delivered,Rotterdam,NL,Valencia,ES,Retail,25.59,98.06,EUR,4.0,4
ORD-102026,Vantage Freight Ltd,01/02/2026,Standard,Delivered,Gothenburg,SE,Copenhagen,DK,E-Commerce,20.08,58.9,EUR,2.0,4
ORD-102712,Baltica Log.,2026-07-30 00:00:00,Standard,Delivered,Gothenburg,SE,Berlin,DE,Wholesale,16.1,61.93,USD,3.0,4
ORD-101032,Vantage,"Apr 06, 2026",Standard,Delivered,Milan,IT,Cologne,DE,E-Commerce,36.57,87.38,EUR,2.0,4
ORD-104076,Meridian Express,2026-08-20 00:00:00,Express,Delivered,Rotterdam,NL,Munich,DE,E-Commerce,13.9,74.34,EUR,2.0,2
ORD-104004,Baltica Logistics,2026-05-14,Economy,Delivered,Gothenburg,SE,Amsterdam,NL,Wholesale,24.06,55.44,EUR,4.0,7
ORD-102481,HANSEATIC,2026-06-16 00:00:00,Standard,Delivered,Hamburg,DE,Malmo,SE,Industrial,12.92,44.1,USD,3.0,4
ORD-103366,Nordfrakt AB,2026-02-04 00:00:00,Standard,Delayed,Barcelona,ES,Madrid,ES,Industrial,46.73,138.58,EUR,5.0,4
ORD-102557,Baltica Logistics,"Jun 19, 2026",Standard,Delivered,Hamburg,DE,Copenhagen,DK,Industrial,10.02,45.88,EUR,3.0,4
ORD-104066,Vantage Freight Ltd,2026-06-13 00:00:00,Economy,Delivered,Rotterdam,NL,Brno,CZ,Retail,42.72,72.44,EUR,4.0,7
ORD-102416,Nordfrakt,2026-02-03,Standard,Delivered,Hamburg,DE,Marseille,FR,E-Commerce,44.22,82.77,EUR,4.0,4
ORD-101218, Nordfrakt ,19/05/2026,Standard,Delivered,Barcelona,ES,Amsterdam,NL,Industrial,12.64,63.66,EUR,3.0,4
ORD-100766,Meridian Express,2026-02-02,Economy,Delivered,Barcelona,ES,Munich,DE,Wholesale,25.49,46.46,EUR,4.0,7
ORD-101374,Vantage Freight,"Jul 01, 2026",Standard,Delivered,Rotterdam,NL,Warsaw,PL,Retail,20.41,65.61,EUR,4.0,4
ORD-103201,Baltica Log.,2026-07-15 00:00:00,Economy,Delivered,Gothenburg,SE, Gdansk ,PL,E-Commerce,29.63,48.35,USD,5.0,7
ORD-102000,MERIDIAN EXPRESS,"Jun 26, 2026",Standard,Delivered,Gothenburg,SE,Cologne,DE,Industrial,19.08,66.9,USD,4.0,4
ORD-104871,Vantage,"Aug 10, 2026",Economy,Delivered,Rotterdam,NL,Zurich,CH,Industrial,59.43,73.31,EUR,5.0,7
ORD-100661,baltica,2026-04-08,Express,Delayed,Rotterdam,NL,Rome,IT,E-Commerce,20.07,91.79,USD,3.0,2
ORD-103768,Vantage Freight Ltd,18/05/2026,Standard,Delayed,Rotterdam,NL,Madrid,ES,Wholesale,27.44,947.63,SEK,5.0,4
ORD-104248,baltica,14/07/2026,Standard,Delivered,Gothenburg,SE,Gdansk,PL,Wholesale,9.3,45.81,EUR,4.0,4
ORD-103971, Nordfrakt ,2026-07-22 00:00:00,Economy,Delivered,Barcelona,ES,Cologne,DE,Wholesale,25.42,56.33,EUR,4.0,7
ORD-100431, Meridian Express,10/04/2026,Standard,Delivered,Gothenburg,SE,Cologne,DE,E-Commerce,36.38,80.79,EUR,2.0,4
ORD-103077,Vantage,"May 22, 2026",Standard,Delivered,Gothenburg,SE,Zurich,CH,Wholesale,19.45,66.34,EUR,3.0,4
ORD-103323,Nordfrakt,2026-02-14 00:00:00,Standard,Delivered,Gothenburg,SE,Frankfurt,DE,Wholesale,12.73,57.43,EUR,3.0,4
ORD-104864,Meridian Express,"Jun 26, 2026",Express,Delivered,Barcelona,ES,Helsinki,FI,Retail,4.94,106.35,EUR,2.0,2
ORD-100687,Nordfrakt,2026-01-20 00:00:00,Standard,Delivered,Hamburg,DE,Stockholm,SE,Retail,12.58,56.99,USD,2.0,4
ORD-100426,nordfrakt,"Jun 18, 2026",Economy,Delivered,Milan,IT,Malmo,SE,Retail,11.29,39.3,EUR,3.0,7
ORD-104989,vantage freight,"Jun 29, 2026",Express,Delivered,Gothenburg,SE,Lyon,FR,Retail,52.73,206.11,USD,2.0,2
ORD-103251,MERIDIAN EXPRESS,2026-04-15,Standard,Delivered,Rotterdam,NL,Gothenburg,SE,E-Commerce,29.77,79.39,EUR,2.0,4
ORD-102559, Nordfrakt ,2026-01-19 00:00:00,Standard,Delivered,Gothenburg,SE, Amsterdam ,NL,E-Commerce,12.86,68.07,USD,3.0,4
ORD-100415,Nordfrakt,2026-03-08 00:00:00,Standard,Delivered,Barcelona,ES, Gothenburg ,SE,Retail,87.18,189.77,EUR,2.0,4
ORD-102747,Vantage Freight Ltd,19/05/2026,Standard,Delivered,Gothenburg,SE, Cologne ,DE,E-Commerce,22.52,82.65,EUR,3.0,4
ORD-101702,nordfrakt,2026-03-10,Standard,Delivered,Milan,IT,Gothenburg,SE,Industrial,66.18,125.03,USD,2.0,4
ORD-100596, Meridian Express,"Jan 13, 2026",Economy,Delivered,Gothenburg,SE,Aarhus,DK,Industrial,22.83,44.96,EUR,3.0,7
ORD-104988,Vantage Freight Ltd,2026-07-27 00:00:00,Standard,Delivered,Rotterdam,NL,Helsinki,FI,E-Commerce,35.09,75.46,EUR,4.0,4
ORD-101671,Meridian Expr,06/01/2026,Standard,Delivered,Hamburg,DE,Stockholm,SE,Industrial,13.56,43.4,EUR,2.0,4
ORD-104507,Nordfrakt,"Jan 19, 2026",Standard,Delivered,Gothenburg,SE,Manchester,GB,Industrial,15.87,62.5,EUR,4.0,4
ORD-101195,Nordfrakt,11/02/2026,Economy,Delivered,Milan,IT,Warsaw,PL,E-Commerce,66.63,94.7,EUR,5.0,7
ORD-102035,Kestrel Parcel,2026-06-08,Standard,Delivered,Gothenburg,SE,Cologne,DE,Retail,53.47,100.25,EUR,3.0,4
ORD-104869,Baltica Logistics A/S,"Mar 18, 2026",Standard,Delayed,Milan,IT, Rome ,IT,E-Commerce,15.73,60.7,EUR,5.0,4
ORD-100089, Nordfrakt ,2026-06-01,Standard,Delivered,Rotterdam,NL,London,GB,E-Commerce,17.01,62.22,EUR,4.0,4
ORD-104619,Baltica Logistics,07/07/2026,Standard,Delivered,Rotterdam,NL,Marseille,FR,Wholesale,7.81,729.23,SEK,4.0,4
ORD-101524,hanseatic line,2026-01-26,Standard,Delayed,Gothenburg,SE,Frankfurt,DE,Industrial,43.6,86.77,EUR,5.0,4
ORD-103150,HANSEATIC,2026-03-27 00:00:00,Standard,Delivered,Gothenburg,SE,Frankfurt,DE,Wholesale,2.86,36.74,EUR,4.0,4
ORD-102781,Nordfrakt,2026-07-27,Economy,Delivered,Hamburg,DE,Tampere,FI,Retail,24.52,54.42,EUR,6.0,7
ORD-103123, Nordfrakt ,2026-02-02 00:00:00,Standard,Delivered,Barcelona,ES,Oslo,NO,Industrial,18.56,78.16,USD,4.0,4
ORD-102837,Hanseatic Lines,2026-07-07,Standard,Delivered,Gothenburg,SE,Berlin,DE,Industrial,8.44,55.49,EUR,3.0,4
ORD-104336,Hanseatic Line,2026-04-20,Standard,Delayed,Gothenburg,SE,Gdansk,PL,Wholesale,20.66,66.98,EUR,6.0,4
ORD-102169,hanseatic line,2026-08-20,Standard,Delayed,Milan,IT,Geneva,CH,Retail,60.74,121.29,EUR,5.0,4
ORD-103952,Baltica Logistics,2026-04-06,Standard,Delayed,Milan,IT,Zurich,CH,Retail,27.06,71.69,USD,5.0,4
ORD-102639,Baltica Log.,2026-06-11,Standard,Cancelled,Milan,IT,Gothenburg,SE,E-Commerce,24.24,64.76,EUR,,4
ORD-100732, Nordfrakt ,19/07/2026,Standard,Delivered,Rotterdam,NL,Zurich,CH,Retail,7.51,56.27,EUR,4.0,4
ORD-100569,Vantage Freight Ltd,08/01/2026,Economy,Delivered,Milan,IT,Cologne,DE,Industrial,25.59,59.2,EUR,3.0,7
ORD-101170,Nordfrakt,09/02/2026,Standard,Delivered,Barcelona,ES, Munich ,DE,E-Commerce,5.03,46.34,EUR,2.0,4
ORD-100674,Meridian Expr,"Feb 05, 2026",Standard,In Transit,Gothenburg,SE,Amsterdam,NL,Industrial,38.19,1185.77,SEK,2.0,4
ORD-103641,hanseatic line,2026-07-23 00:00:00,Standard,Delivered,Hamburg,DE,Aarhus,DK,Retail,69.48,117.52,USD,3.0,4
ORD-102054, Meridian Express,"Mar 30, 2026",Standard,Delivered,Gothenburg,SE,Madrid,ES,Industrial,7.43,65.73,EUR,4.0,4
ORD-101893,Nordfrakt AB,2026-03-25 00:00:00,Standard,Delivered,Barcelona,ES,Helsinki,FI,Retail,11.77,68.81,EUR,4.0,4
ORD-103991,Nordfrakt AB,"Apr 20, 2026",Express,In Transit,Gothenburg,SE,Amsterdam,NL,Industrial,64.91,247.0,EUR,2.0,2
ORD-102226, Nordfrakt ,25/06/2026,Economy,Delivered,Gothenburg,SE,London,GB,Retail,18.45,45.23,EUR,5.0,7
ORD-104453,Meridian Express,2026-03-23 00:00:00,Express,Delivered,Hamburg,DE,Krakow,PL,Industrial,26.09,107.65,EUR,2.0,2
ORD-103397,Vantage,10/08/2026,Economy,Delivered,Rotterdam,NL,Berlin,DE,Wholesale,18.29,49.09,EUR,5.0,7
ORD-101188,Nordfrakt,2026-01-06,Express,Delivered,Rotterdam,NL,Bergen,NO,Industrial,35.92,206.54,EUR,2.0,2
ORD-103009,Nordfrakt,20/05/2026,Express,Delayed,Rotterdam,NL,Helsinki,FI,Retail,32.41,156.19,EUR,3.0,2
ORD-104621,Hanseatic Lines,"Aug 29, 2026",Express,Delayed,Rotterdam,NL,Madrid,ES,Wholesale,23.04,146.64,EUR,4.0,2
ORD-101790,Nordfrakt,2026-01-15 00:00:00,Standard,Delivered,Gothenburg,SE,Aarhus,DK,Retail,41.97,100.42,EUR,2.0,4
ORD-104238,Baltica Logistics,"Apr 21, 2026",Economy,Delivered,Hamburg,DE,Brno,CZ,Wholesale,22.32,52.4,USD,6.0,7
ORD-102700,Baltica Log.,2026-06-27 00:00:00,Standard,Delayed,Rotterdam,NL,Tampere,FI,Wholesale,3.46,57.96,EUR,,4
ORD-102674,Baltica Logistics,"Jul 27, 2026",Express,Delivered,Milan,IT,Cologne,DE,Retail,23.85,147.25,USD,2.0,2
ORD-104094,Hanseatic Lines,09/08/2026,Economy,Delivered,Milan,IT,Copenhagen,DK,Industrial,8.6,30.03,EUR,4.0,7
ORD-102687,KESTREL PARCEL,"Jan 05, 2026",Economy,Delivered,Rotterdam,NL, Eindhoven ,NL,Industrial,20.44,53.47,EUR,5.0,7
ORD-101844,Vantage Freight,13/04/2026,Standard,Delivered,Hamburg,DE,Cologne,DE,Wholesale,22.28,91.27,USD,3.0,4
ORD-101222, Meridian Express,10/08/2026,Express,Delivered,Milan,IT,Amsterdam,NL,E-Commerce,9.49,69.82,EUR,2.0,2
ORD-100664,Vantage,22/01/2026,Standard,Delivered,Gothenburg,SE,Cologne,DE,Retail,22.42,871.16,SEK,2.0,4
ORD-103006,Vantage Freight Ltd,"Jan 23, 2026",Economy,Delivered,Hamburg,DE,Helsinki,FI,E-Commerce,6.68,30.2,EUR,7.0,7
ORD-100511,Baltica Logistics A/S,2026-04-14 00:00:00,Standard,Delayed,Barcelona,ES,Krakow,PL,E-Commerce,25.01,71.95,EUR,5.0,4
ORD-104521,hanseatic line,"Mar 19, 2026",Standard,Delayed,Gothenburg,SE,Turin,IT,Retail,16.94,80.09,EUR,5.0,4
ORD-102706,Vantage Freight Ltd,2026-03-23 00:00:00,Standard,Delivered,Barcelona,ES,Amsterdam,NL,Retail,50.26,139.38,USD,2.0,4
ORD-104547,Vantage Freight Ltd,2026-06-08 00:00:00,Standard,Delivered,Hamburg,DE,London,GB,Industrial,11.41,52.7,EUR,4.0,4
ORD-100921,Meridian Express,2026-01-09 00:00:00,Standard,Delayed,Gothenburg,SE,Madrid,ES,Industrial,23.38,73.85,USD,5.0,4
ORD-100212,vantage freight,08/05/2026,Standard,Delivered,Hamburg,DE,Gdansk,PL,Retail,30.58,101.15,USD,4.0,4
ORD-104931,Vantage Freight Ltd,2026-04-07 00:00:00,Standard,Delivered,Gothenburg,SE,Vienna,AT,Retail,78.82,172.32,USD,4.0,4
ORD-104194,Kestrel Parcels AB,05/01/2026,Economy,Delivered,Rotterdam,NL,Paris,FR,Retail,9.95,41.17,EUR,5.0,7
ORD-100115,Nordfrakt AB,"Jan 07, 2026",Standard,Delivered,Rotterdam,NL,Bergen,NO,E-Commerce,11.52,53.07,EUR,3.0,4
ORD-102955,baltica,2026-08-31,Express,Delayed,Milan,IT,Warsaw,PL,E-Commerce,7.43,953.3,EUR,3.0,2
ORD-103092,Vantage Freight,30/03/2026,Standard,Delivered,Gothenburg,SE, Malmo ,SE,E-Commerce,41.38,90.64,EUR,2.0,4
ORD-103624,Nordfrakt,01/06/2026,Economy,Delivered,Gothenburg,SE,Amsterdam,NL,Retail,17.98,43.74,USD,4.0,7
ORD-100491,Hanseatic Lines,"Jun 22, 2026",Standard,Delayed,Barcelona,ES,Berlin,DE,Wholesale,15.39,47.71,EUR,5.0,4
ORD-103556, Nordfrakt ,22/03/2026,Standard,Delivered,Gothenburg,SE,Aarhus,DK,Industrial,23.81,62.42,EUR,2.0,4
ORD-100377,Vantage Freight Ltd,"Apr 14, 2026",Standard,Delivered,Gothenburg,SE,Lyon,FR,E-Commerce,18.43,58.73,EUR,4.0,4
ORD-100231,vantage freight,2026-06-15 00:00:00,Standard,Delivered,Rotterdam,NL,Lyon,FR,Retail,43.04,1059.32,SEK,3.0,4
ORD-101429,Baltica Logistics,07/05/2026,Express,Delayed,Gothenburg,SE,Valencia,ES,Industrial,38.18,191.53,EUR,3.0,2
ORD-100672,KESTREL PARCEL,"Feb 13, 2026",Standard,Delayed,Gothenburg,SE,London,GB,Industrial,16.41,778.41,SEK,5.0,4
ORD-103747,Baltica Logistics,"Aug 23, 2026",Standard,DELIVERED,Gothenburg,SE,Zurich,CH,Retail,37.16,104.19,EUR,4.0,4
ORD-100422,Nordfrakt,2026-04-27,Standard,Delivered,Rotterdam,NL,Cologne,DE,Retail,33.56,93.74,EUR,3.0,4
ORD-104365,nordfrakt,"Jun 04, 2026",Express,Delivered,Rotterdam,NL,Munich,DE,Retail,12.09,123.73,USD,2.0,2
ORD-104286,Vantage Freight,30/03/2026,Economy,Delivered,Milan,IT,Frankfurt,DE,Retail,11.6,36.71,EUR,4.0,7
ORD-102646,nordfrakt,2026-01-06,Standard,Delivered,Barcelona,ES, Vienna ,AT,Wholesale,21.47,69.96,EUR,4.0,4
ORD-101727,Vantage Freight Ltd,2026-01-07,Standard,Delivered,Hamburg,DE,Bergen,NO,Retail,15.95,71.87,EUR,3.0,4
ORD-100722,KESTREL PARCEL,2026-06-08 00:00:00,Standard,Delayed,Rotterdam,NL,Krakow,PL,Industrial,12.15,56.98,EUR,6.0,4
ORD-103846,Baltica Logistics,"Apr 28, 2026",Economy,Delivered,Gothenburg,SE,Gothenburg,SE,E-Commerce,22.01,47.64,USD,3.0,7
ORD-102773,Kestrel Parcel,"Mar 23, 2026",Economy,Delivered,Barcelona,ES,Munich,DE,Wholesale,19.35,44.71,EUR,,7
ORD-103421,Kestrel Parcels AB,2026-05-07 00:00:00,Economy,Delivered,Rotterdam,NL,Oslo,NO,E-Commerce,25.96,47.43,EUR,6.0,7
ORD-104077,Baltica Logistics,2026-01-26 00:00:00,Express,Delivered,Hamburg,DE,Munich,DE,E-Commerce,64.89,210.67,EUR,2.0,2
ORD-104297,Nordfrakt,2026-04-27 00:00:00,Standard,Delayed,Milan,IT,London,GB,E-Commerce,49.41,116.28,EUR,5.0,4
ORD-102519,Nordfrakt AB,31/08/2026,Standard,Delivered,Gothenburg,SE,Gothenburg,SE,E-Commerce,49.2,105.56,EUR,2.0,4
ORD-100635,nordfrakt,12/03/2026,Economy,Delivered,Hamburg,DE,Cologne,DE,E-Commerce,71.74,96.54,EUR,4.0,7
ORD-100981,Nordfrakt AB,2026-03-23 00:00:00,Economy,In Transit,Milan,IT,Graz,AT,E-Commerce,43.95,69.71,USD,5.0,7
ORD-103480,vantage freight,13/05/2026,Economy,Delivered,Rotterdam,NL,Geneva,CH,Wholesale,48.55,58.51,EUR,5.0,7
ORD-100315,baltica,2026-02-26 00:00:00,Standard,Delivered,Rotterdam,NL,Gothenburg,SE,Retail,8.63,48.68,EUR,2.0,4
ORD-103462,MERIDIAN EXPRESS,2026-06-20,Economy,Delivered,Gothenburg,SE,Malmo,SE,Retail,47.97,70.07,USD,3.0,7
ORD-104958,Baltica Logistics A/S,2026-07-20,Express,Delivered,Milan,IT,Gothenburg,SE,Industrial,10.91,80.37,EUR,1.0,2
ORD-102172, Meridian Express,2026-08-31,Economy,Delivered,Rotterdam,NL,Gdansk,PL,Wholesale,17.03,47.84,USD,6.0,7
ORD-100742,Nordfrakt,12/02/2026,Economy,Delivered,Rotterdam,NL,Stockholm,SE,E-Commerce,47.15,69.21,USD,3.0,7
ORD-102730,Meridian Expr,10/08/2026,Standard,Delivered,Gothenburg,SE,Brno,CZ,E-Commerce,38.65,1076.66,SEK,3.0,4
ORD-100360,Kestrel Parcels AB,"Jun 08, 2026",Standard,Delayed,Milan,IT,London,GB,E-Commerce,27.4,71.09,EUR,5.0,4
ORD-103869,KESTREL PARCEL,26/03/2026,Economy,Delayed,Milan,IT,Rome,IT,Wholesale,11.49,44.06,USD,9.0,7
ORD-101883,Hanseatic Line,08/06/2026,Standard,Delivered,Rotterdam,NL,Gothenburg,SE,E-Commerce,12.41,46.55,EUR,3.0,4
ORD-104153,Meridian Express,"Aug 19, 2026",Standard,Delivered,Rotterdam,NL,Copenhagen,DK,Retail,30.32,78.71,EUR,3.0,4
ORD-102532, Nordfrakt ,2026-07-21 00:00:00,Standard,Delivered,Hamburg,DE,Oslo,NO,Industrial,40.01,99.55,EUR,3.0,4
ORD-100667,Baltica Logistics A/S,2026-06-16,Standard,Delivered,Barcelona,ES,Bergen,NO,Wholesale,11.23,51.98,EUR,3.0,4
ORD-101086,baltica,2026-05-15 00:00:00,Standard,Delayed,Barcelona,ES,Tampere,FI,E-Commerce,31.16,,EUR,5.0,4
ORD-102395,Kestrel Parcels AB,2026-02-24 00:00:00,Standard,Delivered,Rotterdam,NL,Berlin,DE,E-Commerce,13.49,59.89,EUR,4.0,4
ORD-104072,Nordfrakt AB,"Jun 01, 2026",Express,Delivered,Gothenburg,SE,Aarhus,DK,E-Commerce,49.39,193.51,EUR,2.0,2
ORD-104766,Vantage Freight Ltd,2026-01-08 00:00:00,Standard,Delivered,Milan,IT,Amsterdam,NL,Wholesale,21.33,69.04,USD,3.0,4
ORD-104618,vantage freight,2026-02-11 00:00:00,Standard,Delivered,Gothenburg,SE,Helsinki,FI,Retail,47.65,110.81,EUR,4.0,4
ORD-103933,Meridian Express,"Apr 05, 2026",Express,Cancelled,Rotterdam,NL,Frankfurt,DE,Industrial,5.12,95.21,USD,,2
ORD-100423,Hanseatic Line,2026-01-14 00:00:00,Standard,Delayed,Rotterdam,NL,Warsaw,PL,Industrial,5.13,39.34,EUR,7.0,4
ORD-103610,Vantage Freight,2026-01-02 00:00:00,Standard,Delivered,Hamburg,DE,Copenhagen,DK,Retail,21.88,67.34,EUR,2.0,4
ORD-103132,MERIDIAN EXPRESS,"Apr 22, 2026",Standard,Delivered,Rotterdam,NL,Amsterdam,NL,Wholesale,56.02,92.01,EUR,2.0,4
ORD-103263,Kestrel Parcel,2026-06-17,Standard,Delivered,Gothenburg,SE, Prague ,CZ,E-Commerce,15.3,67.06,EUR,4.0,4
ORD-102938,Meridian Expr,2026-07-09 00:00:00,Express,Delivered,Hamburg,DE,Eindhoven,NL,Wholesale,22.4,94.05,EUR,2.0,2
ORD-104430,Meridian Expr,20/07/2026,Economy,Delivered,Gothenburg,SE,Turin,IT,E-Commerce,12.09,453.58,SEK,7.0,7
ORD-102578,kestrel,15/08/2026,Economy,Delivered,Gothenburg,SE,Paris,FR,E-Commerce,19.83,595.73,SEK,7.0,7
ORD-100048,Meridian Express,"Mar 09, 2026",Economy,Delivered,Rotterdam,NL,Berlin,DE,E-Commerce,57.04,74.14,EUR,4.0,7
ORD-104964,hanseatic line,01/08/2026,Express,Cancelled,Gothenburg,SE, Stockholm ,SE,Retail,27.16,109.54,EUR,,2
ORD-101422,Vantage,2026-01-19 00:00:00,Economy,Delivered,Milan,IT,Munich,DE,Wholesale,39.22,61.76,EUR,5.0,7
ORD-104304,Meridian Express,03/03/2026,Standard,Delivered,Gothenburg,SE,Lyon,FR,Retail,49.74,92.32,EUR,3.0,4
ORD-100492,Meridian Express,"Apr 18, 2026",Express,Delivered,Hamburg,DE,Manchester,GB,Industrial,50.87,2633.25,SEK,2.0,2
ORD-101242, Meridian Express,2026-08-11 00:00:00,Standard,Delivered,Barcelona,ES, Zurich ,CH,E-Commerce,27.97,70.85,USD,3.0,4
ORD-100721,vantage freight,"Jul 25, 2026",Express,Delivered,Gothenburg,SE,Eindhoven,NL,E-Commerce,50.24,194.76,EUR,1.0,2
ORD-102757,Nordfrakt AB,"Feb 12, 2026",Express,Delivered,Rotterdam,NL,Helsinki,FI,Retail,9.37,100.95,EUR,2.0,2
ORD-100100,Nordfrakt,"Jun 01, 2026",Economy,Delivered,Gothenburg,SE,Rome,IT,Wholesale,43.43,68.58,USD,6.0,7
ORD-103349,kestrel,2026-05-04 00:00:00,Express,Delivered,Rotterdam,NL,Graz,AT,E-Commerce,48.58,214.12,USD,2.0,2
ORD-104348,Vantage Freight Ltd,"Apr 27, 2026",Standard,Delayed,Rotterdam,NL,Geneva,CH,E-Commerce,63.75,129.05,EUR,5.0,4
ORD-104861,Hanseatic Line,2026-05-29 00:00:00,Standard,Delayed,Rotterdam,NL, Tampere ,FI,Retail,30.18,87.84,EUR,6.0,4
ORD-100513,Kestrel Parcel,2026-05-25,Standard,Delayed,Gothenburg,SE, Valencia ,ES,Wholesale,16.23,74.21,EUR,7.0,4
ORD-102605,Meridian Express,"Apr 19, 2026",Standard,Delivered,Rotterdam,NL,Prague,CZ,Wholesale,24.99,76.3,EUR,2.0,4
ORD-100644,MERIDIAN EXPRESS,2026-04-27,Standard,Delivered,Gothenburg,SE,Turin,IT,Industrial,10.26,57.96,EUR,3.0,4
ORD-100190,Kestrel Parcel,2026-03-11 00:00:00,Standard,Delivered,Barcelona,ES,Berlin,DE,Wholesale,12.11,622.93,SEK,4.0,4
ORD-101125,Nordfrakt,07/06/2026,Standard,Delivered,Gothenburg,SE,Turin,IT,Retail,19.77,80.42,EUR,3.0,4
ORD-101118,nordfrakt,2026-04-02 00:00:00,Standard,Delivered,Hamburg,DE, Copenhagen ,DK,Retail,22.48,70.55,EUR,2.0,4
ORD-103553,Vantage,2026-03-27 00:00:00,Express,Delivered,Hamburg,DE, Berlin ,DE,Industrial,43.85,188.77,EUR,2.0,2
ORD-102858,Nordfrakt,2026-04-02,Economy,Delivered,Gothenburg,SE,Berlin,DE,Industrial,27.15,58.6,EUR,3.0,7
ORD-102654,Meridian Expr,11/06/2026,Economy,Delivered,Rotterdam,NL,Helsinki,FI,E-Commerce,20.07,53.3,EUR,6.0,7
ORD-102796,KESTREL PARCEL,2026-06-22 00:00:00,Economy,Delivered,Rotterdam,NL,London,GB,Industrial,41.33,863.08,SEK,6.0,7
ORD-100712,Nordfrakt,04/04/2026,Standard,Delivered,Hamburg,DE,Cologne,DE,Retail,27.58,85.88,EUR,3.0,4
ORD-102784, Meridian Express,2026-07-14,Economy,Delivered,Milan,IT,Manchester,GB,Wholesale,29.45,57.19,EUR,6.0,7
ORD-102872,Vantage Freight,2026-05-25 00:00:00,Express,Delivered,Milan,IT,Manchester,GB,Wholesale,16.38,114.75,EUR,2.0,2
ORD-104608, Nordfrakt ,2026-06-22 00:00:00,Economy,Delivered,Gothenburg,SE,Gothenburg,SE,Wholesale,44.13,54.64,EUR,3.0,7
ORD-100243,Kestrel Parcels AB,2026-02-20,Economy,Delivered,Milan,IT,Brno,CZ,Wholesale,34.01,71.66,EUR,6.0,7
ORD-101997,baltica,28/08/2026,Express,Delayed,Gothenburg,SE, Prague ,CZ,E-Commerce,7.09,103.93,EUR,3.0,2
ORD-103194, Meridian Express,11/04/2026,Economy,Delivered,Rotterdam,NL,Stockholm,SE,Industrial,4.49,28.23,EUR,2.0,7
ORD-103400, Nordfrakt ,2026-05-21 00:00:00,Economy,Delivered,Gothenburg,SE,Bergen,NO,E-Commerce,18.83,44.15,EUR,4.0,7
ORD-103925,Baltica Logistics,"Jan 08, 2026",Standard,Delivered,Hamburg,DE,Valencia,ES,E-Commerce,20.67,87.83,USD,4.0,4
ORD-101440,vantage freight,04/05/2026,Standard,DELIVERED,Hamburg,DE,Tampere,FI,Retail,33.09,,EUR,4.0,4
ORD-101153,vantage freight,2026-07-13 00:00:00,Standard,Delivered,Gothenburg,SE,Munich,DE,E-Commerce,57.87,119.38,USD,3.0,4
ORD-104840, Meridian Express,2026-04-23,Economy,Delivered,Milan,IT,Stockholm,SE,Industrial,49.22,67.22,EUR,3.0,7
ORD-101627,nordfrakt,"Jan 15, 2026",Standard,Delayed,Barcelona,ES,Madrid,ES,E-Commerce,29.47,72.3,EUR,5.0,4
ORD-104042,Kestrel Parcels AB,2026-04-22,Standard,Delivered,Hamburg,DE,Copenhagen,DK,E-Commerce,11.1,41.5,USD,3.0,4
ORD-104425,baltica,2026-06-23,Standard,Delivered,Hamburg,DE,Gothenburg,SE,Wholesale,22.95,70.51,EUR,2.0,4
ORD-104542,Baltica Log.,2026-07-22 00:00:00,Standard,Delivered,Hamburg,DE,Stockholm,SE,Industrial,46.84,83.95,EUR,2.0,4
ORD-102755,Kestrel Parcel,"Jun 22, 2026",Economy,Delivered,Milan,IT, Tampere ,FI,Retail,5.2,28.76,EUR,5.0,7
ORD-100002,Nordfrakt,2026-02-23 00:00:00,Standard,Delivered,Rotterdam,NL,Paris,FR,Industrial,25.28,87.18,EUR,2.0,4
ORD-104215,nordfrakt,28/08/2026,Standard,Delivered,Rotterdam,NL,Valencia,ES,E-Commerce,32.47,91.56,EUR,4.0,4
ORD-103242,vantage freight,2026-07-06 00:00:00,Express,Delivered,Gothenburg,SE,Frankfurt,DE,E-Commerce,24.42,122.1,EUR,2.0,2
ORD-103984,Baltica Log.,15/06/2026,Standard,Delivered,Hamburg,DE,Gothenburg,SE,Retail,68.12,140.38,USD,,4
ORD-100653,Baltica Logistics,2026-05-18,Economy,Delivered,Gothenburg,SE,Cologne,DE,E-Commerce,30.92,42.7,EUR,5.0,7
ORD-102937,vantage freight,2026-04-01,Economy,Delivered,Hamburg,DE,Vienna,AT,Retail,15.72,45.89,EUR,5.0,7
ORD-103106, Meridian Express,2026-06-16,Express,Delivered,Gothenburg,SE,Manchester,GB,Retail,28.11,154.47,USD,2.0,2
ORD-101859,Kestrel Parcel,"Apr 08, 2026",Standard,Delayed,Barcelona,ES,Rome,IT,E-Commerce,18.26,82.99,USD,5.0,4
ORD-102987,Baltica Log.,2026-05-04 00:00:00,Express,Delivered,Rotterdam,NL,Berlin,DE,Wholesale,26.13,140.12,EUR,2.0,2
ORD-104712,Nordfrakt AB,"Jun 30, 2026",Express,Delivered,Barcelona,ES,Munich,DE,Industrial,18.9,105.27,EUR,2.0,2
ORD-101726,KESTREL PARCEL,"Aug 04, 2026",Standard,Delivered,Milan,IT,Munich,DE,Retail,34.97,79.5,EUR,3.0,4
ORD-100037,baltica,"May 29, 2026",Standard,Delivered,Milan,IT,Copenhagen,DK,Wholesale,10.74,52.26,USD,2.0,4
ORD-100744,Hanseatic Line,2026-05-11 00:00:00,Express,Delayed,Rotterdam,NL,Manchester,GB,Wholesale,30.67,168.51,EUR,4.0,2
ORD-102683,baltica,"May 20, 2026",Standard,Delivered,Gothenburg,SE,Vienna,AT,E-Commerce,4.69,473.69,SEK,3.0,4
ORD-102790,Meridian Expr,28/07/2026,Standard,Delivered,Hamburg,DE,Paris,FR,E-Commerce,68.5,151.04,EUR,3.0,4
ORD-102287,Meridian Expr,"May 25, 2026",Economy,Delivered,Gothenburg,SE,Brno,CZ,Wholesale,12.09,54.11,USD,6.0,7
ORD-102389,Kestrel Parcels AB,2026-06-23,Standard,Delivered,Rotterdam,NL,Vienna,AT,Wholesale,20.78,877.66,SEK,3.0,4
ORD-103425,MERIDIAN EXPRESS,2026-08-21 00:00:00,Express,Delivered,Hamburg,DE,Aarhus,DK,Wholesale,31.16,,EUR,2.0,2
ORD-101715,Baltica Logistics A/S,2026-06-26 00:00:00,Express,Delivered,Milan,IT,Cologne,DE,Retail,25.45,117.57,EUR,2.0,2
ORD-104236,nordfrakt,2026-08-01 00:00:00,Standard,Delivered,Gothenburg,SE,Copenhagen,DK,Industrial,22.64,60.49,EUR,2.0,4
ORD-102347,Meridian Expr,2026-04-18,Standard,Delivered,Gothenburg,SE, Graz ,AT,Wholesale,5.26,51.76,USD,3.0,4
ORD-103955,Baltica Log.,"Jul 31, 2026",Standard,Delayed,Gothenburg,SE,Tampere,FI,Wholesale,47.99,111.45,EUR,6.0,4
ORD-102090,Baltica Log.,"Jul 01, 2026",Economy,Delivered,Barcelona,ES,Valencia,ES,Industrial,16.79,51.46,EUR,6.0,7
ORD-100070,Nordfrakt AB,2026-05-11,Standard,Delivered,Barcelona,ES,Stockholm,SE,Retail,88.73,1784.88,SEK,2.0,4
ORD-100060,vantage freight,20/07/2026,Express,Delivered,Rotterdam,NL,Malmo,SE,Wholesale,38.38,117.7,EUR,1.0,2
ORD-101057,Meridian Expr,2026-04-28,Economy,Delivered,Hamburg,DE,Prague,CZ,E-Commerce,18.77,50.2,USD,5.0,7
ORD-100336,KESTREL PARCEL,11/08/2026,Standard,Delivered,Barcelona,ES,Turin,IT,E-Commerce,7.94,63.01,USD,4.0,4
ORD-100578,Kestrel Parcels AB,06/07/2026,Standard,Delivered,Gothenburg,SE,Graz,AT,Wholesale,45.31,101.31,EUR,4.0,4
ORD-104329,KESTREL PARCEL,"Jun 26, 2026",Standard,Delayed,Rotterdam,NL, Krakow ,PL,Wholesale,27.69,85.09,USD,5.0,4
ORD-103384,Vantage,13/05/2026,Standard,Delivered,Rotterdam,NL,Lyon,FR,E-Commerce,26.28,78.68,USD,4.0,4
ORD-104420,Nordfrakt AB,2026-04-01,Express,Delivered,Hamburg,DE,Malmo,SE,E-Commerce,5.98,64.45,USD,1.0,2
ORD-101015, Nordfrakt ,03/06/2026,Express,Delivered,Gothenburg,SE,Munich,DE,Industrial,13.17,86.4,EUR,2.0,2
ORD-100968,Baltica Log.,20/07/2026,Standard,Delivered,Hamburg,DE,Zurich,CH,Industrial,38.92,1120.86,SEK,4.0,4
ORD-101276,Vantage,"Feb 24, 2026",Express,Delayed,Milan,IT,Turin,IT,Retail,13.75,128.49,EUR,3.0,2
ORD-102940,Baltica Log.,2026-03-30 00:00:00,Standard,Delivered,Hamburg,DE,Madrid,ES,Wholesale,39.52,79.41,EUR,,4
ORD-103437,kestrel,"Feb 25, 2026",Express,In Transit,Milan,IT,Gothenburg,SE,Industrial,10.13,94.65,EUR,1.0,2
ORD-103759,MERIDIAN EXPRESS,2026-01-02 00:00:00,Standard,Delivered,Barcelona,ES,London,GB,E-Commerce,61.46,142.35,USD,3.0,4
ORD-102154,Hanseatic Lines,"Mar 22, 2026",Standard,Delayed,Hamburg,DE,London,GB,Industrial,58.6,121.32,EUR,6.0,4
ORD-100785,Kestrel Parcels AB,2026-01-19 00:00:00,Standard,Delivered,Milan,IT,Oslo,NO,Industrial,30.38,79.97,EUR,3.0,4
ORD-100609,Vantage Freight Ltd,2026-06-14 00:00:00,Standard,Delivered,Rotterdam,NL,Prague,CZ,Industrial,8.94,53.64,EUR,4.0,4
ORD-101732,MERIDIAN EXPRESS,2026-03-20,Standard,Delivered,Rotterdam,NL,Warsaw,PL,Wholesale,51.48,95.28,EUR,4.0,4
ORD-100342,Nordfrakt AB,2026-02-05 00:00:00,Economy,Delivered,Rotterdam,NL,London,GB,Wholesale,49.99,79.17,EUR,5.0,7
ORD-100985, Nordfrakt ,22/02/2026,Standard,Delivered,Gothenburg,SE, Oslo ,NO,Industrial,36.05,106.43,USD,3.0,4
ORD-103054,Vantage Freight,07/05/2026,Economy,Delivered,Rotterdam,NL,Berlin,DE,E-Commerce,37.94,56.59,EUR,4.0,7
ORD-104898,Baltica Logistics A/S,2026-04-20,Standard,Delivered,Gothenburg,SE,Krakow,PL,Wholesale,36.24,105.81,USD,3.0,4
ORD-104594,Vantage,2026-02-02,Economy,Delivered,Rotterdam,NL,Gothenburg,SE,Industrial,52.52,810.45,SEK,3.0,7
ORD-102379,nordfrakt,"Feb 23, 2026",Standard,Delivered,Milan,IT,Zurich,CH,Wholesale,17.5,75.9,USD,3.0,4
ORD-101961,Baltica Logistics,2026-08-25 00:00:00,Economy,Delivered,Hamburg,DE,Gothenburg,SE,Wholesale,19.08,37.59,EUR,4.0,7
ORD-100855,Meridian Express,10/06/2026,Standard,Delayed,Hamburg,DE,Madrid,ES,E-Commerce,7.06,66.43,EUR,5.0,4
ORD-100445,Vantage,2026-02-27 00:00:00,Express,Delivered,Gothenburg,SE,Munich,DE,Retail,6.63,82.25,EUR,1.0,2
ORD-103788,nordfrakt,2026-08-18 00:00:00,Standard,Delivered,Hamburg,DE,Lyon,FR,E-Commerce,56.74,121.35,EUR,4.0,4
ORD-104974,Baltica Log.,"May 14, 2026",Express,Delivered,Rotterdam,NL,Stockholm,SE,Retail,22.01,104.75,EUR,1.0,2
ORD-101932,KESTREL PARCEL,"Jun 02, 2026",Express,Delivered,Gothenburg,SE,Amsterdam,NL,Wholesale,15.0,96.94,EUR,2.0,2
ORD-104399,Baltica Logistics,27/02/2026,Express,Delivered,Gothenburg,SE,Malmo,SE,Wholesale,22.53,100.93,EUR,1.0,2
ORD-103148,Baltica Logistics,2026-08-26,Express,Delivered,Gothenburg,SE,Copenhagen,DK,Retail,31.16,159.95,USD,2.0,2
ORD-103223,nordfrakt,2026-04-30,Express,Delivered,Gothenburg,SE,Gothenburg,SE,Wholesale,26.07,107.69,EUR,1.0,2
ORD-102027,vantage freight,2026-08-04 00:00:00,Express,Delivered,Milan,IT,Gdansk,PL,Wholesale,32.17,,EUR,2.0,2
ORD-104351,Kestrel Parcel,2026-01-05 00:00:00,Standard,Delivered,Barcelona,ES,Tampere,FI,Retail,48.51,115.11,EUR,4.0,4
ORD-102862,MERIDIAN EXPRESS,2026-06-02,Economy,Cancelled,Hamburg,DE,Vienna,AT,E-Commerce,77.29,93.1,EUR,,7
ORD-101539,vantage freight,2026-02-04,Standard,Delivered,Gothenburg,SE,Oslo,NO,Industrial,30.7,79.55,EUR,4.0,4
ORD-102688,nordfrakt,2026-02-16,Express,Delivered,Gothenburg,SE,Manchester,GB,E-Commerce,23.25,1427.5,SEK,2.0,2
ORD-100498,HANSEATIC,22/07/2026,Standard,Delayed,Rotterdam,NL,Bergen,NO,Retail,42.35,90.23,EUR,5.0,4
ORD-102572,Meridian Express,2026-04-06 00:00:00,Express,DELAYED,Gothenburg,SE,Turin,IT,Wholesale,26.29,1575.74,SEK,3.0,2
ORD-100190,Kestrel Parcel,2026-03-11 00:00:00,Standard,Delivered,Barcelona,ES,Berlin,DE,Wholesale,12.11,622.93,SEK,4.0,4
ORD-100740,Meridian Expr,25/05/2026,Standard,Delivered,Barcelona,ES,Lyon,FR,Retail,50.53,122.2,EUR,3.0,4
ORD-104318,nordfrakt,2026-06-11,Economy,DELIVERED,Gothenburg,SE,Lyon,FR,Retail,10.99,45.0,USD,5.0,7
ORD-101244,Kestrel Parcels AB,24/06/2026,Express,Delivered,Rotterdam,NL,Marseille,FR,Wholesale,76.45,3104.18,SEK,1.0,2
ORD-104933,Nordfrakt,2026-05-29 00:00:00,Express,Delivered,Gothenburg,SE,Turin,IT,Wholesale,73.15,2776.44,SEK,2.0,2
ORD-104375,Nordfrakt AB,15/01/2026,Economy,Delivered,Gothenburg,SE,Malmo,SE,Retail,27.64,35.34,EUR,2.0,7
ORD-104285,Vantage,27/04/2026,Standard,Delivered,Hamburg,DE,Amsterdam,NL,Industrial,4.23,31.49,EUR,2.0,4
ORD-103494,Baltica Logistics,2026-07-23,Standard,Delayed,Barcelona,ES,Valencia,ES,Industrial,41.99,130.89,EUR,5.0,4
ORD-101791,Kestrel Parcels AB,"Jun 29, 2026",Economy,Delivered,Hamburg,DE,Geneva,CH,Wholesale,90.39,106.41,EUR,6.0,7
ORD-102261,Nordfrakt,"Aug 31, 2026",Economy,Delivered,Rotterdam,NL,Madrid,ES,Retail,20.17,50.52,EUR,5.0,7
ORD-103170,Vantage,2026-02-09,Standard,In Transit,Milan,IT,Eindhoven,NL,E-Commerce,9.39,36.99,EUR,2.0,4
ORD-102288,Meridian Express,"Jul 28, 2026",Standard,Delivered,Hamburg,DE,Stockholm,SE,E-Commerce,11.35,36.87,EUR,2.0,4
ORD-102655,hanseatic line,2026-01-05 00:00:00,Economy,Delivered,Rotterdam,NL,Lyon,FR,Industrial,14.35,42.6,EUR,6.0,7
ORD-100150,Vantage Freight Ltd,2026-06-15,Standard,Cancelled,Milan,IT,Stockholm,SE,E-Commerce,23.43,763.57,SEK,,4
ORD-104080,nordfrakt,2026-07-10 00:00:00,Standard,Delivered,Rotterdam,NL,Lyon,FR,Retail,2.82,40.83,EUR,3.0,4
ORD-103801,Baltica Logistics,2026-01-14,Standard,Delayed,Gothenburg,SE,Gdansk,PL,Wholesale,12.97,64.99,EUR,5.0,4
ORD-104603,Vantage Freight Ltd,"Apr 20, 2026",Economy,Delivered,Gothenburg,SE,Lyon,FR,Wholesale,18.6,48.33,USD,6.0,7
ORD-104760,nordfrakt,2026-08-13,Economy,Delivered,Hamburg,DE,Warsaw,PL,E-Commerce,24.27,46.93,EUR,5.0,7
ORD-103663,Meridian Express,2026-08-11,Express,Delivered,Hamburg,DE,Malmo,SE,Retail,48.82,171.35,EUR,1.0,2
ORD-103580,Baltica Logistics A/S,2026-06-29 00:00:00,Standard,Delivered,Gothenburg,SE,Malmo,SE,Wholesale,14.43,42.65,EUR,2.0,4
ORD-103709,nordfrakt,2026-06-10,Economy,Cancelled,Hamburg,DE,Bergen,NO,E-Commerce,15.84,46.17,EUR,,7
ORD-104685,vantage freight,"Apr 06, 2026",Express,Delayed,Gothenburg,SE,Helsinki,FI,E-Commerce,8.25,134.68,USD,3.0,2
ORD-103224,Meridian Express,28/01/2026,Economy,Delivered,Hamburg,DE,Tampere,FI,Wholesale,10.2,39.14,EUR,5.0,7
ORD-100420,Nordfrakt AB,2026-07-23,Economy,Delivered,Gothenburg,SE,Frankfurt,DE,Retail,13.12,41.94,EUR,4.0,7
ORD-103911,nordfrakt,"Aug 15, 2026",Standard,Delivered,Gothenburg,SE,Oslo,NO,Retail,21.15,63.94,EUR,3.0,4
ORD-100340,Baltica Log.,12/02/2026,Economy,Delivered,Milan,IT,Cologne,DE,Wholesale,24.19,58.33,EUR,5.0,7
ORD-100884,Nordfrakt,21/05/2026,Economy,Delivered,Gothenburg,SE,Madrid,ES,Wholesale,24.82,56.09,EUR,6.0,7
ORD-103975,KESTREL PARCEL,2026-03-16 00:00:00,Standard,Delivered,Rotterdam,NL,Berlin,DE,Wholesale,18.85,723.55,SEK,3.0,4
ORD-102968,Hanseatic Line,"Mar 31, 2026",Standard,Delayed,Rotterdam,NL,Marseille,FR,Retail,27.32,84.51,EUR,6.0,4
ORD-104972,Baltica Logistics A/S,2026-06-03 00:00:00,Economy,Delivered,Rotterdam,NL,Stockholm,SE,Wholesale,90.04,102.09,EUR,3.0,7
ORD-100098,Meridian Express,2026-02-13 00:00:00,Express,Delivered,Rotterdam,NL,Malmo,SE,Wholesale,36.46,178.12,USD,1.0,2
ORD-102753,Nordfrakt AB,23/02/2026,Standard,Delivered,Gothenburg,SE,Aarhus,DK,E-Commerce,55.32,131.01,USD,2.0,4
ORD-101039,Baltica Log.,"May 29, 2026",Standard,Delayed,Hamburg,DE,Gdansk,PL,E-Commerce,21.4,71.42,USD,5.0,4
ORD-104651,hanseatic line,2026-08-24 00:00:00,Standard,Delivered,Rotterdam,NL,Eindhoven,NL,E-Commerce,25.29,61.14,EUR,4.0,4
ORD-101730,Vantage Freight,2026-05-04 00:00:00,Standard,Delivered,Rotterdam,NL,Frankfurt,DE,E-Commerce,19.24,74.87,USD,3.0,4
ORD-104875, Nordfrakt ,02/03/2026,Economy,Delivered,Rotterdam,NL,Eindhoven,NL,E-Commerce,21.76,57.82,EUR,3.0,7
ORD-102405,Vantage Freight Ltd,2026-05-29,Standard,Delivered,Gothenburg,SE, Manchester ,GB,E-Commerce,55.5,116.39,USD,4.0,4
ORD-103025,Vantage Freight Ltd,09/02/2026,Express,Delivered,Rotterdam,NL,Frankfurt,DE,E-Commerce,12.52,111.62,EUR,2.0,2
ORD-100670,Nordfrakt,2026-08-05,Economy,Delivered,Rotterdam,NL,Aarhus,DK,Industrial,27.08,40.27,EUR,3.0,7
ORD-100713,Vantage Freight,"Apr 24, 2026",Express,Delivered,Gothenburg,SE, Frankfurt ,DE,E-Commerce,44.92,199.57,EUR,2.0,2
ORD-100416, Meridian Express,2026-08-17,Standard,Delivered,Barcelona,ES,Graz,AT,E-Commerce,4.09,59.79,EUR,3.0,4
ORD-103863,vantage freight,2026-01-30,Standard,Delivered,Rotterdam,NL,Manchester,GB,E-Commerce,30.37,97.65,USD,4.0,4
ORD-104918, Nordfrakt ,2026-06-08,Economy,Delivered,Gothenburg,SE,Munich,DE,Wholesale,35.69,60.23,EUR,4.0,7
ORD-101289,Nordfrakt,2026-02-05,Standard,Delivered,Rotterdam,NL,Oslo,NO,E-Commerce,37.95,996.04,SEK,3.0,4
ORD-102057,Baltica Logistics A/S,"Apr 10, 2026",Standard,Delivered,Hamburg,DE,Cologne,DE,Retail,46.57,1115.11,SEK,4.0,4
ORD-102816,KESTREL PARCEL,05/03/2026,Economy,Delivered,Rotterdam,NL,Aarhus,DK,Industrial,31.7,47.55,EUR,4.0,7
ORD-103809,Vantage Freight,2026-01-28 00:00:00,Standard,Delayed,Gothenburg,SE,Tampere,FI,Wholesale,3.59,37.89,EUR,5.0,4
ORD-102609,nordfrakt,2026-05-28 00:00:00,Standard,Delivered,Gothenburg,SE,Malmo,SE,Retail,57.68,1435.9,SEK,2.0,4
ORD-103155,hanseatic line,09/06/2026,Express,Delivered,Gothenburg,SE,Aarhus,DK,Retail,7.86,72.82,USD,2.0,2
ORD-101464, Meridian Express,2026-06-11 00:00:00,Economy,Delivered,Milan,IT,Zurich,CH,Retail,111.04,122.96,EUR,5.0,7
ORD-100400,Vantage,30/08/2026,Economy,Delivered,Hamburg,DE,Copenhagen,DK,Industrial,67.34,80.26,EUR,3.0,7
ORD-101263,Kestrel Parcels AB,2026-05-26,Express,Delivered,Gothenburg,SE,Graz,AT,Industrial,56.35,215.0,USD,2.0,2
ORD-100814,KESTREL PARCEL,2026-05-04 00:00:00,Standard,DELIVERED,Rotterdam,NL,Copenhagen,DK,Industrial,27.04,98.21,USD,3.0,4
ORD-103756,Baltica Logistics A/S,"Feb 13, 2026",Express,Delivered,Milan,IT,Vienna,AT,Industrial,14.39,,USD,2.0,2
ORD-100891, Meridian Express,25/03/2026,Express,Delayed,Hamburg,DE,Geneva,CH,Wholesale,13.45,103.55,EUR,3.0,2
ORD-100648,nordfrakt,2026-08-10 00:00:00,Economy,Delivered,Milan,IT,Copenhagen,DK,E-Commerce,35.22,49.33,EUR,2.0,7
ORD-101714,Baltica Logistics A/S,"Feb 17, 2026",Standard,Delivered,Gothenburg,SE,Stockholm,SE,E-Commerce,38.0,75.99,EUR,2.0,4
ORD-101035,Vantage Freight Ltd,"Apr 12, 2026",Standard,Delivered,Gothenburg,SE,Paris,FR,E-Commerce,18.82,66.43,EUR,4.0,4
ORD-103104,Vantage Freight,2026-03-20 00:00:00,Express,Delivered,Gothenburg,SE,Malmo,SE,Wholesale,22.14,120.22,EUR,1.0,2
ORD-100219,vantage freight,2026-07-09 00:00:00,Economy,DELIVERED,Gothenburg,SE,Tampere,FI,Industrial,9.11,38.16,EUR,7.0,7
ORD-102014,MERIDIAN EXPRESS,2026-02-19,Express,Delivered,Milan,IT,Paris,FR,Industrial,33.33,148.9,EUR,1.0,2
ORD-100133,Meridian Expr,"Jan 02, 2026",Standard,Delivered,Barcelona,ES,Geneva,CH,E-Commerce,41.24,113.4,EUR,4.0,4
ORD-103032, Nordfrakt ,"Jan 05, 2026",Economy,Delivered,Gothenburg,SE,Manchester,GB,Wholesale,8.8,35.74,EUR,3.0,7
ORD-104492, Nordfrakt ,18/03/2026,Standard,Delivered,Gothenburg,SE, Zurich ,CH,Retail,11.57,661.97,SEK,4.0,4
ORD-104364,Baltica Logistics A/S,2026-01-12,Express,Delivered,Hamburg,DE,Eindhoven,NL,Retail,52.3,177.96,EUR,2.0,2
ORD-101323,Kestrel Parcel,2026-06-30,Standard,Delivered,Gothenburg,SE,Geneva,CH,Industrial,81.81,157.55,EUR,4.0,4
ORD-101538, Nordfrakt ,"Mar 23, 2026",Standard,Cancelled,Hamburg,DE,Helsinki,FI,Industrial,19.88,78.04,EUR,,4
ORD-103620,Kestrel Parcels AB,2026-08-29 00:00:00,Standard,Delivered,Hamburg,DE,Frankfurt,DE,Retail,48.6,88.64,EUR,4.0,4
ORD-103399,Vantage,"Apr 01, 2026",Standard,Delivered,Hamburg,DE,Amsterdam,NL,Wholesale,110.96,152.56,EUR,2.0,4
ORD-102352,Baltica Logistics A/S,"Mar 28, 2026",Economy,Delivered,Rotterdam,NL,Stockholm,SE,Retail,6.0,27.62,EUR,3.0,7
ORD-100600,nordfrakt,"Feb 02, 2026",Economy,Delivered,Gothenburg,SE,Tampere,FI,Retail,15.16,44.35,EUR,4.0,7
ORD-100701,baltica,"Feb 02, 2026",Economy,Delayed,Gothenburg,SE,Helsinki,FI,Retail,7.14,28.81,EUR,8.0,7
ORD-104037,Hanseatic Lines,"Feb 02, 2026",Express,Delayed,Milan,IT,London,GB,Industrial,13.09,97.9,EUR,4.0,2
ORD-102141,baltica,2026-06-24 00:00:00,Standard,Delivered,Milan,IT,Paris,FR,Wholesale,7.62,49.58,EUR,2.0,4
ORD-101814, Meridian Express,29/06/2026,Standard,Delivered,Rotterdam,NL,Amsterdam,NL,Retail,11.37,45.24,USD,2.0,4
ORD-102124,Vantage Freight Ltd,14/04/2026,Express,Delivered,Milan,IT,Stockholm,SE,Wholesale,10.09,80.74,EUR,1.0,2
ORD-103506,Kestrel Parcels AB,03/06/2026,Express,Delivered,Gothenburg,SE,Stockholm,SE,Industrial,24.74,123.36,USD,1.0,2
ORD-101637,Nordfrakt AB,"Feb 05, 2026",Express,Delivered,Gothenburg,SE,Gothenburg,SE,Wholesale,45.91,202.35,EUR,1.0,2
ORD-102333, Meridian Express,2026-05-26 00:00:00,Standard,Delivered,Gothenburg,SE,Vienna,AT,E-Commerce,21.27,693.18,SEK,3.0,4
ORD-101499,kestrel,05/06/2026,Standard,Delayed,Gothenburg,SE,Tampere,FI,Retail,26.23,69.45,EUR,,4
ORD-102857,MERIDIAN EXPRESS,2026-05-03 00:00:00,Standard,Delivered,Hamburg,DE,Prague,CZ,Wholesale,32.1,72.08,EUR,3.0,4
ORD-103414,baltica,2026-01-22,Economy,Delivered,Hamburg,DE,Berlin,DE,Retail,10.61,36.54,EUR,5.0,7
ORD-101082,baltica,2026-08-08 00:00:00,Express,Delivered,Gothenburg,SE,Gothenburg,SE,Industrial,56.5,173.22,EUR,1.0,2
ORD-101414,Baltica Logistics A/S,2026-01-16,Economy,Delivered,Barcelona,ES,London,GB,Industrial,23.87,51.1,EUR,6.0,7
ORD-100036,Kestrel Parcels AB,"Jun 15, 2026",Standard,Delayed,Barcelona,ES,Helsinki,FI,E-Commerce,17.56,87.72,EUR,5.0,4
ORD-100589,Vantage Freight,"Jun 08, 2026",Standard,Delivered,Rotterdam,NL,Eindhoven,NL,Wholesale,93.3,1669.02,SEK,2.0,4
ORD-104575,Baltica Log.,2026-04-24,Standard,Delivered,Milan,IT,Manchester,GB,Retail,30.28,68.75,EUR,4.0,4
ORD-100540,Vantage Freight,2026-03-25,Economy,Delivered,Hamburg,DE,Valencia,ES,E-Commerce,19.22,50.62,EUR,7.0,7
ORD-101420, Nordfrakt ,2026-08-04 00:00:00,Standard,Delivered,Gothenburg,SE,Vienna,AT,Retail,5.1,56.27,EUR,4.0,4
ORD-103837,Vantage Freight Ltd,24/01/2026,Express,Delayed,Hamburg,DE, Graz ,AT,Retail,30.48,1911.84,SEK,3.0,2
ORD-101971,kestrel,20/07/2026,Economy,Delivered,Rotterdam,NL,Frankfurt,DE,Industrial,23.93,56.59,EUR,5.0,7
ORD-103672,kestrel,2026-01-19,Standard,Delayed,Rotterdam,NL,Vienna,AT,Wholesale,58.79,159.0,USD,5.0,4
ORD-104844,Meridian Express,"Apr 17, 2026",Standard,Delivered,Gothenburg,SE,Marseille,FR,Retail,37.34,76.14,USD,3.0,4
ORD-100063,Nordfrakt AB,"Aug 14, 2026",Economy,Delivered,Rotterdam,NL,Tampere,FI,Industrial,29.46,56.87,EUR,6.0,7
ORD-104879,Vantage Freight,2026-04-20 00:00:00,Standard,Delivered,Rotterdam,NL,Malmo,SE,E-Commerce,23.44,74.5,USD,1.0,4
ORD-100259,Hanseatic Line,"Jan 17, 2026",Express,Delayed,Milan,IT,Aarhus,DK,Industrial,17.6,110.28,EUR,3.0,2
ORD-100705,Meridian Expr,"Jan 05, 2026",Economy,Delivered,Gothenburg,SE,Manchester,GB,Wholesale,27.38,534.65,SEK,5.0,7
ORD-104781,baltica,2026-01-20,Standard,Delayed,Hamburg,DE,Gdansk,PL,Retail,24.77,63.05,EUR,5.0,4
ORD-101506,HANSEATIC,"Jul 15, 2026",Express,Delayed,Gothenburg,SE,Berlin,DE,Retail,23.82,124.78,EUR,4.0,2
ORD-101134,vantage freight,"Feb 02, 2026",Express,Delivered,Rotterdam,NL,Marseille,FR,Wholesale,70.73,276.02,USD,2.0,2
ORD-101108,KESTREL PARCEL,"Jul 30, 2026",Economy,Delivered,Gothenburg,SE,Lyon,FR,Industrial,29.59,70.73,EUR,5.0,7
ORD-101741,Nordfrakt AB,2026-04-13 00:00:00,Standard,Delivered,Rotterdam,NL,Geneva,CH,E-Commerce,55.47,1285.78,SEK,3.0,4
ORD-101085,Nordfrakt AB,"Jun 04, 2026",Economy,Delivered,Gothenburg,SE,Eindhoven,NL,Wholesale,47.77,624.86,SEK,3.0,7
ORD-104839,Vantage Freight Ltd,25/07/2026,Express,Delivered,Gothenburg,SE,Munich,DE,Wholesale,43.71,168.08,EUR,2.0,2
ORD-102671,Nordfrakt,"Jun 15, 2026",Standard,DELIVERED,Rotterdam,NL,Brno,CZ,E-Commerce,30.58,71.92,EUR,4.0,4
ORD-104533,Hanseatic Line,2026-04-17,Standard,Delivered,Hamburg,DE, Madrid ,ES,Retail,16.19,52.61,EUR,4.0,4
ORD-102691,KESTREL PARCEL,2026-01-28 00:00:00,Express,Delayed,Gothenburg,SE,Vienna,AT,Retail,42.6,212.74,USD,3.0,2
ORD-104275, Meridian Express,2026-04-29,Standard,Delivered,Hamburg,DE,Copenhagen,DK,Wholesale,27.96,79.74,EUR,2.0,4
ORD-101657,Meridian Express,2026-06-23,Standard,Delivered,Gothenburg,SE,Malmo,SE,Retail,70.36,140.36,EUR,2.0,4
ORD-103639,Vantage Freight Ltd,2026-02-04,Standard,Delivered,Rotterdam,NL,Gdansk,PL,E-Commerce,44.59,91.79,EUR,4.0,4
ORD-102675,KESTREL PARCEL,21/01/2026,Standard,Delivered,Milan,IT,Manchester,GB,Retail,17.35,67.86,USD,4.0,4
ORD-102021,nordfrakt,26/02/2026,Standard,Delivered,Rotterdam,NL,Rome,IT,Retail,19.78,66.47,EUR,4.0,4
ORD-104085,Baltica Log.,11/02/2026,Economy,Delivered,Rotterdam,NL,Manchester,GB,Industrial,27.86,62.35,USD,6.0,7
ORD-104814,Baltica Log.,2026-04-14,Express,Delivered,Gothenburg,SE,Aarhus,DK,E-Commerce,24.67,128.66,EUR,2.0,2
ORD-101343,nordfrakt,2026-01-12,Standard,Delivered,Gothenburg,SE,Warsaw,PL,Wholesale,22.8,70.5,EUR,4.0,4
ORD-103687,MERIDIAN EXPRESS,30/07/2026,Standard,Delivered,Hamburg,DE,Prague,CZ,Wholesale,37.95,76.04,EUR,3.0,4
ORD-103018,kestrel,2026-01-23,Economy,Delivered,Barcelona,ES,Krakow,PL,Retail,28.57,49.38,EUR,7.0,7
ORD-102983, Nordfrakt ,26/05/2026,Standard,Delivered,Gothenburg,SE,Vienna,AT,Wholesale,21.99,66.06,EUR,4.0,4
ORD-103192,nordfrakt,2026-03-04,Economy,Delivered,Barcelona,ES,Turin,IT,Wholesale,42.38,71.12,EUR,4.0,7
ORD-100012,Hanseatic Lines,08/04/2026,Express,Delayed,Hamburg,DE,Geneva,CH,Industrial,20.21,98.11,EUR,3.0,2
ORD-101661,MERIDIAN EXPRESS,2026-01-30 00:00:00,Economy,Delivered,Barcelona,ES,Gothenburg,SE,E-Commerce,62.51,100.4,EUR,3.0,7
ORD-100140,Nordfrakt AB,2026-08-24 00:00:00,Economy,Delivered,Hamburg,DE,Marseille,FR,Retail,31.26,58.52,EUR,5.0,7
ORD-103683,Nordfrakt AB,"Jan 07, 2026",Economy,Delivered,Gothenburg,SE,Oslo,NO,Industrial,14.49,43.22,EUR,4.0,7
ORD-101895,nordfrakt,"Jun 11, 2026",Express,Delivered,Gothenburg,SE,Gdansk,PL,Wholesale,13.83,129.33,EUR,2.0,2
ORD-101442,Meridian Expr,"Jul 27, 2026",Standard,Delivered,Gothenburg,SE,Marseille,FR,E-Commerce,8.41,45.45,EUR,3.0,4
ORD-104068,nordfrakt,2026-04-10 00:00:00,Standard,Delivered,Hamburg,DE,London,GB,E-Commerce,23.6,814.75,SEK,4.0,4
ORD-101180,hanseatic line,28/01/2026,Standard,Delayed,Rotterdam,NL,Madrid,ES,Retail,12.94,75.07,EUR,6.0,4
ORD-103872, Meridian Express,18/06/2026,Express,Delayed,Barcelona,ES,Helsinki,FI,E-Commerce,26.71,1764.52,SEK,3.0,2
ORD-102013,Baltica Log.,2026-07-20,Standard,Delivered,Gothenburg,SE,Copenhagen,DK,Industrial,55.91,119.73,EUR,3.0,4
ORD-104320,hanseatic line,2026-02-25 00:00:00,Standard,Delivered,Gothenburg,SE,Cologne,DE,Retail,18.9,73.22,EUR,4.0,4
ORD-100109, Nordfrakt ,2026-03-23,Standard,Delivered,Gothenburg,SE,Vienna,AT,Retail,118.71,240.6,EUR,4.0,4
ORD-103019,Hanseatic Line,2026-04-14,Standard,Delivered,Gothenburg,SE,Gothenburg,SE,Industrial,20.2,51.74,EUR,3.0,4
ORD-101688,nordfrakt,2026-07-29,Standard,Delivered,Gothenburg,SE, Aarhus ,DK,Wholesale,39.95,105.25,USD,2.0,4
ORD-100689, Nordfrakt ,"May 04, 2026",Express,Delivered,Gothenburg,SE,Copenhagen,DK,Retail,18.73,108.2,EUR,2.0,2
ORD-103315,nordfrakt,2026-06-08,Economy,Delivered,Gothenburg,SE,Eindhoven,NL,Industrial,42.27,775.34,SEK,3.0,7
ORD-102972,Vantage,"Jan 23, 2026",Economy,Delivered,Barcelona,ES,Prague,CZ,Industrial,19.79,46.39,USD,4.0,7
ORD-100590, Meridian Express,2026-05-14 00:00:00,Economy,Delivered,Gothenburg,SE,Vienna,AT,E-Commerce,38.23,55.54,EUR,4.0,7
ORD-101979,Vantage,2026-05-11 00:00:00,Standard,Delayed,Gothenburg,SE,Rome,IT,Industrial,23.31,61.57,EUR,5.0,4
ORD-100895,Vantage Freight,2026-01-30,Economy,Delivered,Milan,IT,Prague,CZ,Retail,53.48,76.16,EUR,5.0,7
ORD-102743,Nordfrakt AB,2026-08-03,Standard,Delivered,Gothenburg,SE,Munich,DE,E-Commerce,10.48,48.52,EUR,2.0,4
ORD-100127,Nordfrakt AB,24/04/2026,Standard,Delivered,Gothenburg,SE,Bergen,NO,Retail,50.71,100.21,EUR,3.0,4
ORD-103762,Kestrel Parcels AB,2026-01-12 00:00:00,Standard,Delayed,Gothenburg,SE,Valencia,ES,E-Commerce,8.13,59.4,EUR,5.0,4
ORD-102423,MERIDIAN EXPRESS,"May 28, 2026",Standard,Delivered,Rotterdam,NL,Berlin,DE,Wholesale,55.05,105.37,EUR,3.0,4
ORD-100514,Nordfrakt,2026-08-09 00:00:00,Economy,Delivered,Gothenburg,SE,Malmo,SE,E-Commerce,14.99,25.75,EUR,3.0,7
ORD-102986,Meridian Express,2026-04-15,Standard,Delivered,Gothenburg,SE,Bergen,NO,Retail,28.19,75.87,EUR,4.0,4
ORD-102323,Vantage Freight,2026-02-22,Standard,Delivered,Gothenburg,SE,Rome,IT,Industrial,28.78,81.7,EUR,4.0,4
ORD-104476,Vantage Freight,2026-07-29 00:00:00,Express,Delivered,Gothenburg,SE,Amsterdam,NL,E-Commerce,42.14,127.72,USD,1.0,2
ORD-104909,Baltica Logistics,06/02/2026,Express,Delivered,Milan,IT,Bergen,NO,Industrial,26.75,137.11,EUR,2.0,2
ORD-100450,Vantage,2026-08-10 00:00:00,Express,Delivered,Barcelona,ES,Berlin,DE,Industrial,8.64,102.75,EUR,2.0,2
ORD-102284,Baltica Log.,2026-03-09,Express,Delivered,Hamburg,DE,Berlin,DE,Retail,23.44,127.69,EUR,2.0,2
ORD-102061,Kestrel Parcels AB,"Jan 05, 2026",Standard,Delivered,Rotterdam,NL,Paris,FR,Wholesale,27.38,71.51,EUR,4.0,4
ORD-100324,vantage freight,2026-08-18,Standard,Delivered,Hamburg,DE,Marseille,FR,Retail,27.99,96.06,EUR,3.0,4
ORD-102921, Meridian Express,2026-04-28,Express,Delivered,Hamburg,DE, Krakow ,PL,Industrial,13.87,126.13,EUR,2.0,2
ORD-100823,Kestrel Parcel,2026-02-20 00:00:00,Express,DELIVERED,Gothenburg,SE,Amsterdam,NL,Industrial,27.43,168.01,EUR,2.0,2
ORD-101984,Baltica Logistics,13/02/2026,Standard,Delivered,Rotterdam,NL,Rome,IT,E-Commerce,12.42,75.99,EUR,4.0,4
ORD-102841, Nordfrakt ,2026-03-22,Standard,Delivered,Rotterdam,NL,Gdansk,PL,Wholesale,63.8,153.72,EUR,4.0,4
ORD-104079,Vantage Freight Ltd,2026-04-24 00:00:00,Standard,Delivered,Rotterdam,NL,Eindhoven,NL,Retail,18.3,66.24,EUR,3.0,4
ORD-102661,Meridian Expr,2026-04-30,Standard,Delivered,Gothenburg,SE,Vienna,AT,Retail,46.55,137.14,EUR,3.0,4
ORD-104281, Nordfrakt ,2026-07-06,Standard,Delivered,Barcelona,ES,Marseille,FR,Industrial,19.27,73.06,EUR,4.0,4
ORD-100136,Meridian Express,"Jan 25, 2026",Economy,Delivered,Gothenburg,SE, Amsterdam ,NL,Industrial,37.34,66.74,USD,4.0,7
ORD-102725,nordfrakt,2026-02-03 00:00:00,Standard,Delayed,Rotterdam,NL,Valencia,ES,Industrial,11.88,61.91,EUR,5.0,4
ORD-103411,MERIDIAN EXPRESS,2026-08-24 00:00:00,Standard,Delivered,Barcelona,ES,Rome,IT,E-Commerce,39.01,126.47,USD,3.0,4
ORD-100852,Vantage Freight,2026-08-11 00:00:00,Economy,Delivered,Gothenburg,SE,Eindhoven,NL,E-Commerce,9.5,35.38,EUR,3.0,7
ORD-103067,vantage freight,23/03/2026,Economy,Delivered,Gothenburg,SE,Krakow,PL,Wholesale,25.57,52.89,EUR,6.0,7
ORD-100191,Meridian Expr,2026-02-10,Standard,Delivered,Hamburg,DE,Stockholm,SE,Wholesale,15.17,63.92,EUR,2.0,4
ORD-101423,MERIDIAN EXPRESS,2026-03-06 00:00:00,Economy,Delivered,Rotterdam,NL,Eindhoven,NL,Retail,33.4,64.55,USD,3.0,7
ORD-104943,KESTREL PARCEL,2026-06-18,Express,Cancelled,Hamburg,DE,Paris,FR,Wholesale,14.02,107.97,EUR,,2
ORD-100034,Nordfrakt AB,01/07/2026,Standard,Delivered,Gothenburg,SE,Oslo,NO,E-Commerce,24.37,71.24,EUR,3.0,4
ORD-102152,Kestrel Parcel,2026-06-15 00:00:00,Economy,Delivered,Rotterdam,NL,Tampere,FI,Retail,17.53,47.32,EUR,7.0,7
ORD-103730,kestrel,"Apr 01, 2026",Express,Delayed,Hamburg,DE, Gdansk ,PL,E-Commerce,41.69,2012.92,SEK,3.0,2
ORD-102825, Meridian Express,2026-06-08 00:00:00,Express,Cancelled,Gothenburg,SE,Cologne,DE,E-Commerce,57.7,171.1,EUR,,2
ORD-104857,Baltica Logistics A/S,2026-02-10,Standard,Delivered,Hamburg,DE,Paris,FR,Industrial,9.3,469.32,SEK,4.0,4
ORD-102632,Vantage Freight Ltd,2026-07-15,Standard,Delivered,Barcelona,ES,Marseille,FR,E-Commerce,54.06,121.75,EUR,3.0,4
ORD-100903,nordfrakt,2026-06-29,Economy,Delivered,Hamburg,DE,Vienna,AT,E-Commerce,13.28,37.58,EUR,5.0,7
ORD-101884,Hanseatic Line,"Feb 03, 2026",Economy,Delivered,Gothenburg,SE,Warsaw,PL,Industrial,20.42,49.27,EUR,7.0,7
ORD-101076, Nordfrakt ,26/03/2026,Standard,Delayed,Gothenburg,SE,Rome,IT,Wholesale,2.69,48.76,USD,5.0,4
ORD-101674,Nordfrakt,"Mar 29, 2026",Express,Delayed,Barcelona,ES,Turin,IT,Industrial,30.19,159.98,EUR,3.0,2
ORD-103576,kestrel,2026-02-18 00:00:00,Economy,Delivered,Hamburg,DE,Geneva,CH,Industrial,17.02,47.84,EUR,6.0,7
ORD-102721,Nordfrakt,"Mar 02, 2026",Standard,Delivered,Milan,IT,Amsterdam,NL,Retail,64.87,125.03,EUR,2.0,4
ORD-100121, Nordfrakt ,02/03/2026,Express,DELIVERED,Gothenburg,SE, Munich ,DE,E-Commerce,62.76,296.47,USD,2.0,2
ORD-102631,Meridian Express,"Mar 09, 2026",Standard,Delivered,Gothenburg,SE, Amsterdam ,NL,Wholesale,9.81,52.7,USD,3.0,4
ORD-103230, Nordfrakt ,"Jun 05, 2026",Standard,Delivered,Rotterdam,NL, Amsterdam ,NL,Industrial,37.03,64.81,EUR,3.0,4
ORD-103381,Kestrel Parcels AB,2026-05-07,Express,Delivered,Rotterdam,NL,Frankfurt,DE,Retail,36.82,177.69,USD,1.0,2
ORD-103207,MERIDIAN EXPRESS,22/05/2026,Standard,Delivered,Rotterdam,NL,Frankfurt,DE,Industrial,25.71,83.64,USD,3.0,4
ORD-100111,Nordfrakt AB,2026-05-03 00:00:00,Express,Delivered,Gothenburg,SE,Zurich,CH,Wholesale,26.76,167.29,USD,2.0,2
ORD-104622,nordfrakt,2026-05-28,Standard,Delivered,Gothenburg,SE,Vienna,AT,Retail,8.11,54.52,USD,3.0,4
ORD-100729, Nordfrakt ,25/02/2026,Standard,Delivered,Rotterdam,NL,Munich,DE,E-Commerce,18.37,83.29,EUR,2.0,4
ORD-101947,Baltica Logistics A/S,17/07/2026,Express,Delayed,Gothenburg,SE,Gdansk,PL,E-Commerce,19.07,124.54,EUR,3.0,2
ORD-100547,Baltica Logistics A/S,"Jan 19, 2026",Standard,Delivered,Gothenburg,SE,Cologne,DE,Wholesale,17.8,663.57,SEK,3.0,4
ORD-102043,Meridian Expr,"Apr 16, 2026",Standard,Delivered,Milan,IT,Brno,CZ,Retail,40.76,108.24,EUR,4.0,4
ORD-101706, Nordfrakt ,"Aug 24, 2026",Express,Delivered,Rotterdam,NL,Rome,IT,E-Commerce,27.53,186.54,EUR,2.0,2
ORD-100564,Nordfrakt,02/07/2026,Economy,Delivered,Milan,IT,Tampere,FI,E-Commerce,17.71,46.71,EUR,6.0,7
ORD-101625,Meridian Expr,28/08/2026,Express,Delivered,Gothenburg,SE,Helsinki,FI,Wholesale,14.56,130.24,EUR,2.0,2
ORD-102936,Baltica Logistics A/S,27/04/2026,Standard,Delivered,Rotterdam,NL,Malmo,SE,Industrial,35.23,60.93,EUR,2.0,4
ORD-101670,Baltica Logistics,2026-04-23,Standard,Delivered,Rotterdam,NL,Frankfurt,DE,Wholesale,38.19,94.11,EUR,3.0,4
ORD-100668,Vantage,2026-07-18 00:00:00,Standard,Delivered,Rotterdam,NL,Warsaw,PL,Industrial,62.05,1222.12,SEK,4.0,4
ORD-101353,Meridian Express,2026-07-16,Economy,Delivered,Gothenburg,SE,Munich,DE,E-Commerce,36.16,76.98,USD,5.0,7
ORD-101116,nordfrakt,2026-08-29,Standard,DELIVERED,Gothenburg,SE,Eindhoven,NL,Retail,13.42,68.22,EUR,2.0,4
ORD-101748,baltica,2026-05-16,Standard,Delivered,Gothenburg,SE,Munich,DE,Industrial,19.25,72.69,USD,2.0,4
ORD-101913,Baltica Log.,2026-05-01,Standard,Delivered,Hamburg,DE,Bergen,NO,Retail,47.38,80.26,EUR,3.0,4
ORD-101699,Hanseatic Line,"Aug 10, 2026",Economy,Delivered,Hamburg,DE,Oslo,NO,E-Commerce,12.35,33.03,EUR,7.0,7
ORD-102304,Baltica Logistics A/S,16/07/2026,Standard,Delivered,Milan,IT,Rome,IT,Wholesale,21.91,83.19,EUR,4.0,4
ORD-102168,nordfrakt,2026-07-27 00:00:00,Economy,Delivered,Rotterdam,NL,Krakow,PL,E-Commerce,62.17,93.01,EUR,6.0,7
ORD-103378,Kestrel Parcels AB,"Jun 14, 2026",Standard,Delivered,Milan,IT,Aarhus,DK,Retail,15.11,58.12,EUR,2.0,4
ORD-104612,MERIDIAN EXPRESS,2026-05-06 00:00:00,Express,Delivered,Hamburg,DE, Bergen ,NO,E-Commerce,31.44,138.44,EUR,2.0,2
ORD-101933,baltica,06/08/2026,Standard,Delivered,Barcelona,ES,Berlin,DE,Wholesale,32.77,81.97,EUR,3.0,4
ORD-103839,MERIDIAN EXPRESS,06/08/2026,Standard,Delivered,Rotterdam,NL,Paris,FR,Wholesale,25.84,73.8,EUR,3.0,4
ORD-103309, Meridian Express,"Aug 03, 2026",Express,Delivered,Barcelona,ES, Brno ,CZ,Industrial,14.38,101.85,EUR,2.0,2
ORD-104156, Nordfrakt ,24/03/2026,Standard,Delivered,Rotterdam,NL,Paris,FR,Industrial,17.39,690.87,SEK,,4
ORD-102534,KESTREL PARCEL,2026-05-14 00:00:00,Express,Delayed,Barcelona,ES,Bergen,NO,Industrial,21.58,154.88,EUR,3.0,2
ORD-103519,Nordfrakt,2026-07-20 00:00:00,Economy,Delivered,Rotterdam,NL,Frankfurt,DE,Industrial,32.6,59.16,EUR,4.0,7
ORD-100024,Nordfrakt AB,04/05/2026,Economy,Delivered,Gothenburg,SE,Munich,DE,E-Commerce,22.7,51.58,EUR,4.0,7
ORD-101690,Kestrel Parcel,28/04/2026,Standard,Delivered,Barcelona,ES,Oslo,NO,Industrial,22.3,61.99,EUR,3.0,4
ORD-102116,vantage freight,10/08/2026,Standard,Delayed,Gothenburg,SE,Vienna,AT,Industrial,83.98,177.67,EUR,5.0,4
ORD-104862, Meridian Express,2026-07-03 00:00:00,Express,Delivered,Hamburg,DE,Geneva,CH,Wholesale,58.93,156.79,EUR,2.0,2
ORD-104792,vantage freight,"Aug 17, 2026",Standard,Delivered,Rotterdam,NL,Munich,DE,E-Commerce,8.28,584.86,SEK,2.0,4
ORD-102512,KESTREL PARCEL,2026-08-11 00:00:00,Express,Delayed,Gothenburg,SE,Gdansk,PL,Industrial,23.39,1360.02,SEK,4.0,2
ORD-104363,HANSEATIC,"Aug 14, 2026",Economy,Delivered,Gothenburg,SE,Munich,DE,Wholesale,13.27,37.47,EUR,6.0,7
ORD-102087,Meridian Express,2026-02-27 00:00:00,Economy,Delivered,Rotterdam,NL, Oslo ,NO,Wholesale,44.14,59.71,EUR,3.0,7
ORD-104959,KESTREL PARCEL,2026-08-03,Economy,Delivered,Gothenburg,SE,Vienna,AT,Wholesale,36.84,55.86,USD,6.0,7
ORD-102160,KESTREL PARCEL,2026-05-19 00:00:00,Standard,Delayed,Hamburg,DE,Manchester,GB,E-Commerce,11.99,68.32,EUR,5.0,4
ORD-101210,nordfrakt,06/02/2026,Economy,Delivered,Hamburg,DE,Aarhus,DK,Retail,24.11,47.26,USD,4.0,7
ORD-104805,Nordfrakt,20/04/2026,Standard,Delivered,Milan,IT,Rome,IT,E-Commerce,9.8,706.15,SEK,4.0,4
ORD-101985,Hanseatic Line,"May 11, 2026",Standard,Delayed,Rotterdam,NL,Krakow,PL,Wholesale,45.84,113.75,USD,7.0,4
ORD-100512,nordfrakt,"Jun 05, 2026",Economy,Delivered,Gothenburg,SE,Copenhagen,DK,E-Commerce,22.36,43.58,EUR,4.0,7
ORD-101312,Nordfrakt,2026-05-03 00:00:00,Economy,Delivered,Hamburg,DE,Berlin,DE,Wholesale,6.98,29.19,EUR,3.0,7
ORD-102496,Vantage Freight Ltd,2026-05-14 00:00:00,Economy,Delivered,Rotterdam,NL,Warsaw,PL,Retail,19.96,47.18,EUR,5.0,7
ORD-101757,Baltica Logistics A/S,2026-01-29 00:00:00,Standard,Delivered,Barcelona,ES,Warsaw,PL,Retail,24.34,66.33,EUR,4.0,4
ORD-101845,Baltica Logistics A/S,2026-02-02,Economy,Delivered,Milan,IT, Manchester ,GB,Industrial,32.46,59.21,EUR,7.0,7
ORD-104180, Nordfrakt ,"Feb 22, 2026",Economy,Delivered,Milan,IT,Berlin,DE,Industrial,38.62,63.76,USD,5.0,7
ORD-101543,Nordfrakt,"Jan 07, 2026",Standard,Delivered,Hamburg,DE,Gdansk,PL,Industrial,15.46,59.27,EUR,4.0,4
ORD-102280,baltica,2026-04-23 00:00:00,Express,Delivered,Hamburg,DE,Graz,AT,E-Commerce,9.49,128.95,EUR,2.0,2
ORD-103640,Baltica Logistics,2026-04-01,Economy,Delivered,Gothenburg,SE,Aarhus,DK,E-Commerce,17.29,39.64,EUR,4.0,7
ORD-100460,Vantage Freight Ltd,"Apr 02, 2026",Express,Delivered,Rotterdam,NL,Copenhagen,DK,E-Commerce,20.2,1333.76,SEK,1.0,2
ORD-102086,MERIDIAN EXPRESS,2026-04-07,Economy,Delivered,Barcelona,ES, Vienna ,AT,Industrial,18.12,48.24,USD,4.0,7
ORD-101678,vantage freight,21/07/2026,Economy,Delivered,Milan,IT,Bergen,NO,Industrial,21.07,54.41,EUR,4.0,7
ORD-104598,Kestrel Parcel,2026-08-07 00:00:00,Standard,Delivered,Gothenburg,SE,Malmo,SE,Wholesale,65.46,112.89,EUR,2.0,4
ORD-104138,nordfrakt,2026-06-29,Express,Delayed,Rotterdam,NL,Prague,CZ,Wholesale,60.72,2996.29,SEK,3.0,2
ORD-101375,Nordfrakt AB,2026-08-10,Economy,Delivered,Gothenburg,SE,Aarhus,DK,Industrial,6.16,30.08,EUR,3.0,7
ORD-100359,Nordfrakt,2026-04-15,Standard,Delivered,Gothenburg,SE,Malmo,SE,E-Commerce,38.22,86.1,EUR,2.0,4
ORD-104059,KESTREL PARCEL,2026-01-20,Standard,Delivered,Barcelona,ES,Manchester,GB,Retail,16.11,64.8,EUR,4.0,4
ORD-104730,Baltica Logistics,20/07/2026,Express,Delivered,Rotterdam,NL,Cologne,DE,Retail,21.79,105.31,EUR,2.0,2
ORD-100841,Nordfrakt,2026-02-24,Standard,Delivered,Hamburg,DE,Gdansk,PL,Industrial,24.04,83.7,USD,4.0,4
ORD-101305,baltica,2026-03-04 00:00:00,Standard,Delivered,Rotterdam,NL,Brno,CZ,Retail,13.25,82.92,USD,4.0,4
ORD-104264, Meridian Express,"Jan 26, 2026",Standard,Delivered,Gothenburg,SE,Gothenburg,SE,E-Commerce,28.68,,EUR,1.0,4
ORD-104945,Kestrel Parcel,2026-04-02,Express,Delivered,Gothenburg,SE,Eindhoven,NL,E-Commerce,73.07,3007.78,SEK,2.0,2
ORD-100134,Nordfrakt,"May 11, 2026",Standard,Delivered,Hamburg,DE, Malmo ,SE,Wholesale,42.67,83.42,EUR,2.0,4
ORD-104242,Kestrel Parcel,27/05/2026,Express,Delivered,Rotterdam,NL,Gothenburg,SE,Retail,25.92,80.2,EUR,1.0,2
ORD-100910, Nordfrakt ,27/04/2026,Express,DELIVERED,Gothenburg,SE,Frankfurt,DE,Wholesale,57.16,233.95,USD,2.0,2
ORD-103549,baltica,16/02/2026,Standard,Delivered,Hamburg,DE,Copenhagen,DK,E-Commerce,8.18,46.79,EUR,2.0,4
ORD-100503, Nordfrakt ,2026-06-20,Economy,Delivered,Hamburg,DE,Turin,IT,Industrial,16.9,47.47,USD,3.0,7
ORD-104865,nordfrakt,2026-01-16,Standard,Delivered,Hamburg,DE,Madrid,ES,Industrial,3.15,53.59,EUR,4.0,4
ORD-100124,hanseatic line,2026-06-15 00:00:00,Express,Delayed,Rotterdam,NL,Zurich,CH,Retail,9.47,106.66,EUR,3.0,2
ORD-100933,Kestrel Parcel,2026-02-20 00:00:00,Standard,Delivered,Gothenburg,SE,Lyon,FR,Wholesale,18.86,65.63,EUR,4.0,4
ORD-101470,Baltica Logistics,06/07/2026,Standard,Delivered,Barcelona,ES,Munich,DE,Wholesale,19.76,94.05,USD,3.0,4
ORD-103684, Nordfrakt ,2026-08-18 00:00:00,Standard,Delivered,Rotterdam,NL,Vienna,AT,Industrial,7.59,61.74,EUR,4.0,4
ORD-104198,Baltica Logistics,2026-08-05 00:00:00,Economy,Delivered,Barcelona,ES,Brno,CZ,Retail,53.32,71.55,EUR,6.0,7
ORD-102358,Nordfrakt AB,2026-02-09,Economy,Delivered,Rotterdam,NL,Marseille,FR,E-Commerce,34.27,66.42,EUR,4.0,7
ORD-103143,Nordfrakt,06/01/2026,Standard,Delivered,Hamburg,DE,Aarhus,DK,Industrial,9.95,42.09,EUR,2.0,4
ORD-103919,Meridian Express,2026-02-02,Standard,Delivered,Hamburg,DE,Stockholm,SE,Retail,30.86,72.98,EUR,2.0,4
ORD-104821,Baltica Logistics A/S,"Mar 10, 2026",Economy,Delivered,Rotterdam,NL,Berlin,DE,E-Commerce,21.09,,EUR,6.0,7
ORD-100827,baltica,"Jul 06, 2026",Standard,Delivered,Hamburg,DE,Amsterdam,NL,Wholesale,56.11,1426.6,SEK,3.0,4
ORD-101261,Meridian Expr,"Jul 21, 2026",Standard,Delivered,Gothenburg,SE,Marseille,FR,Wholesale,24.86,75.09,EUR,4.0,4
ORD-103343, Nordfrakt ,2026-02-03,Express,Delivered,Gothenburg,SE,Madrid,ES,Retail,33.96,175.28,EUR,2.0,2
ORD-104389,Baltica Logistics A/S,23/01/2026,Express,Delayed,Hamburg,DE,Madrid,ES,Industrial,53.72,198.17,EUR,3.0,2
ORD-101241, Nordfrakt ,"May 01, 2026",Standard,Delivered,Gothenburg,SE,Malmo,SE,Retail,51.97,1304.6,SEK,2.0,4
ORD-103237,Vantage,2026-08-28 00:00:00,Economy,Delivered,Rotterdam,NL,Valencia,ES,Industrial,32.45,65.99,EUR,5.0,7
ORD-101460,Nordfrakt AB,2026-05-08,Economy,Delivered,Gothenburg,SE,Krakow,PL,E-Commerce,39.56,62.31,EUR,6.0,7
ORD-101397, Nordfrakt ,2026-02-23,Standard,DELIVERED,Gothenburg,SE,Gothenburg,SE,Retail,8.71,40.24,USD,2.0,4
ORD-100962, Meridian Express,2026-06-05 00:00:00,Express,Delivered,Rotterdam,NL,Berlin,DE,Retail,4.18,77.65,EUR,2.0,2
ORD-101277,Meridian Express,2026-04-29,Standard,Delivered,Gothenburg,SE,Munich,DE,Industrial,6.05,451.8,EUR,3.0,4
ORD-102114,Baltica Log.,2026-04-12 00:00:00,Economy,Delivered,Rotterdam,NL,London,GB,Industrial,14.96,37.24,EUR,6.0,7
ORD-103360,Nordfrakt AB,23/08/2026,Standard,Delivered,Gothenburg,SE,Krakow,PL,Industrial,27.72,67.09,EUR,4.0,4
ORD-104468,Vantage,2026-07-01,Standard,Delivered,Gothenburg,SE,London,GB,Retail,44.1,67.76,EUR,4.0,4
ORD-100804,Meridian Express,2026-04-10 00:00:00,Express,Delivered,Milan,IT,Graz,AT,Retail,14.85,92.57,EUR,2.0,2
ORD-103125,nordfrakt,02/07/2026,Express,Delivered,Barcelona,ES,Stockholm,SE,Wholesale,36.62,156.76,EUR,1.0,2
ORD-100529,Meridian Express,2026-07-20 00:00:00,Standard,Delivered,Hamburg,DE,Amsterdam,NL,Wholesale,12.37,57.51,EUR,2.0,4
ORD-100454,MERIDIAN EXPRESS,"Jan 22, 2026",Standard,Delivered,Gothenburg,SE,Malmo,SE,E-Commerce,83.12,,SEK,1.0,4
ORD-104987,Nordfrakt,2026-07-20,Standard,Delivered,Gothenburg,SE,Aarhus,DK,Retail,31.66,81.76,USD,2.0,4
ORD-101774,Vantage Freight Ltd,"Apr 27, 2026",Standard,Delivered,Gothenburg,SE,Prague,CZ,E-Commerce,9.67,65.29,EUR,3.0,4
ORD-101763,nordfrakt,"Jan 25, 2026",Standard,Delivered,Milan,IT,Amsterdam,NL,E-Commerce,11.86,42.0,EUR,2.0,4
ORD-100440,Nordfrakt AB,17/08/2026,Standard,Delivered,Rotterdam,NL,Gothenburg,SE,Industrial,12.52,59.42,EUR,2.0,4
ORD-104646,Vantage Freight Ltd,2026-04-14,Standard,Delivered,Rotterdam,NL,Stockholm,SE,E-Commerce,29.59,72.99,EUR,3.0,4
ORD-100432,Vantage,"May 28, 2026",Standard,Delivered,Barcelona,ES,Brno,CZ,Retail,19.8,75.85,USD,3.0,4
ORD-103965,Hanseatic Line,2026-06-11,Economy,Delivered,Rotterdam,NL,Tampere,FI,Retail,8.31,24.94,EUR,7.0,7
ORD-102163,Hanseatic Line,15/07/2026,Economy,Delivered,Rotterdam,NL,Copenhagen,DK,Wholesale,13.95,38.88,EUR,5.0,7
ORD-104201, Nordfrakt ,2026-04-15,Standard,Delivered,Milan,IT,Vienna,AT,Retail,6.65,51.95,EUR,3.0,4
ORD-100984,Baltica Logistics,17/01/2026,Standard,Delivered,Gothenburg,SE,Berlin,DE,Retail,32.17,46.65,EUR,4.0,4
ORD-103998,Vantage Freight Ltd,"Apr 06, 2026",Express,Delivered,Gothenburg,SE,Stockholm,SE,Wholesale,4.4,72.07,EUR,1.0,2
ORD-101675,Hanseatic Line,22/08/2026,Express,Delayed,Barcelona,ES, Prague ,CZ,E-Commerce,19.07,109.63,EUR,4.0,2
ORD-100821, Meridian Express,"Mar 02, 2026",Standard,Delivered,Milan,IT,Geneva,CH,E-Commerce,16.15,81.02,EUR,3.0,4
ORD-103365,Meridian Express,"Apr 16, 2026",Economy,Delivered,Rotterdam,NL,Vienna,AT,Wholesale,56.61,80.05,EUR,6.0,7
ORD-100376,Kestrel Parcels AB,2026-04-09 00:00:00,Economy,Delivered,Rotterdam,NL,Cologne,DE,E-Commerce,28.31,52.37,USD,5.0,7
ORD-104005, Nordfrakt ,"Aug 06, 2026",Economy,Delivered,Barcelona,ES,Rome,IT,Wholesale,12.29,35.22,EUR,5.0,7
ORD-101376,Meridian Expr,"Aug 11, 2026",Express,Delivered,Gothenburg,SE,Lyon,FR,E-Commerce,13.93,103.23,EUR,2.0,2
ORD-101040,Vantage Freight,"Mar 23, 2026",Economy,Delivered,Hamburg,DE,Aarhus,DK,Industrial,36.61,651.18,SEK,4.0,7
ORD-100612,Nordfrakt AB,"May 05, 2026",Standard,Delivered,Hamburg,DE,Marseille,FR,Industrial,59.85,106.47,EUR,4.0,4
ORD-100369,Nordfrakt AB,2026-04-28 00:00:00,Economy,Delivered,Gothenburg,SE,Graz,AT,E-Commerce,33.46,79.0,EUR,5.0,7
ORD-104062,Meridian Expr,2026-02-11,Standard,Delivered,Gothenburg,SE,Turin,IT,E-Commerce,29.82,88.64,EUR,4.0,4
ORD-100354,Baltica Logistics A/S,2026-08-17,Standard,Delivered,Gothenburg,SE,Berlin,DE,Retail,28.13,69.25,EUR,3.0,4
ORD-102626,Baltica Log.,20/08/2026,Standard,Delivered,Gothenburg,SE,Cologne,DE,E-Commerce,51.62,124.49,EUR,-3.0,4
ORD-101279,MERIDIAN EXPRESS,2026-06-19 00:00:00,Express,Delivered,Rotterdam,NL,Prague,CZ,Retail,26.12,1328.48,SEK,2.0,2
ORD-102754,nordfrakt,2026-08-26,Standard,Delivered,Gothenburg,SE, Eindhoven ,NL,E-Commerce,21.23,55.63,EUR,2.0,4
ORD-101647,Vantage Freight Ltd,2026-03-02 00:00:00,Standard,Delivered,Gothenburg,SE,Manchester,GB,Industrial,21.85,75.98,EUR,2.0,4
ORD-104411,Meridian Express,2026-01-17 00:00:00,Economy,Delivered,Rotterdam,NL,Krakow,PL,Wholesale,13.35,34.52,EUR,4.0,7
ORD-102267,Baltica Logistics A/S,"Apr 06, 2026",Standard,Delivered,Gothenburg,SE,Krakow,PL,E-Commerce,48.52,1066.78,SEK,4.0,4
ORD-101596, Nordfrakt ,2026-02-25 00:00:00,Standard,Delivered,Hamburg,DE,Oslo,NO,E-Commerce,36.93,92.4,EUR,3.0,4
ORD-101601,KESTREL PARCEL,2026-04-10,Standard,Delivered,Rotterdam,NL,Valencia,ES,Industrial,4.26,68.89,EUR,4.0,4
ORD-104660,KESTREL PARCEL,31/05/2026,Standard,Delivered,Gothenburg,SE,Prague,CZ,Retail,19.83,61.13,EUR,4.0,4
ORD-100458,Nordfrakt,05/06/2026,Standard,Delayed,Hamburg,DE,Gdansk,PL,Retail,48.72,140.77,EUR,5.0,4
ORD-104920,Nordfrakt AB,"Aug 19, 2026",Standard,Delivered,Hamburg,DE,Frankfurt,DE,E-Commerce,16.6,71.03,USD,3.0,4
ORD-102797,Nordfrakt,"Jan 06, 2026",Standard,Delivered,Gothenburg,SE,Zurich,CH,Wholesale,40.33,97.78,EUR,3.0,4
ORD-102451,Vantage Freight Ltd,2026-07-02 00:00:00,Standard,DELIVERED,Rotterdam,NL,Helsinki,FI,Retail,36.28,944.74,SEK,4.0,4
ORD-100691,Baltica Logistics A/S,2026-05-11,Express,Delivered,Rotterdam,NL,Munich,DE,Retail,16.43,128.69,USD,2.0,2
ORD-101745,Nordfrakt,2026-08-20,Standard,Delivered,Gothenburg,SE,Munich,DE,Industrial,7.55,60.08,EUR,3.0,4
ORD-102567,Nordfrakt AB,2026-02-11,Express,Delivered,Hamburg,DE,Paris,FR,Wholesale,11.0,73.4,EUR,2.0,2
ORD-100317,Baltica Log.,2026-04-06,Express,Delivered,Rotterdam,NL,Bergen,NO,Industrial,57.92,252.15,EUR,2.0,2
ORD-101965,Baltica Logistics A/S,12/04/2026,Standard,Delivered,Hamburg,DE,Lyon,FR,Wholesale,25.14,81.44,EUR,4.0,4
ORD-103119,MERIDIAN EXPRESS,2026-06-22,Express,DELIVERED,Gothenburg,SE,Bergen,NO,Wholesale,22.07,160.57,EUR,2.0,2
ORD-104903,Vantage,2026-03-31,Standard,Delivered,Gothenburg,SE,Tampere,FI,Wholesale,44.84,102.52,EUR,3.0,4
ORD-104082, Meridian Express,2026-04-27,Standard,Delivered,Rotterdam,NL,Gothenburg,SE,Industrial,35.1,82.27,EUR,2.0,4
ORD-102905,Meridian Expr,18/06/2026,Economy,Delivered,Rotterdam,NL, Manchester ,GB,E-Commerce,19.77,483.01,SEK,5.0,7
ORD-102318,Baltica Log.,"Jun 11, 2026",Express,Delivered,Milan,IT, Berlin ,DE,Wholesale,7.22,101.88,EUR,2.0,2
ORD-102842,Vantage Freight Ltd,2026-04-24 00:00:00,Economy,Delivered,Gothenburg,SE,Malmo,SE,Retail,58.76,81.99,EUR,3.0,7
ORD-101832,kestrel,2026-01-19 00:00:00,Standard,Delivered,Hamburg,DE,Munich,DE,E-Commerce,7.87,44.4,EUR,4.0,4
ORD-101857,Nordfrakt,15/01/2026,Standard,Delivered,Gothenburg,SE,Marseille,FR,Retail,10.39,48.3,EUR,3.0,4
ORD-104368,Vantage Freight Ltd,"Jul 22, 2026",Standard,Delivered,Hamburg,DE,Amsterdam,NL,Retail,18.88,56.5,EUR,3.0,4
ORD-103882,baltica,12/01/2026,Standard,Delivered,Rotterdam,NL,Eindhoven,NL,Retail,7.88,49.38,EUR,2.0,4
ORD-100125,Hanseatic Line,2026-01-05,Standard,Delivered,Milan,IT,Eindhoven,NL,Retail,15.47,53.94,USD,3.0,4
ORD-102173,Nordfrakt AB,2026-04-24 00:00:00,Express,Delivered,Rotterdam,NL, Malmo ,SE,E-Commerce,15.11,,USD,1.0,2
ORD-101599, Nordfrakt ,2026-03-24 00:00:00,Express,Delivered,Gothenburg,SE,Paris,FR,Retail,34.35,159.64,EUR,2.0,2
ORD-101989,Nordfrakt,2026-07-21,Standard,DELIVERED,Milan,IT,London,GB,Industrial,45.69,1124.48,SEK,4.0,4
ORD-104746,baltica,2026-04-27 00:00:00,Standard,Delivered,Rotterdam,NL, Helsinki ,FI,Wholesale,17.43,68.77,EUR,4.0,4
ORD-101157,kestrel,2026-06-10 00:00:00,Standard,Delivered,Gothenburg,SE,Amsterdam,NL,Wholesale,22.34,71.49,EUR,4.0,4
ORD-102299,Kestrel Parcels AB,06/07/2026,Express,Delivered,Milan,IT,Munich,DE,E-Commerce,6.1,94.32,EUR,2.0,2
ORD-101746,baltica,2026-08-25,Economy,Delivered,Gothenburg,SE,Brno,CZ,Wholesale,16.69,41.64,USD,7.0,7
ORD-104087,kestrel,24/07/2026,Economy,Delivered,Gothenburg,SE,Berlin,DE,E-Commerce,10.69,38.9,EUR,7.0,7
ORD-101416,MERIDIAN EXPRESS,"Feb 12, 2026",Standard,Delivered,Milan,IT,Berlin,DE,Industrial,79.06,167.78,USD,3.0,4
ORD-102387,Meridian Express,2026-08-18 00:00:00,Economy,Delivered,Gothenburg,SE,Stockholm,SE,Wholesale,13.11,30.18,EUR,3.0,7
ORD-100244,Vantage,2026-02-09,Express,Delivered,Rotterdam,NL, Tampere ,FI,Retail,38.94,131.51,EUR,2.0,2
ORD-101168,Vantage,2026-08-31 00:00:00,Standard,Delayed,Gothenburg,SE,Graz,AT,Retail,42.73,86.89,EUR,5.0,4
ORD-101415,HANSEATIC,"May 05, 2026",Express,Delayed,Hamburg,DE,Lyon,FR,E-Commerce,59.56,2436.94,SEK,3.0,2
ORD-104559,Meridian Express,19/02/2026,Economy,Delivered,Rotterdam,NL,Tampere,FI,Industrial,19.38,47.05,USD,6.0,7
ORD-104990, Nordfrakt ,2026-02-20,Standard,Delivered,Rotterdam,NL,Gothenburg,SE,Retail,38.91,71.43,EUR,2.0,4
ORD-102676,Nordfrakt,2026-08-11 00:00:00,Standard,Delivered,Gothenburg,SE,Malmo,SE,E-Commerce,11.24,48.38,EUR,2.0,4
ORD-104756,Vantage Freight Ltd,2026-01-12 00:00:00,Express,Delivered,Rotterdam,NL,Paris,FR,Wholesale,38.26,167.92,EUR,1.0,2
ORD-102720,nordfrakt,09/02/2026,Standard,Delivered,Barcelona,ES,Munich,DE,E-Commerce,23.45,74.25,EUR,2.0,4
ORD-103572,Meridian Express,2026-03-16,Express,Delivered,Gothenburg,SE,Stockholm,SE,E-Commerce,15.49,84.34,EUR,1.0,2
ORD-101140,Meridian Expr,"Jun 29, 2026",Standard,Delivered,Gothenburg,SE,Graz,AT,Retail,53.84,124.09,EUR,3.0,4
ORD-103699, Meridian Express,"Apr 22, 2026",Standard,Delivered,Rotterdam,NL,Aarhus,DK,Wholesale,31.17,73.68,EUR,2.0,4
ORD-102036,Nordfrakt AB,"Jan 15, 2026",Standard,Delivered,Gothenburg,SE,Krakow,PL,Retail,25.82,88.3,EUR,4.0,4
ORD-104132,Vantage Freight Ltd,"Apr 05, 2026",Economy,Delivered,Rotterdam,NL,Bergen,NO,E-Commerce,31.71,62.77,EUR,5.0,7
ORD-102436,Vantage Freight,2026-02-16 00:00:00,Standard,Delivered,Barcelona,ES,Tampere,FI,Wholesale,40.3,99.63,EUR,4.0,4
ORD-103036,Vantage,"May 15, 2026",Express,Delivered,Rotterdam,NL,Cologne,DE,E-Commerce,6.17,74.4,EUR,2.0,2
ORD-104482, Nordfrakt ,2026-06-02 00:00:00,Economy,Delivered,Milan,IT,Eindhoven,NL,E-Commerce,17.13,33.55,EUR,3.0,7
ORD-103784,Baltica Logistics,24/08/2026,Express,Delayed,Rotterdam,NL,Lyon,FR,Retail,14.41,1085.47,SEK,3.0,2
ORD-100736,Hanseatic Line,2026-04-06,Economy,Delayed,Gothenburg,SE,Valencia,ES,Retail,27.69,50.3,EUR,12.0,7
ORD-104673, Nordfrakt ,20/06/2026,Economy,Delivered,Gothenburg,SE,Tampere,FI,Retail,11.21,40.77,EUR,6.0,7
ORD-100339,baltica,2026-08-06,Standard,Delayed,Gothenburg,SE, Madrid ,ES,Wholesale,24.25,90.1,EUR,5.0,4
ORD-101749,Vantage Freight,30/03/2026,Standard,Delivered,Hamburg,DE,Aarhus,DK,Wholesale,75.48,168.04,EUR,2.0,4
ORD-104905,nordfrakt,2026-02-16 00:00:00,Express,Delivered,Barcelona,ES,Stockholm,SE,Retail,75.72,233.14,EUR,1.0,2
ORD-100178,Hanseatic Line,2026-07-08,Standard,Delivered,Hamburg,DE,Madrid,ES,Industrial,35.25,103.88,USD,4.0,4
ORD-103448,Vantage Freight,"Jan 27, 2026",Economy,Delivered,Rotterdam,NL,Valencia,ES,Industrial,35.73,72.43,USD,6.0,7
ORD-101067,baltica,2026-02-16,Express,In Transit,Rotterdam,NL,Lyon,FR,E-Commerce,19.97,1040.31,SEK,2.0,2
ORD-100819,Hanseatic Lines,2026-08-31 00:00:00,Standard,Delayed,Gothenburg,SE,Prague,CZ,Industrial,4.21,49.41,EUR,5.0,4
ORD-103166,nordfrakt,16/04/2026,Standard,Delivered,Hamburg,DE,Berlin,DE,Wholesale,14.58,39.1,EUR,2.0,4
ORD-100206,Baltica Log.,2026-04-24 00:00:00,Economy,Cancelled,Gothenburg,SE,Tampere,FI,E-Commerce,2.73,42.13,EUR,,7
ORD-100451,HANSEATIC,21/07/2026,Standard,DELIVERED,Milan,IT, Aarhus ,DK,Wholesale,31.28,98.81,EUR,4.0,4
ORD-104816,Vantage,2026-06-23 00:00:00,Express,Delayed,Gothenburg,SE,Helsinki,FI,Wholesale,21.0,1667.68,SEK,3.0,2
ORD-104429,Baltica Log.,"Jul 20, 2026",Express,Delayed,Gothenburg,SE,London,GB,Industrial,17.31,116.65,EUR,,2
ORD-102147,Nordfrakt,2026-07-27,Economy,Delivered,Hamburg,DE,Amsterdam,NL,Wholesale,15.96,46.65,EUR,5.0,7
ORD-103511, Nordfrakt ,"Jan 12, 2026",Standard,Delivered,Gothenburg,SE,Rome,IT,Wholesale,13.55,51.14,EUR,3.0,4
ORD-100858,vantage freight,"Mar 03, 2026",Standard,Delivered,Rotterdam,NL,Aarhus,DK,E-Commerce,13.29,48.49,EUR,2.0,4
ORD-102234,Nordfrakt AB,19/01/2026,Standard,Delivered,Rotterdam,NL,Manchester,GB,Retail,14.94,70.49,EUR,4.0,4
ORD-100296,Meridian Expr,2026-06-10 00:00:00,Economy,DELIVERED,Milan,IT,Aarhus,DK,Wholesale,47.85,60.42,EUR,3.0,7
ORD-104635, Nordfrakt ,24/04/2026,Standard,Delivered,Milan,IT,Brno,CZ,E-Commerce,36.26,92.91,EUR,4.0,4
ORD-103817,Meridian Express,"May 15, 2026",Standard,Delivered,Gothenburg,SE,Stockholm,SE,E-Commerce,107.31,171.64,EUR,2.0,4
ORD-101000,Nordfrakt AB,2026-05-18,Standard,Delivered,Rotterdam,NL,Cologne,DE,Wholesale,22.86,741.57,SEK,2.0,4
ORD-101831, Nordfrakt ,2026-08-06 00:00:00,Standard,Delivered,Rotterdam,NL,Manchester,GB,Industrial,41.35,109.56,EUR,3.0,4
ORD-102113,Nordfrakt,13/07/2026,Standard,Delivered,Rotterdam,NL,Berlin,DE,Retail,29.75,90.04,EUR,3.0,4
ORD-103489,Vantage,2026-03-25,Economy,Delivered,Gothenburg,SE,Copenhagen,DK,Industrial,9.88,26.81,EUR,4.0,7
ORD-104617,Kestrel Parcel,2026-01-23 00:00:00,Economy,Delivered,Gothenburg,SE,Stockholm,SE,Wholesale,21.42,35.8,EUR,4.0,7
ORD-101169,Vantage,"Jul 17, 2026",Standard,Delivered,Barcelona,ES,Lyon,FR,Retail,22.34,59.91,EUR,3.0,4
ORD-102388,Meridian Expr,07/08/2026,Standard,Delivered,Gothenburg,SE,Frankfurt,DE,Industrial,11.62,60.47,EUR,3.0,4
ORD-102970, Nordfrakt ,"Jan 30, 2026",Standard,Delivered,Milan,IT,Gothenburg,SE,E-Commerce,19.66,60.05,EUR,1.0,4
ORD-100977,Meridian Expr,2026-01-09 00:00:00,Economy,Delivered,Gothenburg,SE,Warsaw,PL,E-Commerce,15.92,486.0,EUR,4.0,7
ORD-102034,Nordfrakt AB,2026-08-24 00:00:00,Express,Delivered,Gothenburg,SE,Stockholm,SE,Industrial,19.79,99.16,USD,1.0,2
ORD-103345,Vantage,"Apr 22, 2026",Standard,Delivered,Milan,IT,Eindhoven,NL,Wholesale,44.32,105.0,EUR,2.0,4
ORD-102167,nordfrakt,"Jun 08, 2026",Express,Delivered,Barcelona,ES,Berlin,DE,Retail,54.08,231.1,EUR,2.0,2
ORD-102022, Nordfrakt ,2026-02-25 00:00:00,Standard,Delivered,Milan,IT,Cologne,DE,E-Commerce,24.98,90.04,USD,3.0,4
ORD-104413,Hanseatic Lines,2026-03-30,Economy,Delayed,Gothenburg,SE,Graz,AT,E-Commerce,13.79,41.38,EUR,10.0,7
ORD-100836,MERIDIAN EXPRESS,18/05/2026,Standard,Delivered,Gothenburg,SE,Copenhagen,DK,Retail,9.0,44.5,USD,3.0,4
ORD-100361,Vantage,"Jul 03, 2026",Express,Delivered,Barcelona,ES,Frankfurt,DE,Retail,30.1,136.79,EUR,2.0,2
ORD-104780, Meridian Express,2026-06-10,Standard,Delivered,Milan,IT,Brno,CZ,Wholesale,15.08,75.85,EUR,3.0,4
ORD-102906,Vantage,2026-02-07 00:00:00,Standard,Delivered,Rotterdam,NL,Rome,IT,E-Commerce,14.18,60.26,USD,4.0,4
ORD-104301,Baltica Log.,2026-02-24,Standard,Delivered,Gothenburg,SE, London ,GB,Industrial,11.51,70.1,EUR,3.0,4
ORD-102378,kestrel,25/08/2026,Standard,Delivered,Hamburg,DE,Berlin,DE,Retail,22.81,47.3,EUR,3.0,4
ORD-102319,nordfrakt,30/04/2026,Standard,Delivered,Gothenburg,SE,Munich,DE,Retail,18.58,48.04,USD,3.0,4
ORD-103647,nordfrakt,25/01/2026,Standard,Delivered,Gothenburg,SE,Oslo,NO,Retail,17.8,,EUR,3.0,4
ORD-102718,nordfrakt,"Jan 13, 2026",Standard,Delivered,Rotterdam,NL,Marseille,FR,Retail,48.5,85.36,EUR,4.0,4
ORD-100268,vantage freight,31/01/2026,Standard,Delivered,Hamburg,DE,Bergen,NO,Wholesale,8.68,521.73,SEK,2.0,4
ORD-100214, Meridian Express,09/04/2026,Standard,Delivered,Gothenburg,SE,Bergen,NO,E-Commerce,66.94,129.6,EUR,4.0,4
ORD-102813,Nordfrakt,"Aug 12, 2026",Express,Delayed,Rotterdam,NL, Madrid ,ES,Retail,10.42,113.73,EUR,4.0,2
ORD-102798,Kestrel Parcel,24/03/2026,Standard,Delivered,Rotterdam,NL,Gothenburg,SE,E-Commerce,6.0,44.27,EUR,2.0,4
ORD-104771, Nordfrakt ,2026-04-23 00:00:00,Standard,Delivered,Gothenburg,SE,Paris,FR,Industrial,19.98,80.41,USD,3.0,4
ORD-100227,Kestrel Parcels AB,2026-01-12,Express,Delivered,Gothenburg,SE,Turin,IT,Wholesale,28.84,129.9,EUR,2.0,2
ORD-101504,Meridian Express,2026-01-23,Standard,Delivered,Barcelona,ES,Krakow,PL,Retail,16.66,60.45,EUR,4.0,4
ORD-103438,vantage freight,2026-07-27 00:00:00,Standard,Delivered,Rotterdam,NL,Stockholm,SE,Retail,23.78,661.8,SEK,2.0,4
ORD-103004,Vantage,"Mar 22, 2026",Standard,Delivered,Gothenburg,SE,Aarhus,DK,Wholesale,27.04,79.93,EUR,3.0,4
ORD-103126,Nordfrakt,"May 31, 2026",Express,Delivered,Gothenburg,SE,Gdansk,PL,Retail,22.74,120.03,EUR,2.0,2
ORD-102667,Baltica Logistics,"Aug 13, 2026",Standard,Delivered,Gothenburg,SE,Paris,FR,Retail,16.47,60.36,EUR,3.0,4
ORD-102343,Nordfrakt,2026-04-10,Standard,Delivered,Milan,IT, Copenhagen ,DK,E-Commerce,17.41,556.73,SEK,2.0,4
ORD-103930,Baltica Logistics A/S,25/03/2026,Express,Delivered,Hamburg,DE,Stockholm,SE,Wholesale,16.86,95.39,EUR,1.0,2
ORD-102244,Vantage,2026-03-26 00:00:00,Standard,Delayed,Rotterdam,NL,Valencia,ES,Industrial,42.51,106.25,EUR,5.0,4
ORD-103571, Nordfrakt ,"Jun 08, 2026",Standard,Delivered,Gothenburg,SE,Malmo,SE,E-Commerce,23.97,65.26,EUR,2.0,4
ORD-103278, Nordfrakt ,2026-08-28,Standard,Delivered,Gothenburg,SE,Berlin,DE,Retail,52.9,1210.81,SEK,3.0,4
ORD-102143,baltica,"Jan 30, 2026",Standard,Delivered,Gothenburg,SE,Malmo,SE,Retail,21.64,654.59,SEK,2.0,4
ORD-100079,nordfrakt,03/03/2026,Standard,Delivered,Milan,IT,Munich,DE,Industrial,118.88,178.85,EUR,3.0,4
ORD-101389,baltica,2026-07-13 00:00:00,Express,Delayed,Hamburg,DE,Vienna,AT,E-Commerce,18.43,91.57,EUR,3.0,2
ORD-103050,Kestrel Parcel,2026-06-03,Express,Delivered,Milan,IT,Gothenburg,SE,Industrial,11.4,72.23,USD,2.0,2
ORD-100203,kestrel,"Mar 20, 2026",Economy,Delivered,Hamburg,DE,Aarhus,DK,E-Commerce,10.32,38.8,USD,4.0,7
ORD-104227,Nordfrakt,"Feb 02, 2026",Express,Delayed,Rotterdam,NL,Krakow,PL,Retail,5.93,111.03,EUR,3.0,2
ORD-100935,MERIDIAN EXPRESS,30/07/2026,Standard,DELIVERED,Gothenburg,SE,Frankfurt,DE,Industrial,6.84,60.62,USD,2.0,4
ORD-104693,MERIDIAN EXPRESS,"Jun 17, 2026",Express,Delivered,Milan,IT,Gdansk,PL,Retail,13.21,113.79,EUR,2.0,2
ORD-101181,Nordfrakt AB,23/07/2026,Economy,Delivered,Hamburg,DE,Frankfurt,DE,Retail,19.72,47.94,EUR,5.0,7
ORD-104121,Hanseatic Line,2026-08-02 00:00:00,Express,DELAYED,Barcelona,ES,Munich,DE,Retail,48.41,177.6,EUR,3.0,2
ORD-104973, Nordfrakt ,2026-04-29,Standard,Delivered,Rotterdam,NL,Frankfurt,DE,Wholesale,24.9,69.85,USD,4.0,4
ORD-100180, Nordfrakt ,2026-07-28,Economy,Delivered,Gothenburg,SE,Zurich,CH,Wholesale,57.81,76.98,EUR,6.0,7
ORD-102658, Nordfrakt ,"Mar 04, 2026",Economy,Delivered,Gothenburg,SE,Berlin,DE,Retail,6.64,29.45,EUR,4.0,7
ORD-104053,Hanseatic Lines,2026-05-19,Express,Delayed,Gothenburg,SE,Bergen,NO,E-Commerce,14.28,118.98,EUR,3.0,2
ORD-101005,Meridian Express,2026-07-20,Standard,Delivered,Gothenburg,SE,Oslo,NO,Wholesale,37.45,97.71,EUR,3.0,4
ORD-103629,Kestrel Parcels AB,2026-06-01,Economy,Delivered,Hamburg,DE,Gothenburg,SE,E-Commerce,18.23,38.16,EUR,3.0,7
ORD-104661,Kestrel Parcels AB,2026-01-13 00:00:00,Economy,Delivered,Hamburg,DE,Cologne,DE,Industrial,25.41,43.23,EUR,4.0,7
ORD-104600,vantage freight,25/08/2026,Economy,Delivered,Gothenburg,SE,Malmo,SE,Wholesale,25.76,451.94,SEK,3.0,7
ORD-102717,Baltica Logistics A/S,2026-03-14,Economy,Delivered,Gothenburg,SE,Berlin,DE,Wholesale,11.59,36.01,EUR,5.0,7
ORD-103564,HANSEATIC,03/05/2026,Economy,Delayed,Rotterdam,NL,Warsaw,PL,E-Commerce,20.67,558.73,SEK,8.0,7
ORD-102728,Kestrel Parcel,2026-01-14 00:00:00,Standard,Delivered,Hamburg,DE,Zurich,CH,E-Commerce,58.34,97.53,EUR,4.0,4
ORD-101712,Baltica Logistics A/S,"Jun 29, 2026",Standard,Delivered,Rotterdam,NL,Munich,DE,Retail,9.31,51.2,USD,3.0,4
ORD-103704,Hanseatic Line,03/08/2026,Standard,Delayed,Rotterdam,NL,Tampere,FI,Wholesale,35.02,111.65,USD,6.0,4
ORD-104267,kestrel,2026-07-23 00:00:00,Standard,Delivered,Rotterdam,NL,Vienna,AT,E-Commerce,5.69,42.18,EUR,4.0,4
ORD-103825, Nordfrakt ,10/07/2026,Standard,Delayed,Gothenburg,SE,Cologne,DE,Wholesale,34.41,88.76,EUR,5.0,4
ORD-100738,Baltica Logistics,10/04/2026,Standard,Delayed,Rotterdam,NL,Turin,IT,Industrial,20.97,53.8,EUR,5.0,4
ORD-104277,MERIDIAN EXPRESS,24/04/2026,Standard,Delivered,Gothenburg,SE,Rome,IT,E-Commerce,9.91,71.7,USD,3.0,4
ORD-101474,Meridian Expr,2026-08-19,Express,Delivered,Hamburg,DE,Bergen,NO,Wholesale,5.02,85.47,EUR,2.0,2
ORD-101568,MERIDIAN EXPRESS,2026-07-13 00:00:00,Economy,Cancelled,Rotterdam,NL,Lyon,FR,Industrial,31.26,61.64,EUR,,7
ORD-102904, Meridian Express,23/02/2026,Standard,Delivered,Gothenburg,SE,Cologne,DE,Retail,44.33,88.94,EUR,3.0,4
ORD-104981,Kestrel Parcel,2026-08-10 00:00:00,Standard,Delayed,Hamburg,DE,Valencia,ES,Wholesale,34.44,87.06,EUR,5.0,4
ORD-101023,Meridian Expr,2026-06-08,Standard,Delivered,Gothenburg,SE,Lyon,FR,Retail,93.48,204.73,EUR,3.0,4
ORD-104845,baltica,2026-04-27 00:00:00,Economy,Delivered,Gothenburg,SE,Stockholm,SE,Wholesale,10.66,32.96,EUR,3.0,7
ORD-101579,Hanseatic Lines,2026-01-24 00:00:00,Express,Delayed,Rotterdam,NL,Madrid,ES,Wholesale,21.36,153.36,EUR,4.0,2
ORD-103802,MERIDIAN EXPRESS,2026-05-18 00:00:00,Economy,Delivered,Hamburg,DE,Stockholm,SE,Industrial,31.52,45.17,EUR,2.0,7
ORD-104435,Baltica Log.,24/07/2026,Standard,Delivered,Hamburg,DE,Eindhoven,NL,Retail,17.94,58.51,EUR,2.0,4
ORD-100346,MERIDIAN EXPRESS,"Aug 27, 2026",Standard,Delivered,Rotterdam,NL,Stockholm,SE,Industrial,17.09,54.2,EUR,2.0,4
ORD-100502,Vantage,2026-08-11 00:00:00,Economy,Delivered,Milan,IT,Turin,IT,Industrial,14.5,540.51,SEK,6.0,7
ORD-101232,Baltica Logistics A/S,"Aug 17, 2026",Standard,Delivered,Barcelona,ES,Aarhus,DK,Industrial,25.83,75.97,EUR,2.0,4
ORD-101643,Baltica Logistics A/S,21/01/2026,Economy,Delivered,Gothenburg,SE,Frankfurt,DE,Retail,3.45,24.76,EUR,5.0,7
ORD-104620,Kestrel Parcels AB,03/02/2026,Standard,Delayed,Milan,IT,Gdansk,PL,Industrial,21.61,514.65,SEK,5.0,4
ORD-104370,Nordfrakt AB,01/01/2026,Express,Delivered,Gothenburg,SE,Tampere,FI,Industrial,30.67,136.09,EUR,2.0,2
ORD-103333,baltica,09/06/2026,Express,Delayed,Rotterdam,NL,Brno,CZ,Retail,16.23,972.26,SEK,3.0,2
ORD-101547,MERIDIAN EXPRESS,"Jun 10, 2026",Standard,Delivered,Gothenburg,SE,Paris,FR,Industrial,14.1,46.15,USD,3.0,4
ORD-101425,Meridian Expr,2026-05-22 00:00:00,Economy,Delivered,Gothenburg,SE,Eindhoven,NL,Industrial,14.51,41.13,EUR,4.0,7
ORD-102917,Vantage Freight,2026-08-03,Standard,Delivered,Rotterdam,NL,Berlin,DE,E-Commerce,5.51,47.15,USD,3.0,4
ORD-101002,Nordfrakt AB,"Jan 01, 2026",Express,DELIVERED,Milan,IT,Cologne,DE,Retail,27.87,146.82,EUR,2.0,2
ORD-101008,Vantage,2026-04-07,Standard,Delivered,Gothenburg,SE,Bergen,NO,Retail,30.01,68.31,EUR,4.0,4
ORD-103677,Baltica Logistics A/S,2026-04-27,Standard,Delayed,Gothenburg,SE,Warsaw,PL,Industrial,13.58,64.59,EUR,5.0,4
ORD-102616,Vantage Freight Ltd,"Aug 27, 2026",Economy,Delivered,Hamburg,DE,Marseille,FR,Retail,12.55,516.97,SEK,5.0,7
ORD-100263,Kestrel Parcel,2026-07-21,Standard,Delivered,Gothenburg,SE,Madrid,ES,Industrial,48.54,112.11,EUR,4.0,4
ORD-100730,Hanseatic Lines,2026-04-06,Economy,Delivered,Rotterdam,NL,Copenhagen,DK,Industrial,13.39,47.63,USD,,7
ORD-101324,Vantage Freight,2026-06-19,Standard,Delivered,Gothenburg,SE,Graz,AT,E-Commerce,19.57,63.82,USD,4.0,4
ORD-100381,Kestrel Parcel,"Jul 28, 2026",Express,Delivered,Rotterdam,NL,Bergen,NO,Wholesale,21.1,138.62,USD,2.0,2
ORD-103111,kestrel,23/04/2026,Express,Delayed,Gothenburg,SE,Cologne,DE,Wholesale,46.18,131.67,EUR,3.0,2
ORD-102063,KESTREL PARCEL,"Mar 31, 2026",Standard,Delivered,Milan,IT,Prague,CZ,Industrial,23.43,79.53,EUR,4.0,4
ORD-101102,Meridian Express,"Jul 20, 2026",Express,Delivered,Hamburg,DE,Gdansk,PL,Retail,24.9,160.99,EUR,2.0,2
ORD-103828,Nordfrakt,2026-03-10,Express,Delivered,Gothenburg,SE,Bergen,NO,Industrial,12.42,87.24,EUR,2.0,2
ORD-102854,Meridian Expr,"Apr 02, 2026",Standard,Delivered,Barcelona,ES,Brno,CZ,E-Commerce,2.51,446.1,EUR,3.0,4
ORD-101338,Meridian Expr,2026-04-30 00:00:00,Economy,Delivered,Rotterdam,NL, Paris ,FR,E-Commerce,22.61,35.8,EUR,5.0,7
ORD-103601,nordfrakt,2026-01-30,Economy,Delivered,Gothenburg,SE,Cologne,DE,Industrial,15.64,47.31,EUR,6.0,7
ORD-103938,Vantage,2026-04-01 00:00:00,Economy,Delivered,Gothenburg,SE,Amsterdam,NL,E-Commerce,77.12,1267.15,SEK,3.0,7
ORD-103003,Baltica Log.,2026-08-10,Standard,Delivered,Gothenburg,SE,Frankfurt,DE,E-Commerce,11.48,60.26,EUR,3.0,4
ORD-101347,Hanseatic Line,20/03/2026,Express,Delivered,Gothenburg,SE,Aarhus,DK,Wholesale,22.68,107.45,EUR,2.0,2
ORD-100393,hanseatic line,2026-01-24,Economy,Delivered,Rotterdam,NL,Stockholm,SE,Retail,6.31,18.28,EUR,4.0,7
ORD-103465,Nordfrakt,2026-04-16,Standard,In Transit,Gothenburg,SE, Brno ,CZ,Wholesale,37.98,66.9,EUR,3.0,4
ORD-100983,Nordfrakt AB,"Feb 19, 2026",Standard,Delivered,Rotterdam,NL,Geneva,CH,E-Commerce,9.08,51.11,EUR,4.0,4
ORD-104200,nordfrakt,2026-03-09 00:00:00,Standard,Delivered,Gothenburg,SE,Eindhoven,NL,Retail,60.74,133.65,USD,2.0,4
ORD-101182,kestrel,16/03/2026,Express,Delayed,Rotterdam,NL,Krakow,PL,Wholesale,58.74,248.89,EUR,4.0,2
ORD-102792,Hanseatic Lines,2026-04-01,Standard,Delayed,Hamburg,DE,Vienna,AT,Wholesale,5.43,50.77,EUR,5.0,4
ORD-104019,nordfrakt,2026-03-13 00:00:00,Express,Delayed,Barcelona,ES,Prague,CZ,Wholesale,39.04,183.44,EUR,3.0,2
ORD-101380,Baltica Log.,21/08/2026,Express,Delivered,Milan,IT,London,GB,Industrial,29.7,194.96,USD,2.0,2
ORD-101253,nordfrakt,11/05/2026,Standard,Delivered,Rotterdam,NL,Malmo,SE,E-Commerce,20.01,47.48,EUR,2.0,4
ORD-104970, Nordfrakt ,"Jun 15, 2026",Standard,Delivered,Milan,IT,Eindhoven,NL,Wholesale,18.7,65.3,EUR,2.0,4
ORD-102211,Vantage Freight Ltd,2026-04-30,Standard,Delivered,Gothenburg,SE,Munich,DE,Wholesale,15.86,723.9,SEK,2.0,4
ORD-102878,Nordfrakt,2026-06-22 00:00:00,Economy,Delivered,Gothenburg,SE,Copenhagen,DK,E-Commerce,10.51,372.17,SEK,4.0,7
ORD-102896,vantage freight,2026-02-26 00:00:00,Economy,Delivered,Rotterdam,NL,Amsterdam,NL,Retail,19.95,35.92,EUR,3.0,7
ORD-101783,Meridian Expr,07/08/2026,Standard,Delivered,Gothenburg,SE,Copenhagen,DK,Retail,2.13,34.81,EUR,2.0,4
ORD-102392, Nordfrakt ,"Feb 02, 2026",Economy,Delivered,Rotterdam,NL,Berlin,DE,Industrial,38.88,54.99,EUR,3.0,7
ORD-101413,nordfrakt,09/05/2026,Express,Delayed,Gothenburg,SE,Valencia,ES,Industrial,4.19,110.13,USD,3.0,2
ORD-101386,nordfrakt,02/01/2026,Economy,Delivered,Barcelona,ES,Munich,DE,Retail,9.96,39.69,EUR,,7
ORD-104421,MERIDIAN EXPRESS,2026-08-31,Express,Delivered,Barcelona,ES,Gothenburg,SE,Industrial,4.7,79.93,EUR,1.0,2
ORD-102060, Nordfrakt ,2026-07-06,Economy,Delivered,Gothenburg,SE,Madrid,ES,E-Commerce,13.96,45.98,EUR,5.0,7
ORD-103722,hanseatic line,2026-04-17 00:00:00,Standard,Delayed,Rotterdam,NL,Munich,DE,Wholesale,20.78,668.39,SEK,5.0,4
ORD-101597,nordfrakt,2026-04-03,Standard,Delivered,Gothenburg,SE,Eindhoven,NL,E-Commerce,34.91,85.72,EUR,2.0,4
ORD-100598,Hanseatic Lines,"Feb 09, 2026",Express,Delayed,Gothenburg,SE,Geneva,CH,E-Commerce,74.36,2750.56,SEK,3.0,2
ORD-102969,Meridian Expr,2026-02-14,Standard,Delivered,Gothenburg,SE,Valencia,ES,Retail,13.89,64.47,EUR,3.0,4
ORD-102541,HANSEATIC,17/08/2026,Standard,Delayed,Hamburg,DE,Warsaw,PL,Industrial,42.15,93.0,EUR,5.0,4
ORD-104334,Nordfrakt,2026-07-17,Standard,Delivered,Rotterdam,NL,Berlin,DE,Retail,5.51,521.43,SEK,3.0,4
ORD-102805, Meridian Express,2026-08-14,Standard,Delivered,Rotterdam,NL,Rome,IT,Industrial,16.76,55.08,USD,3.0,4
ORD-104503, Meridian Express,2026-04-28 00:00:00,Economy,Delivered,Hamburg,DE,Frankfurt,DE,Retail,28.71,58.08,EUR,4.0,7
ORD-100226,baltica,2026-05-18 00:00:00,Standard,Delivered,Rotterdam,NL,Bergen,NO,Retail,9.34,56.85,USD,3.0,4
ORD-103197,Meridian Expr,"May 20, 2026",Standard,Delivered,Hamburg,DE,Lyon,FR,E-Commerce,8.95,,EUR,3.0,4
ORD-102650,Vantage Freight,"Jun 29, 2026",Standard,Delivered,Rotterdam,NL,Aarhus,DK,E-Commerce,69.56,1586.99,SEK,2.0,4
ORD-100707,Nordfrakt AB,2026-01-09,Economy,Delayed,Rotterdam,NL,Geneva,CH,Wholesale,18.73,53.6,EUR,9.0,7
ORD-104324,Kestrel Parcels AB,2026-08-17 00:00:00,Economy,Delivered,Hamburg,DE,Paris,FR,Wholesale,21.05,59.42,USD,5.0,7
ORD-104314, Meridian Express,2026-04-17 00:00:00,Economy,Delivered,Barcelona,ES,Marseille,FR,Industrial,75.89,784.3,SEK,,7
ORD-101171,Kestrel Parcel,2026-02-10 00:00:00,Standard,Cancelled,Milan,IT,Valencia,ES,E-Commerce,14.67,76.83,USD,,4
ORD-103094,kestrel,13/07/2026,Standard,Delivered,Gothenburg,SE,Graz,AT,Retail,39.13,101.03,EUR,4.0,4
ORD-100476,nordfrakt,08/06/2026,Standard,Delivered,Gothenburg,SE,Warsaw,PL,Wholesale,16.08,45.11,EUR,3.0,4
ORD-104036,Vantage Freight,12/03/2026,Standard,Delivered,Hamburg,DE,Gothenburg,SE,Industrial,22.46,789.54,SEK,1.0,4
ORD-102602,Baltica Logistics,"May 04, 2026",Economy,Delivered,Rotterdam,NL,Manchester,GB,Wholesale,42.67,64.68,EUR,6.0,7
ORD-102789,vantage freight,2026-06-02,Express,Delivered,Gothenburg,SE,Munich,DE,Wholesale,34.87,161.68,EUR,2.0,2
ORD-102360,Nordfrakt AB,20/02/2026,Express,Delivered,Gothenburg,SE,Gothenburg,SE,Retail,49.1,235.39,EUR,1.0,2
ORD-102269, Meridian Express,2026-08-19 00:00:00,Economy,Delivered,Milan,IT,Prague,CZ,Wholesale,10.47,480.23,SEK,6.0,7
ORD-100523,Baltica Logistics A/S,2026-05-27,Standard,Delivered,Gothenburg,SE,Gdansk,PL,Industrial,33.3,77.29,EUR,,4
ORD-100730,Hanseatic Lines,2026-04-06,Economy,Delivered,Rotterdam,NL,Copenhagen,DK,Industrial,13.39,47.63,USD,,7
ORD-103634,nordfrakt,2026-08-10,Standard,Delivered,Gothenburg,SE,Zurich,CH,Industrial,67.83,80.95,EUR,3.0,4
ORD-103377,Baltica Logistics A/S,2026-01-14 00:00:00,Express,Delivered,Rotterdam,NL,Frankfurt,DE,Retail,16.12,1107.12,SEK,2.0,2
ORD-102246,Meridian Expr,2026-01-11 00:00:00,Standard,Delivered,Rotterdam,NL,Stockholm,SE,Wholesale,17.82,45.52,EUR,2.0,4
ORD-101396,Vantage,04/02/2026,Express,Delivered,Barcelona,ES, Turin ,IT,Wholesale,23.2,127.51,EUR,2.0,2
ORD-100488,Nordfrakt AB,2026-04-25,Express,Delivered,Hamburg,DE,Cologne,DE,Wholesale,49.76,180.86,USD,2.0,2
ORD-102106, Nordfrakt ,2026-04-27,Standard,Delivered,Milan,IT, Tampere ,FI,Retail,45.81,,EUR,3.0,4
ORD-103210,Vantage Freight Ltd,10/08/2026,Standard,Delivered,Barcelona,ES,Bergen,NO,E-Commerce,11.5,40.33,EUR,3.0,4
ORD-104083,Meridian Expr,07/05/2026,Standard,Delivered,Gothenburg,SE,Zurich,CH,Industrial,12.39,50.91,USD,4.0,4
ORD-102097,Vantage Freight,2026-06-16 00:00:00,Standard,Delivered,Barcelona,ES,Aarhus,DK,Retail,57.5,106.2,EUR,2.0,4
ORD-100774,Nordfrakt AB,2026-06-08,Standard,Delivered,Gothenburg,SE,Valencia,ES,Industrial,50.86,89.51,EUR,3.0,4
ORD-100759,Nordfrakt,2026-04-06,Express,Delivered,Milan,IT,London,GB,Wholesale,49.08,237.49,EUR,2.0,2
ORD-100490,Baltica Logistics,2026-07-26,Express,Delivered,Gothenburg,SE,Amsterdam,NL,Wholesale,4.91,86.21,EUR,2.0,2
ORD-104539,hanseatic line,2026-06-21,Standard,Delayed,Gothenburg,SE,Graz,AT,Retail,18.74,74.09,EUR,6.0,4
ORD-103386,Vantage,2026-04-30 00:00:00,Economy,Delivered,Gothenburg,SE,Valencia,ES,Industrial,18.51,43.98,EUR,5.0,7
ORD-101942,kestrel,2026-06-24,Economy,Delivered,Gothenburg,SE,Frankfurt,DE,Retail,27.97,60.36,EUR,5.0,7
ORD-101254,Vantage Freight Ltd,"Feb 20, 2026",Express,Delivered,Gothenburg,SE,Malmo,SE,E-Commerce,43.13,173.56,EUR,1.0,2
ORD-100824,Baltica Logistics A/S,06/02/2026,Standard,Delayed,Gothenburg,SE, Madrid ,ES,Retail,38.04,84.98,EUR,5.0,4
ORD-103445,MERIDIAN EXPRESS,2026-03-26,Standard,Delivered,Barcelona,ES,Tampere,FI,E-Commerce,27.07,78.68,EUR,3.0,4
ORD-103723,Vantage Freight Ltd,2026-08-28,Standard,Delivered,Rotterdam,NL,Bergen,NO,Industrial,29.95,1057.47,SEK,4.0,4
ORD-103501,Nordfrakt AB,16/02/2026,Standard,Delivered,Barcelona,ES,Madrid,ES,Wholesale,0.91,587.51,SEK,3.0,4
ORD-101418,MERIDIAN EXPRESS,"Jun 16, 2026",Express,Delivered,Barcelona,ES,Marseille,FR,Retail,22.7,168.03,EUR,2.0,2
ORD-104819,Nordfrakt AB,27/07/2026,Standard,Delivered,Gothenburg,SE,Madrid,ES,E-Commerce,35.0,95.12,EUR,4.0,4
ORD-104962,HANSEATIC,2026-08-24 00:00:00,Standard,Delayed,Hamburg,DE,Prague,CZ,E-Commerce,78.49,146.92,EUR,5.0,4
ORD-101619,KESTREL PARCEL,2026-08-27,Economy,DELIVERED,Gothenburg,SE,Frankfurt,DE,Wholesale,6.52,27.62,EUR,6.0,7
ORD-102603,hanseatic line,2026-01-05,Economy,Delayed,Milan,IT,Gdansk,PL,Wholesale,35.34,34.23,EUR,10.0,7
ORD-104581,Meridian Express,17/08/2026,Standard,Delivered,Barcelona,ES,Stockholm,SE,Industrial,9.6,567.53,SEK,2.0,4
ORD-100719,baltica,2026-01-26,Standard,DELIVERED,Milan,IT,Paris,FR,Wholesale,9.2,53.31,EUR,2.0,4
ORD-102831, Meridian Express,2026-05-11 00:00:00,Standard,Delivered,Hamburg,DE,Graz,AT,Retail,30.01,75.59,EUR,3.0,4
ORD-102782,nordfrakt,"Apr 23, 2026",Express,Delivered,Rotterdam,NL,Krakow,PL,Retail,24.67,152.1,EUR,2.0,2
ORD-102724,Vantage Freight,2026-05-08,Standard,Cancelled,Gothenburg,SE,Gothenburg,SE,E-Commerce,37.07,75.06,EUR,,4
ORD-101558,nordfrakt,2026-08-31 00:00:00,Standard,Delivered,Gothenburg,SE,Cologne,DE,Wholesale,33.81,87.54,EUR,4.0,4
ORD-101081,Vantage,"Aug 26, 2026",Standard,Delivered,Milan,IT,Frankfurt,DE,Industrial,22.79,67.36,EUR,2.0,4
ORD-100920,Kestrel Parcel,23/06/2026,Standard,Delivered,Hamburg,DE,Stockholm,SE,Wholesale,25.32,70.98,USD,2.0,4
ORD-102652,baltica,25/08/2026,Economy,Delivered,Rotterdam,NL, Malmo ,SE,Retail,11.02,29.35,EUR,3.0,7
ORD-103929,vantage freight,11/04/2026,Standard,Delivered,Gothenburg,SE,Tampere,FI,E-Commerce,15.43,71.47,EUR,3.0,4
ORD-104773,Vantage,2026-08-24 00:00:00,Standard,Delivered,Milan,IT,Oslo,NO,Retail,31.06,77.12,EUR,3.0,4
ORD-100848,Kestrel Parcels AB,"May 25, 2026",Standard,Delayed,Milan,IT,Vienna,AT,Industrial,30.63,898.5,SEK,5.0,4
ORD-103921,Baltica Log.,02/02/2026,Standard,Delivered,Hamburg,DE,Prague,CZ,Wholesale,51.35,136.39,EUR,4.0,4
ORD-104222,nordfrakt,2026-05-28 00:00:00,Standard,Delivered,Gothenburg,SE,Valencia,ES,Wholesale,14.07,744.7,USD,3.0,4
ORD-104422,kestrel,24/04/2026,Express,Delayed,Barcelona,ES,Lyon,FR,Wholesale,29.35,157.67,EUR,3.0,2
ORD-104502,baltica,"Aug 31, 2026",Standard,Delivered,Gothenburg,SE,Stockholm,SE,Retail,24.95,51.67,USD,3.0,4
ORD-104524,Vantage,2026-05-14 00:00:00,Economy,Delivered,Barcelona,ES,Lyon,FR,Industrial,17.76,40.88,EUR,5.0,7
ORD-101294,MERIDIAN EXPRESS,2026-08-05,Economy,Delivered,Hamburg,DE,Frankfurt,DE,Wholesale,96.71,73.25,EUR,4.0,7
ORD-102189,Nordfrakt,2026-01-16,Express,In Transit,Gothenburg,SE,Gothenburg,SE,E-Commerce,10.39,,SEK,1.0,2
ORD-103805,Hanseatic Lines,09/06/2026,Standard,Delayed,Gothenburg,SE,Bergen,NO,Retail,20.66,66.25,EUR,5.0,4
ORD-101892,Vantage,2026-06-26 00:00:00,Standard,Delivered,Rotterdam,NL,Cologne,DE,Industrial,37.0,92.1,USD,3.0,4
ORD-100436,Baltica Logistics,2026-01-06,Economy,Delivered,Rotterdam,NL,Copenhagen,DK,Industrial,63.17,70.5,EUR,4.0,7
ORD-101559,Hanseatic Line,"Jun 15, 2026",Economy,Delivered,Hamburg,DE,Malmo,SE,Retail,23.98,42.13,EUR,4.0,7
ORD-103066,Baltica Logistics A/S,2026-06-01 00:00:00,Standard,Delivered,Hamburg,DE,Frankfurt,DE,Retail,36.46,71.66,EUR,4.0,4
ORD-102492,HANSEATIC,"Jul 24, 2026",Standard,DELAYED,Barcelona,ES,Krakow,PL,Wholesale,20.37,799.91,SEK,5.0,4
ORD-100780,hanseatic line,"Jun 25, 2026",Standard,Delayed,Rotterdam,NL,Rome,IT,E-Commerce,17.03,67.13,EUR,6.0,4
ORD-102467,Vantage,09/03/2026,Economy,Delivered,Rotterdam,NL,Turin,IT,Retail,27.01,59.25,EUR,7.0,7
ORD-101197, Meridian Express,24/08/2026,Express,Delivered,Milan,IT,Oslo,NO,E-Commerce,29.51,176.1,USD,1.0,2
ORD-103244, Nordfrakt ,05/04/2026,Economy,Delivered,Gothenburg,SE,Oslo,NO,E-Commerce,32.98,43.53,EUR,4.0,7
ORD-100602,baltica,2026-04-10,Economy,Delivered,Hamburg,DE,Vienna,AT,Retail,35.88,64.47,EUR,5.0,7
ORD-103604,vantage freight,21/07/2026,Standard,Delivered,Gothenburg,SE,Vienna,AT,E-Commerce,30.83,93.4,EUR,3.0,4
ORD-104809,Nordfrakt,2026-05-17 00:00:00,Standard,Delivered,Rotterdam,NL,Manchester,GB,Industrial,31.04,1166.27,SEK,4.0,4
ORD-102942,HANSEATIC,"Apr 23, 2026",Standard,Delayed,Rotterdam,NL,Berlin,DE,E-Commerce,10.29,6466.4,SEK,5.0,4
ORD-104258,Nordfrakt AB,2026-01-26,Standard,Delivered,Barcelona,ES,Graz,AT,Wholesale,6.6,49.78,EUR,4.0,4
ORD-101302,Baltica Log.,2026-03-20,Express,Delivered,Milan,IT,Copenhagen,DK,Industrial,166.4,443.84,EUR,1.0,2
ORD-100828,Kestrel Parcels AB,"Jun 18, 2026",Standard,Delivered,Gothenburg,SE,Vienna,AT,Wholesale,16.17,719.23,SEK,4.0,4
ORD-103081,Baltica Logistics A/S,25/05/2026,Economy,Delivered,Gothenburg,SE,Rome,IT,Industrial,20.87,45.3,EUR,7.0,7
ORD-104478,MERIDIAN EXPRESS,2026-06-21 00:00:00,Standard,Delivered,Gothenburg,SE,Bergen,NO,Industrial,41.94,1243.41,SEK,4.0,4
ORD-102513,Meridian Expr,2026-04-19 00:00:00,Standard,Delivered,Hamburg,DE,Berlin,DE,Industrial,13.88,71.88,USD,2.0,4
ORD-101225,MERIDIAN EXPRESS,"Aug 17, 2026",Economy,DELIVERED,Hamburg,DE,Warsaw,PL,Industrial,16.06,47.04,EUR,5.0,7
ORD-101796, Nordfrakt ,2026-08-18 00:00:00,Standard,Delivered,Hamburg,DE,Oslo,NO,Retail,21.01,61.22,USD,3.0,4
ORD-101986,Kestrel Parcel,2026-05-29,Economy,Delivered,Rotterdam,NL,Geneva,CH,Retail,27.54,55.94,EUR,6.0,7
ORD-102600,KESTREL PARCEL,"Jun 17, 2026",Express,Delivered,Hamburg,DE,Eindhoven,NL,Wholesale,47.48,2703.11,SEK,2.0,2
ORD-100989,nordfrakt,2026-05-07,Express,Delayed,Gothenburg,SE,Paris,FR,Wholesale,55.54,251.97,EUR,3.0,2
ORD-104209,Hanseatic Lines,2026-01-27 00:00:00,Express,Delivered,Gothenburg,SE,Stockholm,SE,Industrial,17.55,96.92,EUR,1.0,2
ORD-101758,vantage freight,2026-01-08,Standard,Delivered,Rotterdam,NL,Amsterdam,NL,Retail,15.79,62.93,EUR,,4
ORD-100866,KESTREL PARCEL,"May 25, 2026",Express,Delayed,Rotterdam,NL,Vienna,AT,Retail,42.0,2219.67,SEK,3.0,2
ORD-104584,kestrel,"Jan 19, 2026",Standard,Delayed,Gothenburg,SE,Gdansk,PL,Industrial,7.29,53.92,EUR,5.0,4
ORD-102217,vantage freight,2026-08-31 00:00:00,Standard,Delivered,Gothenburg,SE,Helsinki,FI,Industrial,19.2,73.95,EUR,4.0,4
ORD-100803,kestrel,2026-07-20 00:00:00,Standard,Delivered,Barcelona,ES,Berlin,DE,E-Commerce,55.63,111.66,EUR,4.0,4
ORD-101203,Meridian Expr,23/04/2026,Standard,Delivered,Gothenburg,SE,Munich,DE,Wholesale,23.6,69.9,EUR,3.0,4
ORD-103171,Nordfrakt,29/07/2026,Standard,Cancelled,Rotterdam,NL,London,GB,Industrial,17.74,84.18,EUR,,4
ORD-102703,Vantage,"Jun 03, 2026",Standard,Delivered,Rotterdam,NL,Madrid,ES,E-Commerce,10.99,47.67,EUR,4.0,4
ORD-102856,Meridian Expr,"Jan 06, 2026",Standard,Delivered,Rotterdam,NL,Aarhus,DK,E-Commerce,60.09,131.13,USD,2.0,4
ORD-104716,Meridian Expr,2026-07-02 00:00:00,Standard,Delivered,Gothenburg,SE,Eindhoven,NL,E-Commerce,93.98,149.67,EUR,2.0,4
ORD-100401,MERIDIAN EXPRESS,2026-05-01 00:00:00,Economy,Delivered,Rotterdam,NL,Paris,FR,Wholesale,12.11,31.41,EUR,6.0,7
ORD-104932,vantage freight,"Jul 07, 2026",Standard,Delayed,Rotterdam,NL,Krakow,PL,Retail,18.87,71.73,USD,5.0,4
ORD-103874, Meridian Express,2026-02-04,Standard,Delivered,Hamburg,DE,Oslo,NO,Retail,57.43,1315.21,SEK,2.0,4
ORD-100805,nordfrakt,2026-05-03,Express,Delivered,Gothenburg,SE,Stockholm,SE,Industrial,9.81,85.92,EUR,1.0,2
ORD-103745,Baltica Log.,2026-08-24 00:00:00,Standard,Delivered,Hamburg,DE,Munich,DE,Wholesale,56.59,94.66,EUR,3.0,4
ORD-102085, Meridian Express,"Feb 23, 2026",Economy,Delivered,Rotterdam,NL,Bergen,NO,Retail,14.5,42.62,EUR,4.0,7
ORD-102756,MERIDIAN EXPRESS,2026-06-29,Express,Delivered,Rotterdam,NL,Gothenburg,SE,Retail,22.28,105.99,EUR,1.0,2
ORD-102119,Baltica Logistics A/S,21/03/2026,Standard,Delivered,Hamburg,DE,Zurich,CH,Industrial,9.98,37.94,EUR,4.0,4
ORD-103679,vantage freight,"Apr 07, 2026",Standard,DELIVERED,Rotterdam,NL,Aarhus,DK,Retail,34.11,90.81,EUR,2.0,4
ORD-101752,Kestrel Parcel,"Feb 09, 2026",Economy,Delivered,Hamburg,DE,Vienna,AT,Retail,35.48,777.17,SEK,6.0,7
ORD-102516,Kestrel Parcels AB,15/03/2026,Standard,Delayed,Gothenburg,SE,Gdansk,PL,Wholesale,41.3,125.3,EUR,7.0,4
ORD-103389,Vantage,2026-03-09,Standard,In Transit,Gothenburg,SE,Helsinki,FI,Retail,93.5,207.18,EUR,4.0,4
ORD-101377,Meridian Express,2026-04-17 00:00:00,Express,Delivered,Gothenburg,SE,Frankfurt,DE,E-Commerce,29.23,149.25,EUR,2.0,2
ORD-103844,Baltica Log.,20/07/2026,Standard,Delivered,Gothenburg,SE,Eindhoven,NL,Wholesale,39.33,100.74,EUR,3.0,4
ORD-103515,Meridian Expr,2026-08-17,Standard,Delayed,Milan,IT,Madrid,ES,Industrial,56.96,115.85,EUR,5.0,4
ORD-102571,Vantage Freight Ltd,2026-07-27 00:00:00,Standard,Cancelled,Gothenburg,SE,Gothenburg,SE,E-Commerce,19.2,65.5,EUR,,4
ORD-100241,Baltica Log.,2026-01-15 00:00:00,Standard,Delivered,Gothenburg,SE,Eindhoven,NL,E-Commerce,10.98,38.67,EUR,3.0,4
ORD-101789,MERIDIAN EXPRESS,"Apr 20, 2026",Standard,Delivered,Gothenburg,SE,Cologne,DE,Retail,27.69,80.97,EUR,3.0,4
ORD-100526,Baltica Logistics A/S,2026-07-20 00:00:00,Express,Delivered,Milan,IT, Stockholm ,SE,E-Commerce,70.38,186.52,EUR,1.0,2
ORD-102530,Baltica Logistics A/S,"Jul 16, 2026",Express,Delayed,Hamburg,DE,Geneva,CH,Industrial,1.98,88.71,EUR,3.0,2
ORD-102886, Meridian Express,2026-07-27,Standard,Delivered,Gothenburg,SE,Gothenburg,SE,E-Commerce,41.17,99.01,USD,2.0,4
ORD-104098,baltica,"May 11, 2026",Express,Delayed,Hamburg,DE,Madrid,ES,Retail,39.79,205.1,EUR,3.0,2
ORD-103295,Vantage,"May 12, 2026",Express,Delivered,Gothenburg,SE,Lyon,FR,E-Commerce,15.47,1083.02,SEK,2.0,2
ORD-100429,kestrel,2026-03-30,Express,Delivered,Gothenburg,SE,Gothenburg,SE,E-Commerce,37.63,115.86,EUR,1.0,2
ORD-102066,Nordfrakt,03/04/2026,Economy,Delivered,Milan,IT, Gothenburg ,SE,Wholesale,34.01,70.55,EUR,3.0,7
ORD-102325,Kestrel Parcels AB,26/05/2026,Economy,Delivered,Rotterdam,NL,Geneva,CH,Retail,12.87,48.34,USD,6.0,7
ORD-102074,KESTREL PARCEL,18/03/2026,Standard,Delivered,Barcelona,ES,Berlin,DE,E-Commerce,76.17,150.52,EUR,4.0,4
ORD-102048,Meridian Expr,2026-04-17 00:00:00,Economy,Delivered,Hamburg,DE,Aarhus,DK,Industrial,16.88,37.94,EUR,4.0,7
ORD-100946,Baltica Logistics,2026-08-17 00:00:00,Economy,Delivered,Rotterdam,NL,Zurich,CH,Industrial,28.21,51.1,EUR,7.0,7
ORD-102098,Meridian Expr,2026-04-17 00:00:00,Express,Delivered,Hamburg,DE,London,GB,Industrial,30.04,149.67,EUR,2.0,2
ORD-100750,MERIDIAN EXPRESS,10/08/2026,Standard,Delivered,Rotterdam,NL, Munich ,DE,E-Commerce,4.57,54.32,USD,3.0,4
ORD-102926,Meridian Express,"Feb 02, 2026",Standard,Delivered,Hamburg,DE,Oslo,NO,Industrial,13.87,58.32,EUR,2.0,4
ORD-103865,Baltica Logistics A/S,"May 01, 2026",Express,Delivered,Barcelona,ES,Brno,CZ,Retail,3.51,100.98,EUR,2.0,2
ORD-101864, Meridian Express,2026-06-02,Standard,Delivered,Milan,IT,Manchester,GB,Retail,38.57,87.42,EUR,4.0,4
ORD-101958,Nordfrakt AB,"Feb 26, 2026",Standard,Delivered,Rotterdam,NL,Copenhagen,DK,Retail,17.18,53.56,EUR,2.0,4
ORD-102562,Meridian Expr,2026-03-02 00:00:00,Economy,Delivered,Gothenburg,SE,Frankfurt,DE,Industrial,66.91,75.92,EUR,3.0,7
ORD-101667,Vantage,09/03/2026,Standard,Delivered,Rotterdam,NL,Frankfurt,DE,Industrial,117.08,230.19,USD,,4
ORD-101395,Baltica Log.,19/01/2026,Economy,DELIVERED,Milan,IT,Krakow,PL,Wholesale,67.68,85.94,EUR,5.0,7
ORD-102183,Nordfrakt AB,"Feb 18, 2026",Express,Delivered,Rotterdam,NL,Valencia,ES,Retail,5.32,88.75,EUR,2.0,2
ORD-102041,Vantage Freight Ltd,03/07/2026,Economy,Delivered,Hamburg,DE,Oslo,NO,E-Commerce,27.08,41.55,EUR,5.0,7
ORD-103507,Vantage Freight,2026-05-20 00:00:00,Standard,Delivered,Gothenburg,SE,Amsterdam,NL,Industrial,48.47,79.36,EUR,3.0,4
ORD-101275,vantage freight,27/03/2026,Standard,Delivered,Gothenburg,SE,Bergen,NO,Retail,12.66,53.14,EUR,2.0,4
ORD-102991,Nordfrakt,16/02/2026,Economy,Delivered,Gothenburg,SE,Geneva,CH,Wholesale,66.81,1180.44,SEK,5.0,7
ORD-103738,Vantage Freight Ltd,"Mar 02, 2026",Standard,Delivered,Gothenburg,SE,Cologne,DE,Wholesale,41.23,111.62,USD,3.0,4
ORD-104469,Nordfrakt AB,15/04/2026,Standard,Delayed,Rotterdam,NL,Geneva,CH,E-Commerce,27.57,90.35,USD,5.0,4
ORD-104383,MERIDIAN EXPRESS,"Jan 05, 2026",Standard,Delivered,Milan,IT,Rome,IT,Wholesale,10.35,66.24,USD,4.0,4
ORD-102463,MERIDIAN EXPRESS,16/01/2026,Standard,Delivered,Milan,IT,Berlin,DE,Industrial,44.47,91.88,EUR,3.0,4
ORD-101070,nordfrakt,06/03/2026,Economy,Delivered,Gothenburg,SE,Cologne,DE,Retail,78.56,76.53,EUR,4.0,7
ORD-100301, Nordfrakt ,28/05/2026,Economy,Delivered,Hamburg,DE,Oslo,NO,Industrial,17.25,35.85,EUR,5.0,7
ORD-100102,Nordfrakt,"May 18, 2026",Standard,Delivered,Gothenburg,SE,Tampere,FI,Wholesale,47.26,113.87,USD,4.0,4
ORD-102470,Meridian Express,2026-07-03 00:00:00,Economy,Delivered,Gothenburg,SE, Warsaw ,PL,Wholesale,11.27,37.63,USD,4.0,7
ORD-104886,Meridian Express,15/03/2026,Express,Delivered,Rotterdam,NL,Lyon,FR,E-Commerce,7.15,90.84,EUR,2.0,2
ORD-103168,Nordfrakt,2026-05-26 00:00:00,Standard,Delivered,Gothenburg,SE,Oslo,NO,E-Commerce,7.82,51.01,EUR,2.0,4
ORD-103329,kestrel,2026-07-17 00:00:00,Express,Delayed,Gothenburg,SE,Munich,DE,Industrial,21.78,127.61,EUR,3.0,2
ORD-102993,Nordfrakt,2026-06-15,Standard,Delivered,Hamburg,DE,Berlin,DE,Wholesale,41.31,96.86,EUR,3.0,4
ORD-100374,Baltica Log.,30/06/2026,Standard,Delivered,Barcelona,ES,Frankfurt,DE,Industrial,45.06,1269.33,SEK,3.0,4
ORD-101213,Meridian Expr,19/06/2026,Express,Delivered,Hamburg,DE,Copenhagen,DK,Industrial,19.49,145.63,USD,2.0,2
ORD-100544, Nordfrakt ,2026-06-01,Economy,Delivered,Hamburg,DE, Tampere ,FI,E-Commerce,5.47,36.85,EUR,6.0,7
ORD-102544,Nordfrakt,17/05/2026,Standard,Delivered,Gothenburg,SE,Stockholm,SE,Wholesale,18.17,64.6,EUR,,4
ORD-103351,Baltica Logistics A/S,29/07/2026,Economy,Delayed,Rotterdam,NL,Warsaw,PL,Wholesale,11.84,38.81,EUR,8.0,7
ORD-102164,Nordfrakt,2026-08-06,Standard,Delivered,Barcelona,ES,Stockholm,SE,Retail,30.73,60.69,EUR,2.0,4
ORD-101085,Nordfrakt AB,"Jun 04, 2026",Economy,Delivered,Gothenburg,SE,Eindhoven,NL,Wholesale,47.77,624.86,SEK,3.0,7
ORD-104671,Nordfrakt,2026-03-14,Express,Delivered,Hamburg,DE, Gdansk ,PL,E-Commerce,12.13,141.41,USD,2.0,2
ORD-102227,vantage freight,2026-07-27 00:00:00,Standard,Delayed,Hamburg,DE,Graz,AT,Retail,27.01,76.5,EUR,5.0,4
ORD-100690,Baltica Logistics,"Aug 31, 2026",Standard,Delivered,Gothenburg,SE,Tampere,FI,Retail,13.12,77.3,EUR,4.0,4
ORD-103073,Nordfrakt AB,2026-05-04,Express,Delivered,Rotterdam,NL,Lyon,FR,Industrial,38.05,159.6,EUR,2.0,2
ORD-104403,Baltica Log.,28/07/2026,Standard,Delivered,Rotterdam,NL,Graz,AT,Industrial,27.72,82.64,EUR,3.0,4
ORD-104224,Nordfrakt,2026-05-04 00:00:00,Standard,Delivered,Milan,IT,Brno,CZ,Retail,40.47,98.22,EUR,4.0,4
ORD-104881,Baltica Log.,"Aug 31, 2026",Standard,Delivered,Milan,IT,Prague,CZ,Retail,20.4,70.13,EUR,3.0,4
ORD-102111,baltica,"Mar 06, 2026",Express,Delivered,Rotterdam,NL,Gothenburg,SE,Wholesale,8.83,68.71,EUR,2.0,2
ORD-104379,hanseatic line,2026-07-24 00:00:00,Standard,Delayed,Gothenburg,SE,Graz,AT,Wholesale,30.03,82.81,EUR,5.0,4
ORD-100554,Vantage,"Aug 24, 2026",Economy,Delivered,Barcelona,ES,Vienna,AT,Industrial,43.92,60.55,EUR,5.0,7
ORD-102554,Baltica Log.,2026-08-24 00:00:00,Economy,Delivered,Barcelona,ES,Cologne,DE,Industrial,10.85,33.78,EUR,5.0,7
ORD-101041,kestrel,2026-06-14 00:00:00,Standard,Delivered,Rotterdam,NL,Copenhagen,DK,Industrial,21.7,78.59,EUR,3.0,4
ORD-100363,vantage freight,"Jul 06, 2026",Standard,Delivered,Milan,IT,Amsterdam,NL,Wholesale,11.33,491.64,SEK,3.0,4
ORD-100550,baltica,15/05/2026,Standard,Delivered,Rotterdam,NL,Oslo,NO,Wholesale,12.88,58.77,EUR,3.0,4
ORD-103030,Nordfrakt AB,2026-04-07 00:00:00,Economy,Delivered,Gothenburg,SE,Amsterdam,NL,E-Commerce,17.43,35.43,EUR,,7
ORD-102839,Meridian Express,16/08/2026,Express,Delayed,Gothenburg,SE,Brno,CZ,Wholesale,20.5,104.79,USD,3.0,2
ORD-101622, Nordfrakt ,"Jul 21, 2026",Express,Delivered,Gothenburg,SE,Aarhus,DK,Industrial,32.21,151.73,EUR,1.0,2
ORD-100842,Meridian Expr,2026-07-13,Economy,Delivered,Barcelona,ES,Gdansk,PL,E-Commerce,9.08,46.38,EUR,5.0,7
ORD-100879,Nordfrakt,2026-02-09 00:00:00,Standard,Delivered,Milan,IT,Turin,IT,Wholesale,32.68,114.63,USD,4.0,4
ORD-104520, Meridian Express,2026-08-26,Express,DELAYED,Rotterdam,NL,Zurich,CH,Wholesale,75.66,252.88,EUR,3.0,2
ORD-102752,KESTREL PARCEL,2026-01-14,Standard,Delivered,Gothenburg,SE,Valencia,ES,Wholesale,48.51,100.74,EUR,4.0,4
ORD-100863,Vantage Freight Ltd,2026-04-28,Express,Delivered,Hamburg,DE,Turin,IT,Retail,55.75,275.84,USD,2.0,2
ORD-104734, Meridian Express,2026-05-29,Standard,Delivered,Hamburg,DE,Brno,CZ,E-Commerce,29.89,1056.52,SEK,3.0,4
ORD-102402,Kestrel Parcel,2026-04-14 00:00:00,Standard,Delivered,Hamburg,DE,Graz,AT,Industrial,25.71,76.48,USD,4.0,4
ORD-101911,Baltica Logistics,"Jul 01, 2026",Standard,Delivered,Milan,IT,Munich,DE,Wholesale,47.93,94.02,EUR,3.0,4
ORD-102749,Hanseatic Lines,2026-08-17 00:00:00,Standard,Delayed,Milan,IT,Krakow,PL,E-Commerce,31.02,99.96,EUR,6.0,4
ORD-100058,Hanseatic Line,"Apr 13, 2026",Express,Delayed,Rotterdam,NL, London ,GB,Wholesale,11.35,101.24,EUR,3.0,2
ORD-101326,Baltica Log.,2026-03-09,Standard,Delivered,Gothenburg,SE,Warsaw,PL,Wholesale,42.42,114.33,EUR,4.0,4
ORD-104272,nordfrakt,26/07/2026,Express,Delivered,Gothenburg,SE,Manchester,GB,Wholesale,150.25,449.37,EUR,2.0,2
ORD-102294,HANSEATIC,2026-03-30,Standard,Delayed,Gothenburg,SE,Turin,IT,Retail,24.97,90.82,EUR,6.0,4
ORD-102529,Vantage,2026-01-12 00:00:00,Standard,Delivered,Milan,IT,Cologne,DE,E-Commerce,24.73,71.26,EUR,3.0,4
ORD-103395,KESTREL PARCEL,2026-05-11,Standard,Delivered,Rotterdam,NL,Copenhagen,DK,Wholesale,27.04,80.8,EUR,3.0,4
ORD-103517,Hanseatic Line,"Jul 09, 2026",Standard,Delayed,Milan,IT,Rome,IT,Retail,30.74,105.24,USD,6.0,4
ORD-102195,Vantage Freight Ltd,25/05/2026,Economy,Delivered,Rotterdam,NL,Gothenburg,SE,Industrial,67.6,85.48,EUR,3.0,7
ORD-100516,MERIDIAN EXPRESS,"Jun 29, 2026",Economy,Delivered,Rotterdam,NL,Malmo,SE,E-Commerce,43.09,71.62,USD,2.0,7
ORD-103589,hanseatic line,2026-07-13,Express,Delayed,Rotterdam,NL,Zurich,CH,Retail,19.73,123.23,EUR,3.0,2
ORD-104147,baltica,2026-06-15 00:00:00,Economy,Delivered,Barcelona,ES,Stockholm,SE,Wholesale,44.48,69.09,EUR,3.0,7
ORD-102500,Meridian Expr,2026-03-19,Economy,Delivered,Barcelona,ES,Frankfurt,DE,Industrial,61.76,82.84,EUR,,7
ORD-104873,Baltica Logistics A/S,2026-01-19,Express,Delayed,Barcelona,ES,Gdansk,PL,E-Commerce,35.05,143.7,EUR,3.0,2
ORD-100192,Hanseatic Lines,2026-01-28 00:00:00,Standard,Delayed,Barcelona,ES,Prague,CZ,Industrial,52.15,113.28,EUR,6.0,4
ORD-102178,HANSEATIC,2026-02-07,Express,Delayed,Gothenburg,SE,Geneva,CH,E-Commerce,23.97,184.48,EUR,,2
ORD-104558,HANSEATIC,"Apr 17, 2026",Standard,Delayed,Rotterdam,NL,Prague,CZ,Wholesale,2.77,51.28,EUR,5.0,4
ORD-101303,Nordfrakt,2026-07-06 00:00:00,Standard,Delivered,Milan,IT,Frankfurt,DE,Retail,9.87,45.8,EUR,3.0,4
ORD-102198,Meridian Express,2026-01-08,Standard,Delivered,Gothenburg,SE,Prague,CZ,Industrial,18.97,59.8,USD,3.0,4
ORD-104921,Vantage Freight,2026-06-23,Standard,Delivered,Rotterdam,NL,Tampere,FI,E-Commerce,9.59,60.52,EUR,3.0,4
ORD-100775,Nordfrakt,2026-08-05 00:00:00,Standard,Delivered,Hamburg,DE,Copenhagen,DK,Industrial,49.94,81.04,EUR,2.0,4
ORD-100570,Vantage,"Aug 03, 2026",Economy,Delivered,Rotterdam,NL,Eindhoven,NL,Retail,10.93,370.97,SEK,5.0,7
ORD-100649,Nordfrakt AB,2026-06-09,Standard,Delivered,Gothenburg,SE,Bergen,NO,Wholesale,47.59,100.43,EUR,3.0,4
ORD-102877, Nordfrakt ,27/07/2026,Express,Delayed,Barcelona,ES,Valencia,ES,Retail,34.34,155.87,EUR,3.0,2
ORD-103840,vantage freight,2026-06-22,Economy,Delivered,Milan,IT,Brno,CZ,Wholesale,7.66,44.66,EUR,5.0,7
ORD-102903,Kestrel Parcels AB,"Feb 03, 2026",Economy,Delivered,Gothenburg,SE,Gothenburg,SE,Industrial,35.84,46.3,EUR,3.0,7
ORD-104759,Meridian Express,2026-03-16,Standard,Delivered,Gothenburg,SE,Prague,CZ,E-Commerce,28.19,814.72,SEK,3.0,4
ORD-104890,Nordfrakt AB,2026-06-04,Economy,Delivered,Milan,IT,Aarhus,DK,Wholesale,36.79,52.99,USD,3.0,7
ORD-104564,Vantage Freight,"Jul 06, 2026",Express,Delivered,Barcelona,ES,Stockholm,SE,Wholesale,3.44,59.54,EUR,2.0,2
ORD-100762,Meridian Express,"Aug 04, 2026",Economy,Delivered,Rotterdam,NL,Oslo,NO,Industrial,20.49,38.05,EUR,4.0,7
ORD-100173,MERIDIAN EXPRESS,2026-04-01 00:00:00,Standard,DELIVERED,Rotterdam,NL,Lyon,FR,Wholesale,18.73,80.55,EUR,4.0,4
ORD-101734,vantage freight,2026-06-16,Standard,DELIVERED,Milan,IT,Tampere,FI,Retail,46.33,88.4,USD,4.0,4
ORD-102511,Meridian Expr,"Jun 11, 2026",Economy,Delivered,Milan,IT,Vienna,AT,Wholesale,14.78,541.69,SEK,6.0,7
ORD-103742, Nordfrakt ,"Jul 29, 2026",Economy,Delivered,Barcelona,ES,Cologne,DE,Retail,16.1,38.44,EUR,5.0,7
ORD-102351,Vantage Freight,"Apr 16, 2026",Standard,Delivered,Milan,IT,Tampere,FI,Industrial,16.77,74.0,USD,4.0,4
ORD-100864,Meridian Expr,"Jun 08, 2026",Standard,DELIVERED,Barcelona,ES,Malmo,SE,E-Commerce,24.2,75.04,EUR,2.0,4
ORD-103456,nordfrakt,2026-04-16,Standard,Delivered,Rotterdam,NL,Eindhoven,NL,Retail,12.58,58.4,EUR,2.0,4
ORD-100371,MERIDIAN EXPRESS,2026-02-27,Standard,Delivered,Rotterdam,NL,Rome,IT,Retail,16.09,71.43,USD,2.0,4
ORD-103214,Hanseatic Lines,2026-01-05,Economy,Delayed,Rotterdam,NL,Graz,AT,Retail,16.82,38.91,EUR,9.0,7
ORD-101784,Nordfrakt,2026-04-06 00:00:00,Express,Delivered,Gothenburg,SE,Vienna,AT,Retail,8.25,101.44,EUR,2.0,2
ORD-100519,Kestrel Parcels AB,2026-01-21 00:00:00,Express,Delivered,Rotterdam,NL,Frankfurt,DE,Industrial,9.4,1046.66,SEK,2.0,2
ORD-102446,Kestrel Parcel,2026-04-29,Economy,Delivered,Hamburg,DE,Amsterdam,NL,Industrial,21.61,42.27,EUR,4.0,7
ORD-102882,Vantage Freight,04/01/2026,Economy,Delivered,Gothenburg,SE,Turin,IT,Retail,60.2,86.53,USD,7.0,7
ORD-104588,hanseatic line,27/01/2026,Economy,DELIVERED,Rotterdam,NL,Lyon,FR,Wholesale,1.68,25.38,EUR,7.0,7
ORD-100395,Hanseatic Line,2026-06-24,Standard,Delivered,Barcelona,ES,Oslo,NO,E-Commerce,48.18,103.81,EUR,4.0,4
ORD-100094,MERIDIAN EXPRESS,2026-07-07 00:00:00,Standard,Delivered,Hamburg,DE,Cologne,DE,E-Commerce,46.12,106.85,EUR,2.0,4
ORD-102670, Nordfrakt ,2026-05-09 00:00:00,Standard,Delivered,Gothenburg,SE,Graz,AT,Retail,8.0,57.59,USD,3.0,4
ORD-103714,MERIDIAN EXPRESS,2026-04-03 00:00:00,Economy,Delivered,Rotterdam,NL,Brno,CZ,Wholesale,17.38,43.35,USD,5.0,7
ORD-101983, Nordfrakt ,2026-04-17 00:00:00,Express,Delivered,Milan,IT,London,GB,Wholesale,25.55,157.84,EUR,2.0,2
ORD-102995,nordfrakt,2026-02-10,Standard,Delivered,Barcelona,ES,Paris,FR,Industrial,33.78,83.81,EUR,3.0,4
ORD-104978,Vantage Freight Ltd,20/07/2026,Economy,Delivered,Hamburg,DE,Frankfurt,DE,Retail,8.62,41.42,EUR,3.0,7
ORD-103228,Baltica Logistics A/S,2026-04-10 00:00:00,Standard,Delivered,Rotterdam,NL,Frankfurt,DE,Industrial,35.66,79.57,EUR,,4
ORD-104720,Meridian Expr,09/01/2026,Standard,Delivered,Barcelona,ES,Gdansk,PL,Retail,17.22,60.29,EUR,4.0,4
ORD-100881,MERIDIAN EXPRESS,2026-06-11,Standard,Delivered,Hamburg,DE,Krakow,PL,Retail,65.42,106.95,EUR,4.0,4
ORD-103052,Baltica Log.,2026-04-17 00:00:00,Standard,Delivered,Hamburg,DE,Berlin,DE,E-Commerce,38.66,106.84,USD,3.0,4
ORD-104306,Baltica Logistics,2026-04-10,Standard,Delivered,Gothenburg,SE,Eindhoven,NL,Retail,16.74,54.95,EUR,3.0,4
ORD-103581,Baltica Logistics,24/04/2026,Standard,Delivered,Hamburg,DE,Gdansk,PL,E-Commerce,24.01,86.72,EUR,4.0,4
ORD-100630,Meridian Expr,2026-04-09,Standard,Delivered,Gothenburg,SE,Copenhagen,DK,E-Commerce,9.19,41.44,EUR,2.0,4
ORD-104574,Nordfrakt AB,2026-03-26 00:00:00,Standard,Delivered,Gothenburg,SE,Vienna,AT,Industrial,50.67,122.51,USD,4.0,4
ORD-104901,Kestrel Parcels AB,24/02/2026,Standard,Delivered,Hamburg,DE,Graz,AT,Industrial,18.68,72.22,EUR,4.0,4
ORD-103206,Nordfrakt AB,31/08/2026,Express,Delivered,Gothenburg,SE,Zurich,CH,Wholesale,84.45,257.39,EUR,2.0,2
ORD-101877,Baltica Logistics A/S,"Jul 06, 2026",Express,Cancelled,Gothenburg,SE,Eindhoven,NL,Wholesale,60.89,202.06,USD,,2
ORD-103666,Nordfrakt,2026-01-19 00:00:00,Economy,Delivered,Rotterdam,NL,Amsterdam,NL,Industrial,74.1,86.41,USD,3.0,7
ORD-100287,MERIDIAN EXPRESS,"Jan 08, 2026",Express,Delayed,Rotterdam,NL,Valencia,ES,Wholesale,37.14,161.91,EUR,3.0,2
ORD-103339,Vantage Freight,2026-06-22,Express,Delivered,Rotterdam,NL,Vienna,AT,Retail,6.83,85.86,EUR,2.0,2
ORD-103660, Nordfrakt ,01/01/2026,Standard,Delivered,Gothenburg,SE,Brno,CZ,Wholesale,46.0,84.78,EUR,3.0,4
ORD-103338,Hanseatic Line,2026-06-15 00:00:00,Standard,Delayed,Barcelona,ES,Cologne,DE,Wholesale,4.46,43.71,EUR,5.0,4
ORD-104907,baltica,08/05/2026,Standard,Delivered,Hamburg,DE,Geneva,CH,E-Commerce,7.34,65.01,EUR,3.0,4
ORD-101223,Hanseatic Lines,2026-02-23 00:00:00,Standard,Delayed,Gothenburg,SE,Vienna,AT,Wholesale,22.73,72.92,EUR,7.0,4
ORD-102444,baltica,2026-01-23 00:00:00,Standard,Delayed,Gothenburg,SE,Rome,IT,E-Commerce,51.15,92.1,EUR,5.0,4
ORD-102830, Meridian Express,20/07/2026,Standard,Delivered,Milan,IT,Malmo,SE,E-Commerce,28.73,86.16,EUR,2.0,4
ORD-101695,hanseatic line,2026-03-10 00:00:00,Economy,Delivered,Gothenburg,SE,Cologne,DE,Industrial,19.65,640.78,SEK,6.0,7
ORD-101626,Baltica Log.,12/01/2026,Standard,Delivered,Rotterdam,NL,Frankfurt,DE,Retail,27.85,1091.51,SEK,4.0,4
ORD-100877,Baltica Logistics A/S,2026-04-14 00:00:00,Express,Delivered,Rotterdam,NL,Amsterdam,NL,Wholesale,45.5,187.85,EUR,2.0,2
ORD-102736,Nordfrakt,12/01/2026,Standard,Delivered,Gothenburg,SE,Geneva,CH,Retail,26.68,66.6,USD,4.0,4
ORD-100013,nordfrakt,2026-04-22,Standard,Delivered,Gothenburg,SE,Lyon,FR,Industrial,9.07,51.01,EUR,4.0,4
ORD-100481,Baltica Logistics,2026-06-01,Economy,Delivered,Rotterdam,NL, Berlin ,DE,E-Commerce,32.7,60.95,USD,6.0,7
ORD-103002,Nordfrakt,24/07/2026,Economy,Delivered,Milan,IT, Oslo ,NO,Industrial,12.54,34.26,EUR,3.0,7
ORD-104205,Meridian Expr,2026-05-18,Economy,Delivered,Hamburg,DE,Eindhoven,NL,Retail,10.21,25.28,EUR,3.0,7
ORD-104358,HANSEATIC,03/03/2026,Economy,Delayed,Gothenburg,SE,Valencia,ES,E-Commerce,7.4,391.67,SEK,8.0,7
ORD-103158,Vantage Freight Ltd,"Mar 02, 2026",Economy,Delivered,Gothenburg,SE,Lyon,FR,E-Commerce,46.63,71.75,EUR,6.0,7
ORD-103234, Nordfrakt ,09/01/2026,Express,Delivered,Hamburg,DE,Manchester,GB,Retail,51.46,2249.37,SEK,2.0,2
ORD-104599,baltica,"Apr 06, 2026",Standard,Delivered,Hamburg,DE,Lyon,FR,Retail,33.88,101.86,EUR,3.0,4
ORD-103455, Nordfrakt ,"Jun 18, 2026",Economy,DELIVERED,Rotterdam,NL,Frankfurt,DE,Retail,35.45,53.65,EUR,3.0,7
ORD-102385,Kestrel Parcel,2026-06-24,Standard,Delivered,Rotterdam,NL, Vienna ,AT,Industrial,22.61,92.61,EUR,3.0,4
ORD-100899,MERIDIAN EXPRESS,"Feb 02, 2026",Standard,DELIVERED,Rotterdam,NL,Graz,AT,Retail,12.66,64.88,USD,3.0,4
ORD-101022,Baltica Logistics,22/06/2026,Standard,Delayed,Milan,IT,Lyon,FR,Industrial,18.31,77.06,EUR,5.0,4
ORD-104744, Nordfrakt ,2026-03-18,Economy,Delivered,Gothenburg,SE,Rome,IT,E-Commerce,21.73,51.14,EUR,5.0,7
ORD-101162,MERIDIAN EXPRESS,2026-06-09,Express,Delivered,Gothenburg,SE,Malmo,SE,Wholesale,17.61,112.65,EUR,1.0,2
ORD-101869,Nordfrakt AB,2026-04-29,Standard,Delivered,Gothenburg,SE,Paris,FR,E-Commerce,13.64,72.73,EUR,4.0,4
ORD-102783,Kestrel Parcel,2026-06-03,Standard,Delivered,Gothenburg,SE,Paris,FR,Industrial,19.89,67.76,EUR,4.0,4
ORD-103899,Vantage Freight,2026-07-21,Standard,Delivered,Rotterdam,NL,Berlin,DE,Wholesale,6.94,49.91,USD,3.0,4
ORD-104373,baltica,2026-05-25,Economy,Delivered,Gothenburg,SE,Gdansk,PL,Retail,13.52,,EUR,6.0,7
ORD-104540,Kestrel Parcel,"Jan 23, 2026",Standard,Delivered,Rotterdam,NL,Eindhoven,NL,Industrial,16.23,59.26,EUR,3.0,4
ORD-102893,Meridian Express,"Jul 14, 2026",Standard,Delivered,Gothenburg,SE,Stockholm,SE,Retail,37.11,68.26,EUR,2.0,4
ORD-103954,MERIDIAN EXPRESS,20/01/2026,Standard,Delivered,Rotterdam,NL,Brno,CZ,Retail,29.31,83.71,EUR,4.0,4
ORD-101036, Meridian Express,2026-07-09 00:00:00,Standard,Delivered,Gothenburg,SE,Brno,CZ,E-Commerce,27.54,73.25,EUR,4.0,4
ORD-101653,Nordfrakt,2026-01-22 00:00:00,Economy,Delivered,Hamburg,DE,Geneva,CH,Retail,94.74,134.68,USD,4.0,7
ORD-103045,Baltica Log.,2026-06-29 00:00:00,Standard,Delivered,Milan,IT,Malmo,SE,Retail,15.69,42.01,EUR,2.0,4
ORD-104596,baltica,07/07/2026,Economy,Delivered,Rotterdam,NL,Brno,CZ,Retail,37.88,79.58,USD,6.0,7
ORD-102401,Nordfrakt,"Jan 05, 2026",Economy,Delivered,Rotterdam,NL,Tampere,FI,Retail,11.91,43.92,EUR,5.0,7
ORD-103895, Meridian Express,2026-07-24,Standard,Delivered,Milan,IT,Aarhus,DK,Industrial,25.89,68.82,EUR,3.0,4
ORD-103191,Kestrel Parcels AB,2026-03-10,Economy,Delivered,Rotterdam,NL,Paris,FR,Retail,32.82,53.44,EUR,5.0,7
ORD-102165,MERIDIAN EXPRESS,21/07/2026,Economy,Delivered,Rotterdam,NL,Rome,IT,Retail,2.26,34.51,EUR,6.0,7
ORD-100039,Meridian Expr,2026-02-10,Standard,Delivered,Barcelona,ES,Munich,DE,E-Commerce,29.59,76.78,EUR,3.0,4
ORD-104686,Baltica Logistics A/S,03/08/2026,Economy,Delivered,Milan,IT,Warsaw,PL,Retail,72.01,69.57,EUR,7.0,7
ORD-103552,kestrel,"Jul 29, 2026",Express,Delivered,Gothenburg,SE,Lyon,FR,Retail,46.02,2059.66,SEK,2.0,2
ORD-103731,MERIDIAN EXPRESS,"Jun 16, 2026",Express,Delivered,Barcelona,ES,Cologne,DE,Industrial,34.16,1856.19,SEK,2.0,2
ORD-103568,Nordfrakt,20/04/2026,Standard,In Transit,Barcelona,ES,Gdansk,PL,Retail,22.21,64.67,EUR,4.0,4
ORD-103387,Kestrel Parcel,2026-04-09,Standard,Delivered,Hamburg,DE, London ,GB,Wholesale,24.11,80.15,EUR,4.0,4
ORD-102225,Nordfrakt,"Feb 04, 2026",Economy,Delivered,Rotterdam,NL,Zurich,CH,Industrial,15.8,47.98,EUR,4.0,7
ORD-102259, Nordfrakt ,"Aug 27, 2026",Economy,Delivered,Barcelona,ES,Copenhagen,DK,E-Commerce,12.5,26.67,USD,3.0,7
ORD-102901,kestrel,2026-05-14 00:00:00,Standard,Delivered,Hamburg,DE,Berlin,DE,Industrial,34.41,92.95,EUR,3.0,4
ORD-103848,Nordfrakt,13/04/2026,Standard,Delivered,Rotterdam,NL,Gothenburg,SE,Wholesale,11.37,48.85,EUR,2.0,4
ORD-103401,Meridian Expr,2026-07-17,Standard,Delivered,Rotterdam,NL,Munich,DE,Wholesale,12.17,,EUR,3.0,4
ORD-100576,Meridian Express,"Jul 22, 2026",Express,Delivered,Barcelona,ES,Aarhus,DK,Wholesale,68.15,184.9,EUR,1.0,2
ORD-103417,nordfrakt,2026-06-24,Standard,Delivered,Barcelona,ES,London,GB,E-Commerce,14.49,59.6,EUR,2.0,4
ORD-101960,nordfrakt,"Jun 04, 2026",Standard,Delivered,Hamburg,DE,Aarhus,DK,E-Commerce,42.42,82.82,EUR,2.0,4
ORD-104729, Nordfrakt ,"Mar 02, 2026",Economy,Delivered,Milan,IT,Cologne,DE,Wholesale,31.17,64.33,EUR,4.0,7
ORD-101274,KESTREL PARCEL,"Apr 23, 2026",Standard,Delivered,Gothenburg,SE, Malmo ,SE,E-Commerce,12.48,48.54,EUR,2.0,4
ORD-103777, Meridian Express,2026-06-10,Standard,Delivered,Gothenburg,SE,Malmo,SE,Retail,3.32,30.52,EUR,2.0,4
ORD-100639,Nordfrakt AB,2026-08-03,Economy,Delivered,Rotterdam,NL,Aarhus,DK,E-Commerce,31.84,49.57,EUR,4.0,7
ORD-100007,nordfrakt,18/03/2026,Standard,Delayed,Gothenburg,SE,Madrid,ES,Wholesale,10.13,63.66,EUR,5.0,4
ORD-100471,Nordfrakt AB,2026-05-18,Economy,Delivered,Rotterdam,NL,Malmo,SE,Industrial,27.2,44.83,EUR,2.0,7
ORD-100421,Kestrel Parcels AB,17/03/2026,Standard,Delivered,Milan,IT,Bergen,NO,Wholesale,13.75,62.24,USD,4.0,4
ORD-103783,Meridian Expr,21/04/2026,Standard,Delivered,Gothenburg,SE,Malmo,SE,E-Commerce,26.2,65.04,EUR,2.0,4
ORD-104454,MERIDIAN EXPRESS,02/02/2026,Standard,Delivered,Gothenburg,SE,Frankfurt,DE,E-Commerce,9.32,45.46,EUR,3.0,4
ORD-103008,Meridian Express,2026-02-09 00:00:00,Economy,Delivered,Gothenburg,SE,London,GB,Retail,19.78,610.03,SEK,5.0,7
ORD-103159,Nordfrakt,23/06/2026,Standard,Delivered,Hamburg,DE,Munich,DE,E-Commerce,8.71,53.73,EUR,3.0,4
ORD-103075,Baltica Log.,2026-04-15 00:00:00,Standard,Delivered,Rotterdam,NL,Paris,FR,Wholesale,83.86,149.05,EUR,4.0,4
ORD-101691, Meridian Express,2026-07-02 00:00:00,Express,Delivered,Rotterdam,NL,Madrid,ES,Wholesale,32.06,204.04,EUR,2.0,2
ORD-100697,Meridian Express,2026-01-18 00:00:00,Express,Delivered,Gothenburg,SE,Manchester,GB,Industrial,11.11,104.61,USD,2.0,2
ORD-102230,MERIDIAN EXPRESS,2026-02-11,Express,Delivered,Milan,IT,Gdansk,PL,Wholesale,13.04,111.9,USD,2.0,2
ORD-104969, Meridian Express,2026-05-22 00:00:00,Standard,Delivered,Hamburg,DE,Vienna,AT,Retail,19.18,62.23,EUR,3.0,4
ORD-104332,nordfrakt,16/06/2026,Express,Delivered,Milan,IT,Munich,DE,Retail,26.21,167.25,USD,2.0,2
ORD-103346,Baltica Logistics A/S,"Jan 26, 2026",Economy,Delivered,Gothenburg,SE,Marseille,FR,Industrial,34.66,49.8,EUR,5.0,7
ORD-103272,Nordfrakt AB,"Feb 22, 2026",Express,Delayed,Hamburg,DE,Graz,AT,Wholesale,18.84,124.53,USD,3.0,2
ORD-102480,Vantage Freight Ltd,23/02/2026,Standard,Delivered,Rotterdam,NL,Frankfurt,DE,E-Commerce,55.09,117.36,EUR,2.0,4
ORD-103439,vantage freight,01/06/2026,Economy,Delivered,Hamburg,DE,Madrid,ES,Industrial,27.25,54.47,EUR,7.0,7
ORD-104113,kestrel,2026-08-19,Express,Delayed,Gothenburg,SE,Valencia,ES,Industrial,17.22,171.33,EUR,4.0,2
ORD-102092, Nordfrakt ,18/05/2026,Standard,Delivered,Rotterdam,NL,Aarhus,DK,Industrial,108.84,210.09,EUR,2.0,4
ORD-104566,nordfrakt,"Mar 23, 2026",Express,Delivered,Rotterdam,NL,Oslo,NO,Wholesale,8.47,69.12,EUR,2.0,2
ORD-100995,Vantage Freight,"Feb 07, 2026",Express,Delivered,Gothenburg,SE,Zurich,CH,E-Commerce,12.91,103.39,EUR,2.0,2
ORD-102371, Meridian Express,26/05/2026,Standard,Delivered,Rotterdam,NL,Lyon,FR,E-Commerce,62.88,132.59,EUR,3.0,4
ORD-103920,HANSEATIC,"Jul 29, 2026",Standard,Delayed,Gothenburg,SE,Geneva,CH,Retail,34.41,97.84,EUR,5.0,4
ORD-102931,Baltica Logistics,05/03/2026,Economy,Delivered,Rotterdam,NL,Bergen,NO,E-Commerce,9.94,34.25,USD,4.0,7
ORD-100129,Nordfrakt,2026-02-12,Standard,Delivered,Rotterdam,NL,Brno,CZ,E-Commerce,51.51,106.32,USD,4.0,4
ORD-103161,vantage freight,2026-07-02 00:00:00,Standard,Delivered,Barcelona,ES,Rome,IT,Industrial,20.91,75.06,EUR,4.0,4
ORD-100849,Vantage Freight,2026-01-27,Express,Delivered,Gothenburg,SE,Copenhagen,DK,Retail,12.89,108.74,USD,2.0,2
ORD-103279,kestrel,2026-04-06,Economy,Delayed,Rotterdam,NL,Helsinki,FI,Wholesale,27.12,57.39,EUR,8.0,7
ORD-103654,Nordfrakt AB,2026-03-03,Standard,Delivered,Gothenburg,SE,Lyon,FR,E-Commerce,5.57,45.5,EUR,2.0,4
ORD-102285,KESTREL PARCEL,2026-06-01 00:00:00,Standard,Delivered,Gothenburg,SE,Zurich,CH,Retail,24.75,63.75,EUR,4.0,4
ORD-101922,Kestrel Parcel,2026-05-28 00:00:00,Standard,Delayed,Gothenburg,SE,Warsaw,PL,Wholesale,64.92,139.97,USD,5.0,4
ORD-104183,vantage freight,"Jun 12, 2026",Economy,Delivered,Barcelona,ES,Copenhagen,DK,Retail,55.29,60.29,EUR,3.0,7
ORD-102570,Meridian Express,15/05/2026,Economy,Delivered,Rotterdam,NL, Tampere ,FI,E-Commerce,11.28,42.68,EUR,6.0,7
ORD-104192, Meridian Express,"Apr 13, 2026",Standard,Delivered,Rotterdam,NL,Gothenburg,SE,Retail,4.31,31.07,EUR,2.0,4
ORD-100382,nordfrakt,2026-08-03,Standard,DELIVERED,Rotterdam,NL,Malmo,SE,Industrial,16.72,65.33,EUR,2.0,4
ORD-103174,Hanseatic Lines,2026-08-29,Economy,Delivered,Rotterdam,NL,Eindhoven,NL,Industrial,13.07,40.89,EUR,5.0,7
ORD-104846,nordfrakt,2026-06-03 00:00:00,Standard,Delivered,Hamburg,DE,Malmo,SE,Wholesale,17.19,54.45,EUR,2.0,4
ORD-104380,Nordfrakt,"Jul 30, 2026",Economy,Delivered,Barcelona,ES,Paris,FR,Wholesale,20.55,33.62,EUR,5.0,7
ORD-100558,nordfrakt,"May 11, 2026",Economy,Delivered,Gothenburg,SE,Turin,IT,Industrial,29.58,63.11,EUR,5.0,7
ORD-100835,Hanseatic Lines,01/05/2026,Express,Delayed,Gothenburg,SE,London,GB,Retail,16.53,125.86,EUR,3.0,2
ORD-101825,Vantage Freight Ltd,09/07/2026,Economy,Delivered,Milan,IT,Cologne,DE,Industrial,24.46,39.64,EUR,5.0,7
ORD-103644,vantage freight,09/08/2026,Economy,Delivered,Hamburg,DE,Frankfurt,DE,Wholesale,24.68,51.34,EUR,5.0,7
ORD-104295,Meridian Expr,2026-08-28,Standard,Delivered,Gothenburg,SE,Paris,FR,Industrial,57.65,128.31,EUR,3.0,4
ORD-103047,Baltica Logistics A/S,2026-04-22 00:00:00,Standard,Delivered,Barcelona,ES,Stockholm,SE,Industrial,79.69,144.48,EUR,2.0,4
ORD-101872,Baltica Log.,"Jan 26, 2026",Standard,Delayed,Rotterdam,NL,Manchester,GB,E-Commerce,24.76,68.92,EUR,5.0,4
ORD-103129,KESTREL PARCEL,09/05/2026,Economy,In Transit,Gothenburg,SE,Zurich,CH,Retail,38.98,56.61,EUR,5.0,7
ORD-100595,MERIDIAN EXPRESS,15/05/2026,Express,Delayed,Milan,IT,Tampere,FI,Industrial,42.12,176.87,EUR,3.0,2
ORD-100469,KESTREL PARCEL,2026-07-27 00:00:00,Economy,DELIVERED,Hamburg,DE,Frankfurt,DE,E-Commerce,56.45,84.68,EUR,4.0,7
ORD-103121,vantage freight,31/08/2026,Express,Delivered,Gothenburg,SE, Cologne ,DE,E-Commerce,32.39,158.03,EUR,2.0,2
ORD-102293,nordfrakt,2026-04-16,Economy,DELIVERED,Gothenburg,SE,Madrid,ES,E-Commerce,25.57,,EUR,6.0,7
ORD-100097,Baltica Logistics,10/03/2026,Economy,Delivered,Hamburg,DE,Valencia,ES,Wholesale,28.02,,EUR,6.0,7
ORD-102212,Meridian Expr,"Jan 27, 2026",Express,Delivered,Rotterdam,NL,Gdansk,PL,Retail,23.22,140.18,EUR,2.0,2
ORD-102245, Nordfrakt ,2026-06-01,Express,Delivered,Rotterdam,NL,Marseille,FR,Wholesale,30.93,132.72,EUR,2.0,2
ORD-100447,Nordfrakt,2026-08-07 00:00:00,Economy,Delivered,Gothenburg,SE, Marseille ,FR,Retail,7.16,21.7,EUR,6.0,7
ORD-104164,Vantage Freight,"Mar 30, 2026",Standard,Delivered,Rotterdam,NL,Tampere,FI,Industrial,30.16,72.42,USD,,4
ORD-101733,Vantage Freight Ltd,2026-06-19 00:00:00,Economy,Delivered,Gothenburg,SE,Helsinki,FI,Industrial,16.93,55.75,EUR,5.0,7
ORD-101897,Baltica Logistics,2026-06-24 00:00:00,Standard,Delivered,Gothenburg,SE,Brno,CZ,Retail,25.19,75.35,EUR,3.0,4
ORD-102868,kestrel,2026-06-16 00:00:00,Express,Delivered,Gothenburg,SE,Malmo,SE,Wholesale,18.99,132.68,EUR,1.0,2
ORD-100014,MERIDIAN EXPRESS,2026-03-30,Standard,Delivered,Rotterdam,NL,Gdansk,PL,Retail,7.21,53.82,EUR,4.0,4
ORD-103205,Baltica Logistics A/S,"Mar 09, 2026",Standard,Delivered,Hamburg,DE,Manchester,GB,E-Commerce,11.52,656.08,SEK,4.0,4
ORD-102130,Meridian Express,2026-03-30,Standard,Delivered,Milan,IT,Oslo,NO,Retail,12.57,47.65,EUR,3.0,4
ORD-102769,KESTREL PARCEL,2026-08-10 00:00:00,Standard,Delivered,Rotterdam,NL,Bergen,NO,Industrial,19.9,70.13,EUR,4.0,4
ORD-104265,baltica,2026-08-26,Economy,Delayed,Hamburg,DE,Oslo,NO,Retail,27.24,58.77,USD,8.0,7
ORD-100779, Meridian Express,10/06/2026,Express,Delivered,Milan,IT,Munich,DE,Wholesale,29.11,144.23,EUR,2.0,2
ORD-103275, Meridian Express,"Jul 20, 2026",Standard,Delivered,Rotterdam,NL,Madrid,ES,Wholesale,31.25,84.44,EUR,3.0,4
ORD-104784,Baltica Logistics,07/06/2026,Standard,Delivered,Rotterdam,NL,Graz,AT,Industrial,46.57,890.94,SEK,4.0,4
ORD-100165,vantage freight,2026-05-21 00:00:00,Standard,Delivered,Gothenburg,SE,Brno,CZ,Retail,27.37,71.65,EUR,4.0,4
ORD-103213, Nordfrakt ,2026-08-12 00:00:00,Economy,Delivered,Gothenburg,SE,Paris,FR,E-Commerce,29.35,54.42,EUR,5.0,7
ORD-102295,baltica,2026-05-14 00:00:00,Express,Delivered,Gothenburg,SE,Vienna,AT,Retail,52.42,209.34,EUR,2.0,2
ORD-102618,baltica,24/02/2026,Standard,Delivered,Hamburg,DE,Graz,AT,Industrial,35.62,105.13,EUR,3.0,4
ORD-100465,Nordfrakt AB,2026-08-13,Standard,Delivered,Hamburg,DE,Zurich,CH,Retail,11.46,57.61,EUR,3.0,4
ORD-101132,Vantage,11/05/2026,Economy,Delivered,Gothenburg,SE,Frankfurt,DE,Retail,27.58,58.69,EUR,4.0,7
ORD-102445,Nordfrakt AB,2026-07-05 00:00:00,Economy,Delivered,Rotterdam,NL,Helsinki,FI,Wholesale,23.29,56.48,EUR,6.0,7
ORD-103750,kestrel,2026-01-14,Standard,Delivered,Milan,IT,Helsinki,FI,E-Commerce,39.78,102.13,EUR,4.0,4
ORD-104450,Vantage,2026-06-15 00:00:00,Standard,Delayed,Gothenburg,SE,Helsinki,FI,E-Commerce,37.55,115.95,EUR,5.0,4
ORD-104800,Baltica Logistics A/S,"Jan 30, 2026",Standard,Delivered,Gothenburg,SE,Malmo,SE,Retail,20.69,676.9,SEK,2.0,4
ORD-101048,HANSEATIC,2026-03-02,Economy,Delayed,Gothenburg,SE,Prague,CZ,Wholesale,31.88,64.59,EUR,8.0,7
ORD-104120,Nordfrakt,03/04/2026,Economy,Delayed,Hamburg,DE, Gdansk ,PL,E-Commerce,10.61,29.96,EUR,8.0,7
ORD-100715,Baltica Log.,"May 13, 2026",Express,Delivered,Hamburg,DE,Eindhoven,NL,E-Commerce,8.64,71.84,EUR,1.0,2
ORD-104052,Nordfrakt AB,2026-04-24 00:00:00,Express,Delayed,Milan,IT,Brno,CZ,Industrial,68.83,222.1,EUR,3.0,2
ORD-104803,Vantage Freight Ltd,"May 11, 2026",Standard,Delivered,Hamburg,DE,Oslo,NO,Retail,19.48,64.94,USD,2.0,4
ORD-104657,Hanseatic Line,2026-01-09 00:00:00,Standard,Delayed,Rotterdam,NL,Turin,IT,Industrial,64.04,122.76,EUR,6.0,4
ORD-104278,MERIDIAN EXPRESS,07/04/2026,Standard,Delivered,Hamburg,DE,Berlin,DE,Industrial,39.99,93.58,EUR,3.0,4
ORD-101044, Nordfrakt ,2026-03-25,Standard,DELIVERED,Milan,IT,Copenhagen,DK,Wholesale,42.09,77.9,EUR,3.0,4
ORD-101759,nordfrakt,13/01/2026,Standard,Delivered,Rotterdam,NL,Munich,DE,Industrial,20.1,70.39,EUR,3.0,4
ORD-104359,nordfrakt,17/08/2026,Express,Delivered,Hamburg,DE,Malmo,SE,Wholesale,3.18,50.29,EUR,1.0,2
ORD-101515,Nordfrakt,2026-07-24,Standard,Delayed,Hamburg,DE,Geneva,CH,Retail,46.58,87.76,EUR,6.0,4
ORD-100861,Kestrel Parcels AB,"Jul 23, 2026",Standard,Delivered,Gothenburg,SE, Stockholm ,SE,E-Commerce,17.64,56.74,USD,3.0,4
ORD-104488,Nordfrakt AB,2026-03-02 00:00:00,Express,Delivered,Hamburg,DE, Stockholm ,SE,E-Commerce,14.95,85.75,EUR,,2
ORD-101198, Nordfrakt ,2026-05-15,Express,Delayed,Gothenburg,SE,Vienna,AT,Industrial,43.93,172.85,EUR,3.0,2
ORD-101088,Hanseatic Line,23/02/2026,Economy,Delivered,Rotterdam,NL, Warsaw ,PL,Wholesale,22.79,64.85,USD,7.0,7
ORD-103907,Nordfrakt,"Aug 15, 2026",Standard,Delivered,Hamburg,DE,Copenhagen,DK,Industrial,22.93,868.45,SEK,2.0,4
ORD-102515,Baltica Logistics,25/05/2026,Standard,Delivered,Hamburg,DE,Manchester,GB,E-Commerce,43.2,784.29,SEK,4.0,4
ORD-103108,Hanseatic Line,"Jul 08, 2026",Express,Cancelled,Gothenburg,SE,Frankfurt,DE,E-Commerce,29.02,159.78,EUR,,2
ORD-100549,nordfrakt,2026-03-09,Standard,Delivered,Milan,IT,Berlin,DE,Retail,20.96,65.65,EUR,3.0,4
ORD-100556, Nordfrakt ,09/04/2026,Economy,Delivered,Gothenburg,SE,Oslo,NO,E-Commerce,5.03,306.91,SEK,4.0,7
ORD-101485,Kestrel Parcels AB,"Jun 17, 2026",Economy,Delivered,Gothenburg,SE,Vienna,AT,Retail,47.8,71.77,EUR,5.0,7
ORD-100264,kestrel,2026-08-26 00:00:00,Standard,Delayed,Hamburg,DE,Gdansk,PL,Wholesale,41.41,104.77,EUR,5.0,4
ORD-101471,Baltica Logistics,2026-03-19,Standard,Delivered,Hamburg,DE,Aarhus,DK,Wholesale,40.75,1032.72,SEK,3.0,4
ORD-101234,kestrel,2026-02-13,Standard,Delivered,Gothenburg,SE,Vienna,AT,E-Commerce,35.46,76.31,USD,4.0,4
ORD-101064,Meridian Express,20/04/2026,Economy,Delivered,Rotterdam,NL, Gothenburg ,SE,Industrial,65.17,87.06,EUR,3.0,7
ORD-101512,Baltica Logistics A/S,13/04/2026,Economy,Delivered,Gothenburg,SE,Cologne,DE,Retail,2.75,31.49,EUR,5.0,7
ORD-101821, Nordfrakt ,24/04/2026,Economy,Delivered,Milan,IT,Turin,IT,E-Commerce,22.58,745.96,SEK,7.0,7
ORD-100467,Nordfrakt AB,22/01/2026,Standard,Delivered,Rotterdam,NL,Munich,DE,Wholesale,38.4,90.24,EUR,2.0,4
ORD-100344, Nordfrakt ,11/07/2026,Economy,Delivered,Hamburg,DE,Zurich,CH,E-Commerce,44.02,67.66,EUR,5.0,7
ORD-101448,Vantage Freight Ltd,"Apr 10, 2026",Standard,Delivered,Barcelona,ES,Amsterdam,NL,Retail,33.99,83.88,EUR,3.0,4
ORD-103522,Nordfrakt,"May 29, 2026",Standard,Delivered,Hamburg,DE,Helsinki,FI,Wholesale,26.83,83.64,EUR,4.0,4
ORD-101079,Vantage Freight Ltd,2026-06-03 00:00:00,Express,Delivered,Gothenburg,SE,Marseille,FR,E-Commerce,34.49,163.44,USD,2.0,2
ORD-102428,hanseatic line,"Apr 19, 2026",Express,Delayed,Rotterdam,NL,Aarhus,DK,Retail,1.91,71.05,EUR,3.0,2
ORD-103444,MERIDIAN EXPRESS,17/07/2026,Standard,Delivered,Rotterdam,NL,Rome,IT,Industrial,5.23,51.43,EUR,4.0,4
ORD-102535, Nordfrakt ,"Aug 20, 2026",Standard,Delayed,Milan,IT,Madrid,ES,Retail,54.89,146.41,EUR,,4
ORD-101047,Meridian Express,2026-01-26 00:00:00,Standard,Delivered,Milan,IT,Aarhus,DK,Retail,34.79,77.75,EUR,2.0,4
ORD-104878,Baltica Logistics A/S,2026-03-04 00:00:00,Express,Delayed,Hamburg,DE,Turin,IT,Wholesale,65.62,230.37,USD,3.0,2
ORD-104211,nordfrakt,2026-03-25 00:00:00,Economy,Delivered,Rotterdam,NL,Stockholm,SE,Wholesale,18.94,432.4,SEK,3.0,7
ORD-103235,Meridian Expr,"Jan 08, 2026",Economy,Delivered,Gothenburg,SE,Krakow,PL,Retail,26.97,61.46,USD,6.0,7
ORD-101368,Meridian Express,2026-08-11,Standard,Delivered,Gothenburg,SE, Stockholm ,SE,Retail,13.34,51.54,USD,2.0,4
ORD-103505,MERIDIAN EXPRESS,01/07/2026,Express,Delivered,Milan,IT,Malmo,SE,Wholesale,27.4,121.02,EUR,1.0,2
ORD-101520,Baltica Logistics,2026-06-18,Economy,Cancelled,Gothenburg,SE,Oslo,NO,Retail,23.27,535.13,SEK,,7
ORD-101205, Meridian Express,09/07/2026,Standard,Delivered,Rotterdam,NL,Berlin,DE,Industrial,33.45,86.57,EUR,3.0,4
ORD-101202, Meridian Express,2026-08-24,Standard,Delivered,Barcelona,ES,Marseille,FR,Industrial,17.82,689.45,SEK,3.0,4
ORD-104851, Nordfrakt ,"Apr 03, 2026",Express,Delivered,Hamburg,DE, Malmo ,SE,E-Commerce,34.24,136.93,EUR,1.0,2
ORD-100130,nordfrakt,"Jan 05, 2026",Economy,Delivered,Barcelona,ES,Zurich,CH,Wholesale,32.6,61.21,EUR,5.0,7
ORD-100955,baltica,2026-01-30,Economy,Delivered,Milan,IT,Frankfurt,DE,Industrial,32.2,55.84,EUR,6.0,7
ORD-100913,MERIDIAN EXPRESS,"Aug 21, 2026",Express,Delivered,Hamburg,DE, Turin ,IT,Wholesale,28.28,146.67,EUR,2.0,2
ORD-100859,Nordfrakt,2026-05-14 00:00:00,Standard,Delivered,Hamburg,DE,Graz,AT,Retail,14.85,83.3,USD,3.0,4
ORD-102033,vantage freight,2026-03-09 00:00:00,Standard,Delivered,Gothenburg,SE,Munich,DE,Retail,40.3,70.56,EUR,3.0,4
ORD-102399, Meridian Express,2026-04-08 00:00:00,Standard,Delivered,Gothenburg,SE,Rome,IT,Wholesale,24.71,64.0,EUR,4.0,4
ORD-102175,Meridian Express,23/04/2026,Standard,Delivered,Barcelona,ES,London,GB,Retail,71.86,163.21,USD,3.0,4
ORD-101809,Vantage,09/08/2026,Standard,Delivered,Barcelona,ES,Graz,AT,Industrial,23.0,71.39,EUR,4.0,4
ORD-104213,hanseatic line,27/03/2026,Standard,Delayed,Hamburg,DE,Geneva,CH,Industrial,18.47,64.35,USD,5.0,4
ORD-104677, Meridian Express,2026-01-06 00:00:00,Economy,Delivered,Gothenburg,SE,Amsterdam,NL,Industrial,54.87,61.23,USD,3.0,7
ORD-104515,vantage freight,2026-05-10 00:00:00,Standard,Delivered,Gothenburg,SE,Munich,DE,Retail,26.0,87.0,USD,4.0,4
ORD-100610,Baltica Logistics A/S,2026-06-01 00:00:00,Economy,Delivered,Barcelona,ES,Paris,FR,Industrial,16.11,415.5,EUR,5.0,7
ORD-104529,Nordfrakt AB,2026-01-03 00:00:00,Standard,DELIVERED,Gothenburg,SE,Warsaw,PL,Wholesale,19.21,80.62,EUR,3.0,4
ORD-103380,Hanseatic Lines,2026-06-01,Standard,Delayed,Rotterdam,NL,Gdansk,PL,Industrial,52.83,110.27,EUR,5.0,4
ORD-100462,baltica,2026-04-16,Express,Delivered,Gothenburg,SE,Vienna,AT,E-Commerce,88.61,353.14,EUR,2.0,2
ORD-101573,Hanseatic Lines,2026-05-21,Standard,Delayed,Barcelona,ES,Rome,IT,Wholesale,40.77,105.19,USD,7.0,4
ORD-100792, Nordfrakt ,2026-04-01 00:00:00,Express,In Transit,Gothenburg,SE,Gdansk,PL,E-Commerce,29.19,1914.4,SEK,2.0,2
ORD-102121,Nordfrakt AB,2026-08-06,Standard,Delivered,Gothenburg,SE,Eindhoven,NL,E-Commerce,3.28,38.41,EUR,2.0,4
ORD-100105,Hanseatic Lines,"May 07, 2026",Standard,Delivered,Milan,IT, Paris ,FR,Wholesale,60.75,124.87,EUR,3.0,4
ORD-101705, Nordfrakt ,2026-06-15,Standard,Delivered,Rotterdam,NL,Zurich,CH,Wholesale,16.04,57.8,EUR,3.0,4
ORD-101011, Nordfrakt ,2026-05-14,Economy,Delivered,Milan,IT,Rome,IT,E-Commerce,44.48,80.23,EUR,5.0,7
ORD-102994,Nordfrakt,"Apr 28, 2026",Economy,Cancelled,Rotterdam,NL,Paris,FR,Industrial,11.71,35.44,EUR,,7
ORD-104807,Hanseatic Line,04/07/2026,Standard,Delayed,Gothenburg,SE,Geneva,CH,Industrial,30.98,88.89,EUR,,4
ORD-101336,nordfrakt,16/02/2026,Express,Delivered,Hamburg,DE,Prague,CZ,Industrial,21.97,136.67,EUR,2.0,2
ORD-103850,Nordfrakt AB,2026-04-07,Standard,Delivered,Gothenburg,SE,Tampere,FI,Wholesale,41.73,1015.15,SEK,4.0,4
ORD-103890,kestrel,2026-01-06,Standard,Delivered,Milan,IT,Amsterdam,NL,Retail,77.67,132.67,EUR,3.0,4
ORD-102095,Nordfrakt,02/05/2026,Standard,Delivered,Gothenburg,SE,Eindhoven,NL,Retail,14.49,66.18,USD,3.0,4
ORD-103049,Baltica Log.,2026-03-24,Express,Delivered,Barcelona,ES,Eindhoven,NL,Retail,11.62,96.58,EUR,2.0,2
ORD-103300,Meridian Express,"Feb 13, 2026",Standard,Delivered,Gothenburg,SE,Helsinki,FI,E-Commerce,54.19,141.48,EUR,4.0,4
ORD-101707,Vantage Freight,2026-07-15 00:00:00,Standard,Cancelled,Rotterdam,NL,Geneva,CH,Industrial,25.1,63.58,EUR,,4
ORD-103688, Nordfrakt ,13/08/2026,Economy,DELIVERED,Rotterdam,NL,Brno,CZ,E-Commerce,7.96,40.98,EUR,5.0,7
ORD-103712,Nordfrakt AB,"May 18, 2026",Economy,Delivered,Barcelona,ES,Cologne,DE,Industrial,43.37,82.25,USD,4.0,7
ORD-103649,Baltica Log.,2026-04-09,Standard,Delivered,Rotterdam,NL,Copenhagen,DK,Wholesale,23.25,68.99,EUR,3.0,4
ORD-101509,Baltica Logistics,2026-03-11 00:00:00,Standard,Delivered,Hamburg,DE,Eindhoven,NL,Retail,17.57,55.58,EUR,3.0,4
ORD-101929,baltica,05/08/2026,Express,Delivered,Gothenburg,SE,Prague,CZ,Industrial,36.38,213.54,USD,2.0,2
ORD-104538,KESTREL PARCEL,2026-06-01 00:00:00,Economy,Delivered,Hamburg,DE,Munich,DE,Retail,45.75,77.27,USD,5.0,7
ORD-104628,Kestrel Parcels AB,"Apr 23, 2026",Economy,Delivered,Rotterdam,NL,Turin,IT,Retail,28.54,,SEK,7.0,7
ORD-100160,Hanseatic Lines,2026-08-31,Standard,Delayed,Rotterdam,NL,Prague,CZ,Wholesale,7.34,58.85,USD,5.0,4
ORD-104695,Meridian Expr,"Jun 02, 2026",Standard,DELIVERED,Gothenburg,SE,Malmo,SE,Retail,19.28,66.75,USD,2.0,4
ORD-103200,kestrel,20/07/2026,Standard,Delivered,Rotterdam,NL,Gdansk,PL,Retail,24.38,85.5,EUR,4.0,4
ORD-103185,Hanseatic Lines,"Aug 04, 2026",Economy,Delivered,Rotterdam,NL,Stockholm,SE,Retail,47.72,66.76,EUR,4.0,7
ORD-100501,Vantage,2026-02-23 00:00:00,Standard,Delivered,Hamburg,DE,Valencia,ES,Retail,20.88,81.65,EUR,3.0,4
ORD-104975,nordfrakt,2026-05-15,Economy,DELIVERED,Gothenburg,SE,Helsinki,FI,Wholesale,20.8,54.58,EUR,5.0,7
ORD-102104,kestrel,22/06/2026,Express,Delivered,Rotterdam,NL,Copenhagen,DK,Retail,49.47,217.47,USD,2.0,2
ORD-103361,Nordfrakt AB,13/04/2026,Express,Delivered,Gothenburg,SE, Brno ,CZ,E-Commerce,41.28,169.26,EUR,2.0,2
ORD-103997,Nordfrakt,2026-06-08 00:00:00,Economy,Delivered,Gothenburg,SE,Cologne,DE,Retail,27.4,49.64,EUR,3.0,7
ORD-102171,Kestrel Parcels AB,14/04/2026,Standard,Delivered,Rotterdam,NL,Geneva,CH,Wholesale,44.79,84.71,EUR,4.0,4
ORD-103258,Kestrel Parcel,05/01/2026,Express,Delayed,Barcelona,ES,London,GB,E-Commerce,22.04,132.64,EUR,3.0,2
