order_id,ship_date,carrier,origin_city,origin_country,destination_city,destination_country,service_level,customer_segment,weight_kg,freight_cost,currency,transit_days,promised_days,status
ORD-102943,12/06/2025,Meridian Express,Gothenburg,SE,Copenhagen,DK,Standard,Retail,23.75,47.3,EUR,2.0,4,Delivered
ORD-103810,2025-07-04,vantage freight,Gothenburg,SE,Warsaw,PL,Standard,Industrial,29.5,82.95,EUR,4.0,4,Delivered
ORD-104020,12/05/2025,Meridian Express,Milan,IT,Malmo,SE,Standard,Industrial,10.31,41.13,EUR,2.0,4,Delivered
ORD-101365,2025-03-10 00:00:00,Kestrel Parcels AB,Rotterdam,NL,Copenhagen,DK,Express,Wholesale,32.05,131.28,EUR,2.0,2,Delivered
ORD-100799,2025-10-29 00:00:00,Vantage,Gothenburg,SE,Munich,DE,Express,Industrial,25.85,105.34,EUR,2.0,2,DELIVERED
ORD-102200,17/09/2025,Kestrel Parcel,Rotterdam,NL,Turin,IT,Standard,Retail,14.76,69.05,EUR,5.0,4,Delayed
ORD-101166,13/03/2025,Kestrel Parcels AB,Hamburg,DE,Gothenburg,SE,Standard,Industrial,7.44,39.64,USD,3.0,4,Delivered
ORD-103753,"Jul 28, 2025",Baltica Logistics,Gothenburg,SE,Turin,IT,Express,Retail,44.2,213.28,EUR,2.0,2,DELIVERED
ORD-102543,2025-09-26,Baltica Logistics A/S,Rotterdam,NL,Amsterdam,NL,Standard,Wholesale,20.25,37.44,EUR,3.0,4,Delivered
ORD-100681,2025-05-15 00:00:00,Hanseatic Line,Hamburg,DE,Gothenburg,SE,Standard,Retail,52.97,109.08,EUR,2.0,4,Delivered
ORD-104572,27/11/2025,KESTREL PARCEL,Gothenburg,SE,Rome,IT,Standard,Industrial,65.24,138.08,EUR,4.0,4,Delivered
ORD-103999,2025-12-11 00:00:00,Baltica Log.,Hamburg,DE,Rome,IT,Standard,Retail,14.05,54.79,EUR,5.0,4,Delayed
ORD-103256,"Jun 03, 2025",Nordfrakt AB,Hamburg,DE,Zurich,CH,Economy,E-Commerce,37.17,53.0,EUR,5.0,7,Delivered
ORD-101940,2025-05-30,Baltica Logistics,Hamburg,DE,Lyon,FR,Economy,E-Commerce,51.46,68.97,USD,7.0,7,Delivered
ORD-102431,2025-12-12,Kestrel Parcel,Hamburg,DE,Cologne,DE,Standard,Industrial,32.84,95.56,USD,4.0,4,Delivered
ORD-104915,,vantage freight,Rotterdam,NL,Oslo,NO,Standard,E-Commerce,28.16,72.12,EUR,3.0,4,Delivered
ORD-104244,2025-09-10,vantage freight,Gothenburg,SE,Paris,FR,Express,Industrial,28.83,164.28,EUR,2.0,2,Delivered
ORD-102682,30/09/2025,Vantage Freight,Rotterdam,NL,Malmo,SE,Standard,E-Commerce,17.63,51.72,EUR,2.0,4,Delivered
ORD-102498,18/03/2025, Nordfrakt ,Gothenburg,SE,Gothenburg,SE,Standard,Wholesale,20.98,73.44,EUR,2.0,4,Delivered
ORD-102307,"May 26, 2025",Meridian Express,Milan,IT,Prague,CZ,Express,Industrial,2.55,96.8,EUR,2.0,2,DELIVERED
ORD-100760,2025-06-05 00:00:00,vantage freight,Hamburg,DE,Graz,AT,Express,E-Commerce,29.48,128.84,EUR,2.0,2,Delivered
ORD-101949,2025-08-25,Vantage Freight,Gothenburg,SE,Frankfurt,DE,Standard,E-Commerce,12.07,48.61,EUR,4.0,4,Delivered
ORD-104446,"Aug 18, 2025",MERIDIAN EXPRESS,Hamburg,DE,Gdansk,PL,Standard,Industrial,14.03,63.03,EUR,3.0,4,Delivered
ORD-104445,"Oct 15, 2025",Kestrel Parcel,Rotterdam,NL,Zurich,CH,Express,E-Commerce,3.65,75.61,EUR,3.0,2,Delayed
ORD-101459,2025-12-09 00:00:00, Nordfrakt ,Gothenburg,SE,Turin,IT,Economy,E-Commerce,6.71,48.64,EUR,6.0,7,Delivered
ORD-104681,2025-06-02,Baltica Logistics,Barcelona,ES,Munich,DE,Express,Wholesale,45.2,162.11,EUR,2.0,2,Delivered
ORD-102117,23/12/2025,kestrel,Gothenburg,SE,Tampere,FI,Economy,E-Commerce,45.55,67.81,EUR,8.0,7,Delayed
ORD-102453,2025-11-14 00:00:00,Vantage,Hamburg,DE,Gothenburg,SE,Standard,Wholesale,19.38,77.83,EUR,2.0,4,DELIVERED
ORD-103841,2025-11-27,Nordfrakt AB,Gothenburg,SE,Bergen,NO,Standard,Retail,39.71,110.12,EUR,3.0,4,Delivered
ORD-102432,"May 29, 2025",Baltica Logistics A/S,Milan,IT,Manchester,GB,Standard,Retail,55.33,136.18,EUR,,4,Cancelled
ORD-103350,27/05/2025,nordfrakt,Gothenburg,SE,Malmo,SE,Standard,Wholesale,15.86,625.74,SEK,2.0,4,Delivered
ORD-101216,04/12/2025,Vantage Freight,Gothenburg,SE,Oslo,NO,Standard,E-Commerce,116.05,223.5,EUR,3.0,4,Delivered
ORD-104512,"May 07, 2025",kestrel,Hamburg,DE,Stockholm,SE,Standard,Retail,7.03,46.53,EUR,2.0,4,Delivered
ORD-103177,2025-08-11, Nordfrakt ,Barcelona,ES,Frankfurt,DE,Standard,Wholesale,29.43,66.93,EUR,3.0,4,Delivered
ORD-103787,2025-03-12 00:00:00,Vantage Freight Ltd,Gothenburg,SE,Cologne,DE,Standard,Retail,71.89,122.46,EUR,,4,Delivered
ORD-102079,09/05/2025, Nordfrakt ,Barcelona,ES,Geneva,CH,Economy,Industrial,23.31,44.25,EUR,6.0,7,Delivered
ORD-104015,2025-05-19 00:00:00,Meridian Expr,Gothenburg,SE,Gothenburg,SE,Standard,Wholesale,38.99,94.78,EUR,2.0,4,Delivered
ORD-100700,2025-12-11 00:00:00,Baltica Log.,Rotterdam,NL,Stockholm,SE,Standard,Industrial,54.62,103.81,EUR,2.0,4,Delivered
ORD-101406,2025-09-08 00:00:00,Kestrel Parcels AB,Milan,IT,Amsterdam,NL,Standard,Wholesale,47.14,1262.97,SEK,4.0,4,Delivered
ORD-104067,2025-10-20, Nordfrakt ,Rotterdam,NL, Frankfurt ,DE,Standard,Industrial,20.61,73.58,EUR,3.0,4,Delivered
ORD-104472,2025-11-24,nordfrakt,Milan,IT,Tampere,FI,Express,Retail,26.15,154.79,EUR,3.0,2,Delayed
ORD-102276,2025-06-24 00:00:00,Nordfrakt AB,Gothenburg,SE,Brno,CZ,Economy,Wholesale,11.29,32.94,EUR,6.0,7,Delivered
ORD-100213,03/11/2025, Nordfrakt ,Gothenburg,SE,Malmo,SE,Express,E-Commerce,5.88,80.14,USD,1.0,2,Delivered
ORD-102366,2025-09-02 00:00:00,Vantage,Barcelona,ES,Marseille,FR,Standard,Wholesale,55.06,105.84,EUR,3.0,4,Delivered
ORD-101260,25/07/2025,Nordfrakt AB,Gothenburg,SE,Oslo,NO,Economy,Wholesale,54.87,71.27,EUR,5.0,7,Delivered
ORD-103423,"Sep 29, 2025",Vantage Freight Ltd,Barcelona,ES,Krakow,PL,Express,Retail,44.17,195.32,EUR,2.0,2,Delivered
ORD-103512,"May 12, 2025",hanseatic line,Milan,IT, Paris ,FR,Economy,Retail,29.81,51.07,USD,7.0,7,Delivered
ORD-100195,2025-04-18 00:00:00,Hanseatic Lines,Milan,IT,Cologne,DE,Standard,Wholesale,44.2,71.66,EUR,4.0,4,Delivered
ORD-101564,2025-12-31,Vantage Freight,Hamburg,DE,Lyon,FR,Express,Retail,8.83,83.22,EUR,2.0,2,Delivered
ORD-100372,13/10/2025,kestrel,Hamburg,DE, Oslo ,NO,Standard,Wholesale,8.26,54.03,EUR,3.0,4,In Transit
ORD-102804,03/06/2025,KESTREL PARCEL,Hamburg,DE,Stockholm,SE,Standard,Industrial,32.46,73.12,EUR,2.0,4,Delivered
ORD-104632,2025-07-29,KESTREL PARCEL,Rotterdam,NL,Aarhus,DK,Standard,Wholesale,16.41,56.23,USD,3.0,4,Delivered
ORD-100695,"Jul 18, 2025",Hanseatic Line,Hamburg,DE,Gothenburg,SE,Express,Industrial,22.9,97.34,EUR,1.0,2,DELIVERED
ORD-103734,2025-08-25 00:00:00,Vantage Freight Ltd,Rotterdam,NL,Stockholm,SE,Standard,Industrial,21.78,68.0,USD,1.0,4,Delivered
ORD-103831,2025-06-20,Meridian Express,Hamburg,DE,Warsaw,PL,Standard,Retail,22.19,66.09,USD,2.0,4,Delivered
ORD-104728,2025-05-01 00:00:00,Meridian Expr,Gothenburg,SE,Zurich,CH,Standard,Retail,32.45,72.45,EUR,4.0,4,Delivered
ORD-103175,2025-12-31,baltica,Gothenburg,SE,Malmo,SE,Standard,Wholesale,7.98,39.42,EUR,2.0,4,Delivered
ORD-100892,"Dec 12, 2025",hanseatic line,Rotterdam,NL,Valencia,ES,Standard,Retail,26.27,96.1,USD,7.0,4,Delayed
ORD-103459,2025-10-06 00:00:00,Baltica Logistics,Rotterdam,NL,Geneva,CH,Standard,Retail,36.56,103.88,EUR,4.0,4,Delivered
ORD-100915,"Nov 07, 2025",MERIDIAN EXPRESS,Gothenburg,SE,Bergen,NO,Economy,Wholesale,4.62,36.86,EUR,6.0,7,Delivered
ORD-104576,2025-04-15,Meridian Expr,Gothenburg,SE,Vienna,AT,Standard,Retail,42.14,98.13,EUR,4.0,4,Delivered
ORD-104439,2025-08-20 00:00:00,baltica,Hamburg,DE, Amsterdam ,NL,Express,Industrial,22.81,121.32,EUR,2.0,2,Delivered
ORD-100275,2025-11-20 00:00:00,Meridian Express,Rotterdam,NL,Gothenburg,SE,Standard,Retail,42.54,114.98,EUR,2.0,4,Delivered
ORD-100950,"Apr 21, 2025", Nordfrakt ,Gothenburg,SE,Stockholm,SE,Express,Industrial,40.92,129.42,EUR,1.0,2,Delivered
ORD-100909,2025-04-20 00:00:00,nordfrakt,Milan,IT,Marseille,FR,Express,Retail,8.58,93.62,EUR,2.0,2,Delivered
ORD-100370,"Sep 01, 2025", Nordfrakt ,Gothenburg,SE,Malmo,SE,Express,E-Commerce,38.31,1695.71,SEK,1.0,2,Delivered
ORD-103135,"Mar 10, 2025",Baltica Logistics,Rotterdam,NL, Oslo ,NO,Standard,Wholesale,19.84,79.33,EUR,4.0,4,Delivered
ORD-104414,2025-11-25,Meridian Expr,Rotterdam,NL,Geneva,CH,Standard,Wholesale,42.32,126.46,EUR,4.0,4,Delivered
ORD-102787,2025-04-02 00:00:00,Baltica Logistics,Rotterdam,NL,Paris,FR,Express,E-Commerce,64.6,242.46,EUR,3.0,2,Delayed
ORD-102892,2025-09-17,KESTREL PARCEL,Rotterdam,NL,Stockholm,SE,Standard,E-Commerce,46.96,89.23,EUR,2.0,4,Delivered
ORD-101580,2025-08-11,MERIDIAN EXPRESS,Gothenburg,SE,Krakow,PL,Standard,E-Commerce,29.46,97.49,EUR,4.0,4,Delivered
ORD-104299,2025-04-21 00:00:00,MERIDIAN EXPRESS,Gothenburg,SE,Warsaw,PL,Standard,E-Commerce,11.43,57.66,EUR,4.0,4,Delivered
ORD-103250,2025-09-02,Kestrel Parcel,Gothenburg,SE, Lyon ,FR,Standard,Retail,15.11,65.68,EUR,5.0,4,Delayed
ORD-100004,"Oct 24, 2025",vantage freight,Hamburg,DE,Rome,IT,Express,Wholesale,12.51,123.55,EUR,3.0,2,Delayed
ORD-101533,"Jun 12, 2025",Baltica Logistics,Barcelona,ES,London,GB,Express,Retail,8.01,99.17,EUR,2.0,2,Delivered
ORD-102434,2025-11-03 00:00:00,hanseatic line,Hamburg,DE,Brno,CZ,Standard,Retail,28.54,83.61,EUR,5.0,4,Delayed
ORD-104354,"Nov 21, 2025",KESTREL PARCEL,Rotterdam,NL,Geneva,CH,Standard,E-Commerce,18.27,72.83,EUR,5.0,4,Delayed
ORD-103799,31/03/2025,Nordfrakt AB,Gothenburg,SE,Graz,AT,Express,Wholesale,24.93,187.63,USD,2.0,2,Delivered
ORD-101450,"Aug 09, 2025",Meridian Express,Milan,IT,Oslo,NO,Standard,Wholesale,17.07,69.7,USD,2.0,4,Delivered
ORD-104417,2025-05-25 00:00:00,Meridian Expr,Barcelona,ES,Rome,IT,Standard,E-Commerce,43.87,91.55,EUR,4.0,4,Delivered
ORD-104522,2025-12-22,Vantage,Milan,IT,Krakow,PL,Standard,Industrial,22.38,55.62,EUR,4.0,4,Delivered
ORD-103915,2025-04-12 00:00:00,baltica,Gothenburg,SE,Vienna,AT,Express,Wholesale,29.78,196.2,USD,2.0,2,Delivered
ORD-103432,2025-06-22 00:00:00,Nordfrakt AB,Gothenburg,SE,Brno,CZ,Economy,Industrial,7.28,41.1,USD,5.0,7,Delivered
ORD-104876,"Oct 13, 2025",Baltica Logistics A/S,Hamburg,DE,Berlin,DE,Economy,Industrial,46.06,653.33,SEK,5.0,7,Delivered
ORD-101077,2025-06-02,vantage freight,Milan,IT,Copenhagen,DK,Express,E-Commerce,10.09,68.94,EUR,2.0,2,Delivered
ORD-102174,07/07/2025, Meridian Express,Milan,IT,Cologne,DE,Standard,Industrial,45.52,99.05,EUR,3.0,4,Delivered
ORD-102012,24/05/2025,Nordfrakt AB,Rotterdam,NL,London,GB,Economy,Industrial,19.64,55.1,EUR,6.0,7,Delivered
ORD-101483,2025-05-01,baltica,Rotterdam,NL,Gothenburg,SE,Standard,Wholesale,32.55,915.21,SEK,2.0,4,Delivered
ORD-104892,2025-04-01,Nordfrakt,Rotterdam,NL,Krakow,PL,Express,E-Commerce,10.32,1094.3,SEK,3.0,2,Delayed
ORD-101662,"Jun 10, 2025", Nordfrakt ,Hamburg,DE,Lyon,FR,Express,Industrial,36.97,1817.41,SEK,3.0,2,Delayed
ORD-100625,"Jul 07, 2025",vantage freight,Rotterdam,NL,Amsterdam,NL,Standard,Retail,40.78,80.47,EUR,2.0,4,DELIVERED
ORD-101457,"Nov 05, 2025",Kestrel Parcel,Gothenburg,SE,Gdansk,PL,Economy,Retail,24.48,56.33,EUR,7.0,7,Delivered
ORD-104609,"Oct 27, 2025",MERIDIAN EXPRESS,Rotterdam,NL,Copenhagen,DK,Express,E-Commerce,23.24,134.31,EUR,1.0,2,Delivered
ORD-103096,2025-06-04,Nordfrakt AB,Gothenburg,SE,Tampere,FI,Economy,Wholesale,6.03,41.38,EUR,6.0,7,Delivered
ORD-103623,2025-10-29,nordfrakt,Milan,IT,Bergen,NO,Standard,Wholesale,26.74,77.75,EUR,3.0,4,DELIVERED
ORD-103478,2025-10-11, Nordfrakt ,Milan,IT,Oslo,NO,Economy,Wholesale,20.87,49.32,EUR,4.0,7,Delivered
ORD-101874,13/10/2025,Meridian Express,Rotterdam,NL,Stockholm,SE,Standard,Industrial,36.37,1001.71,SEK,1.0,4,Delivered
ORD-102258,03/03/2025,MERIDIAN EXPRESS,Gothenburg,SE,Vienna,AT,Standard,Retail,14.6,58.8,EUR,4.0,4,Delivered
ORD-101555,"May 29, 2025",Meridian Express,Gothenburg,SE,Helsinki,FI,Standard,E-Commerce,12.97,767.8,SEK,4.0,4,Delivered
ORD-102844,"Nov 06, 2025", Nordfrakt ,Hamburg,DE,Oslo,NO,Economy,Industrial,37.95,71.24,EUR,5.0,7,Delivered
ORD-103467,2025-07-20 00:00:00, Meridian Express,Hamburg,DE,Graz,AT,Standard,Wholesale,79.14,170.12,EUR,4.0,4,Delivered
ORD-100840,2025-08-06, Meridian Express,Gothenburg,SE,Cologne,DE,Standard,Industrial,47.61,113.72,EUR,3.0,4,Delivered
ORD-102845,2025-11-06 00:00:00,Nordfrakt AB,Hamburg,DE,Vienna,AT,Economy,Industrial,29.39,61.12,EUR,3.0,7,Delivered
ORD-100562,"Nov 26, 2025", Nordfrakt ,Rotterdam,NL,Frankfurt,DE,Standard,Industrial,27.92,920.41,SEK,3.0,4,Delivered
ORD-101962,2025-05-19, Nordfrakt ,Rotterdam,NL,Valencia,ES,Economy,Wholesale,19.41,544.1,SEK,4.0,7,Delivered
ORD-102094,29/05/2025,Meridian Express,Barcelona,ES,Munich,DE,Economy,Retail,31.79,47.37,EUR,5.0,7,Delivered
ORD-103782,2025-04-28 00:00:00,Meridian Express,Gothenburg,SE,Warsaw,PL,Standard,Wholesale,6.51,,EUR,,4,Delivered
ORD-100500,"May 02, 2025",Nordfrakt,Gothenburg,SE,Amsterdam,NL,Economy,Wholesale,42.78,65.27,EUR,4.0,7,Delivered
ORD-100868,03/11/2025, Nordfrakt ,Gothenburg,SE,Eindhoven,NL,Economy,Wholesale,26.53,52.59,EUR,5.0,7,Delivered
ORD-102864,2025-04-17,Vantage Freight Ltd,Gothenburg,SE,Marseille,FR,Standard,Industrial,37.78,71.42,EUR,3.0,4,Delivered
ORD-104938,"Aug 11, 2025",Nordfrakt,Rotterdam,NL,Krakow,PL,Standard,Wholesale,30.71,84.96,EUR,3.0,4,Delivered
ORD-104827,2025-12-21 00:00:00,Nordfrakt,Gothenburg,SE,Helsinki,FI,Standard,Wholesale,50.88,1207.53,SEK,5.0,4,DELAYED
ORD-104233,2025-07-24 00:00:00,MERIDIAN EXPRESS,Milan,IT,Lyon,FR,Standard,Industrial,28.44,88.68,USD,3.0,4,Delivered
ORD-104967,2025-09-02 00:00:00,nordfrakt,Rotterdam,NL,Paris,FR,Standard,Industrial,33.91,101.56,USD,3.0,4,Delivered
ORD-101849,30/05/2025,Nordfrakt AB,Hamburg,DE,Aarhus,DK,Economy,Wholesale,29.9,47.47,EUR,3.0,7,Delivered
ORD-103130,"Sep 15, 2025",KESTREL PARCEL,Milan,IT,Munich,DE,Standard,Industrial,39.55,101.01,EUR,5.0,4,Delayed
ORD-104534,"Mar 17, 2025",KESTREL PARCEL,Gothenburg,SE, Stockholm ,SE,Standard,Retail,15.08,50.32,EUR,2.0,4,Delivered
ORD-100723,"May 05, 2025",Baltica Logistics,Milan,IT,Aarhus,DK,Standard,Retail,23.37,69.97,EUR,2.0,4,Delivered
ORD-102763,2025-03-20, Nordfrakt ,Gothenburg,SE,Frankfurt,DE,Standard,Retail,9.29,42.11,EUR,3.0,4,Delivered
ORD-101918,03/11/2025,Kestrel Parcels AB,Gothenburg,SE,Vienna,AT,Standard,E-Commerce,30.25,103.97,EUR,4.0,4,Delivered
ORD-104075,13/03/2025, Nordfrakt ,Hamburg,DE,Stockholm,SE,Express,Wholesale,6.72,72.62,USD,1.0,2,Delivered
ORD-100138,08/09/2025,Nordfrakt AB,Gothenburg,SE,Zurich,CH,Standard,Retail,10.0,56.41,EUR,4.0,4,Delivered
ORD-104409,2025-08-25 00:00:00,nordfrakt,Hamburg,DE,Geneva,CH,Standard,Retail,15.56,68.63,EUR,3.0,4,Delivered
ORD-103916,,Meridian Expr,Hamburg,DE,Valencia,ES,Express,Wholesale,44.82,188.22,EUR,3.0,2,Delayed
ORD-100807,2025-04-30 00:00:00,Nordfrakt AB,Barcelona,ES,Stockholm,SE,Economy,E-Commerce,61.44,73.2,EUR,2.0,7,Delivered
ORD-104645,08/10/2025, Meridian Express,Rotterdam,NL,Bergen,NO,Economy,E-Commerce,4.12,35.86,USD,4.0,7,Delivered
ORD-102803,04/04/2025, Nordfrakt ,Rotterdam,NL,Malmo,SE,Express,Retail,26.03,105.47,EUR,1.0,2,Delivered
ORD-103989,"Nov 16, 2025", Nordfrakt ,Barcelona,ES,Amsterdam,NL,Standard,Industrial,21.19,38.11,EUR,3.0,4,Delivered
ORD-103936,2025-12-15 00:00:00,KESTREL PARCEL,Hamburg,DE,Lyon,FR,Standard,Industrial,7.39,59.79,EUR,,4,Delayed
ORD-103375,2025-12-03 00:00:00,Vantage Freight Ltd,Hamburg,DE,Geneva,CH,Standard,E-Commerce,77.77,152.42,EUR,5.0,4,Delayed
ORD-100718,"Jul 08, 2025",Hanseatic Lines,Milan,IT,Copenhagen,DK,Standard,Wholesale,60.6,129.55,EUR,3.0,4,Delivered
ORD-101684,13/09/2025,Meridian Express,Rotterdam,NL,Tampere,FI,Economy,Wholesale,34.85,66.91,EUR,6.0,7,Delivered
ORD-102464,2025-11-10 00:00:00,Nordfrakt AB,Barcelona,ES,Munich,DE,Standard,Industrial,22.75,67.81,EUR,3.0,4,Delivered
ORD-100886,30/03/2025,Vantage Freight Ltd,Milan,IT,Geneva,CH,Standard,Industrial,16.92,67.89,EUR,3.0,4,Delivered
ORD-103696,2025-08-17 00:00:00,MERIDIAN EXPRESS,Gothenburg,SE,Lyon,FR,Standard,Industrial,20.0,76.3,EUR,3.0,4,Delivered
ORD-104400,2025-09-25,hanseatic line,Rotterdam,NL, Amsterdam ,NL,Express,E-Commerce,14.04,93.94,EUR,2.0,2,Delivered
ORD-102443,25/06/2025, Meridian Express,Gothenburg,SE,Turin,IT,Economy,Retail,29.26,50.55,EUR,6.0,7,Delivered
ORD-102145,"Oct 30, 2025",Baltica Logistics,Rotterdam,NL,Warsaw,PL,Standard,Wholesale,12.89,52.69,USD,5.0,4,Delayed
ORD-100699,"Apr 22, 2025", Nordfrakt ,Hamburg,DE,Eindhoven,NL,Express,Industrial,9.24,87.96,USD,1.0,2,Delivered
ORD-100446,20/08/2025,KESTREL PARCEL,Rotterdam,NL,Vienna,AT,Economy,Industrial,13.35,529.69,SEK,6.0,7,Delivered
ORD-103086,2025-06-09,Hanseatic Lines,Rotterdam,NL,Paris,FR,Standard,E-Commerce,6.05,46.66,EUR,5.0,4,Delayed
ORD-103112,2025-04-02 00:00:00,nordfrakt,Rotterdam,NL,Eindhoven,NL,Express,Retail,54.7,231.62,EUR,2.0,2,Delivered
ORD-103341,15/08/2025,Vantage Freight,Rotterdam,NL,Valencia,ES,Standard,Wholesale,5.94,58.09,EUR,4.0,4,Delivered
ORD-104569,"Jun 21, 2025",baltica,Milan,IT,Paris,FR,Standard,Wholesale,47.66,86.24,USD,3.0,4,Delivered
ORD-101561,2025-07-18 00:00:00,Hanseatic Lines,Gothenburg,SE,Madrid,ES,Economy,Wholesale,78.19,130.34,USD,10.0,7,Delayed
ORD-101602,,nordfrakt,Gothenburg,SE,Berlin,DE,Standard,E-Commerce,82.71,109.13,EUR,3.0,4,DELIVERED
ORD-102880,"Mar 24, 2025",Nordfrakt,Barcelona,ES, Bergen ,NO,Economy,Industrial,40.63,76.81,USD,3.0,7,Delivered
ORD-100188,2025-07-10 00:00:00, Meridian Express,Milan,IT,Lyon,FR,Standard,Retail,35.13,96.92,EUR,3.0,4,Delivered
ORD-103776,2025-12-18,kestrel,Rotterdam,NL,Turin,IT,Standard,Industrial,51.69,1337.63,SEK,6.0,4,Delayed
ORD-101868,2025-03-17 00:00:00,Kestrel Parcels AB,Barcelona,ES,Helsinki,FI,Economy,Retail,14.9,43.02,EUR,7.0,7,Delivered
ORD-102028,2025-12-15,Kestrel Parcels AB,Rotterdam,NL,Helsinki,FI,Economy,E-Commerce,11.61,41.69,EUR,9.0,7,Delayed
ORD-102928,"Jun 10, 2025",vantage freight,Gothenburg,SE,Oslo,NO,Economy,Retail,13.04,39.04,EUR,5.0,7,Delivered
ORD-100708,17/11/2025,Meridian Express,Hamburg,DE,Geneva,CH,Standard,E-Commerce,3.9,,EUR,4.0,4,Delivered
ORD-103544,2025-03-21,Nordfrakt,Hamburg,DE,Amsterdam,NL,Standard,Industrial,35.18,897.63,SEK,2.0,4,Delivered
ORD-101384,"Sep 29, 2025",Kestrel Parcels AB,Barcelona,ES,Frankfurt,DE,Standard,Retail,25.22,67.75,EUR,3.0,4,Delivered
ORD-100054,"Dec 01, 2025",Meridian Express,Hamburg,DE,Rome,IT,Standard,Industrial,11.69,82.88,EUR,4.0,4,Delivered
ORD-104796,02/12/2025,Meridian Express,Rotterdam,NL,Cologne,DE,Standard,E-Commerce,36.88,,SEK,2.0,4,Delivered
ORD-103792,"Jul 21, 2025",baltica,Hamburg,DE,Brno,CZ,Standard,E-Commerce,64.32,1491.83,SEK,4.0,4,Delivered
ORD-100594,25/08/2025,kestrel,Barcelona,ES,Brno,CZ,Standard,Industrial,18.29,80.51,EUR,3.0,4,Delivered
ORD-100800,07/03/2025,Meridian Express,Hamburg,DE, Stockholm ,SE,Standard,Retail,36.95,74.47,EUR,2.0,4,Delivered
ORD-103249,"Oct 03, 2025",kestrel,Hamburg,DE,Warsaw,PL,Standard,E-Commerce,31.02,1087.69,SEK,3.0,4,Delivered
ORD-103993,2025-08-04 00:00:00,KESTREL PARCEL,Milan,IT, Cologne ,DE,Economy,E-Commerce,24.43,54.64,USD,5.0,7,DELIVERED
ORD-100561,"Mar 24, 2025", Nordfrakt ,Gothenburg,SE,Berlin,DE,Economy,Retail,35.57,53.8,EUR,4.0,7,Delivered
ORD-102956,24/04/2025,Hanseatic Lines,Gothenburg,SE,London,GB,Standard,Wholesale,20.96,83.79,EUR,6.0,4,Delayed
ORD-103717,"Jul 16, 2025",Nordfrakt,Hamburg,DE,Prague,CZ,Economy,Industrial,6.2,32.8,USD,6.0,7,Delivered
ORD-100210,2025-07-22 00:00:00, Meridian Express,Gothenburg,SE,Brno,CZ,Express,Wholesale,25.2,128.32,EUR,3.0,2,Delayed
ORD-102855,"Apr 14, 2025",Meridian Expr,Gothenburg,SE,Zurich,CH,Economy,E-Commerce,23.69,49.48,EUR,7.0,7,Delivered
ORD-102810,2025-12-08 00:00:00,nordfrakt,Gothenburg,SE,Rome,IT,Economy,E-Commerce,23.5,62.63,EUR,6.0,7,Delivered
ORD-100678,13/12/2025,Vantage,Rotterdam,NL,Madrid,ES,Standard,E-Commerce,13.22,58.98,EUR,5.0,4,Delayed
ORD-102082,2025-08-26,baltica,Milan,IT,Krakow,PL,Economy,Wholesale,4.53,342.65,SEK,6.0,7,Delivered
ORD-100328,19/05/2025,KESTREL PARCEL,Gothenburg,SE,Valencia,ES,Economy,Industrial,12.95,48.16,EUR,,7,Delivered
ORD-103484,"Oct 10, 2025",Nordfrakt,Gothenburg,SE,Cologne,DE,Standard,Industrial,22.08,80.43,EUR,4.0,4,Delivered
ORD-102885,2025-05-24 00:00:00, Nordfrakt ,Milan,IT,Graz,AT,Economy,Retail,39.49,79.62,EUR,6.0,7,Delivered
ORD-103771,29/08/2025,Vantage,Gothenburg,SE, Graz ,AT,Standard,Wholesale,7.37,592.47,SEK,4.0,4,Delivered
ORD-103534,"Apr 18, 2025",Baltica Logistics,Hamburg,DE,Berlin,DE,Standard,Wholesale,14.33,60.49,EUR,3.0,4,Delivered
ORD-101381,"Aug 04, 2025",Vantage Freight Ltd,Gothenburg,SE,Lyon,FR,Express,Industrial,24.14,165.09,EUR,2.0,2,Delivered
ORD-104262,2025-08-08,Baltica Logistics,Hamburg,DE,Geneva,CH,Standard,Industrial,57.29,114.99,EUR,5.0,4,Delayed
ORD-101122,28/07/2025,Nordfrakt,Milan,IT,Warsaw,PL,Standard,E-Commerce,15.68,67.99,USD,4.0,4,Delivered
ORD-103164,12/05/2025,kestrel,Rotterdam,NL,Marseille,FR,Standard,Wholesale,19.95,65.67,EUR,,4,Delivered
ORD-103658,"Aug 31, 2025",Nordfrakt,Gothenburg,SE,Stockholm,SE,Express,Industrial,23.43,100.73,EUR,1.0,2,Delivered
ORD-102081,2025-04-21 00:00:00,nordfrakt,Barcelona,ES,Munich,DE,Standard,Retail,22.34,64.55,EUR,3.0,4,Delivered
ORD-100453,"Mar 14, 2025",Kestrel Parcels AB,Milan,IT,Copenhagen,DK,Standard,Industrial,17.29,67.63,EUR,3.0,4,Delivered
ORD-100187,26/09/2025,Vantage,Barcelona,ES,Rome,IT,Standard,E-Commerce,16.77,70.82,EUR,5.0,4,Delayed
ORD-101144,, Meridian Express,Gothenburg,SE,Gothenburg,SE,Express,Retail,42.98,151.96,USD,1.0,2,Delivered
ORD-101236,"Mar 03, 2025",MERIDIAN EXPRESS,Milan,IT, Prague ,CZ,Economy,Wholesale,20.38,60.74,USD,4.0,7,Delivered
ORD-100221,"Nov 06, 2025",Vantage Freight,Gothenburg,SE, Munich ,DE,Standard,Industrial,14.1,46.84,USD,3.0,4,Delivered
ORD-100305,16/05/2025,hanseatic line,Gothenburg,SE,Paris,FR,Economy,Wholesale,33.06,44.4,EUR,7.0,7,Delivered
ORD-102469,"Jun 26, 2025",Baltica Logistics A/S,Gothenburg,SE,Eindhoven,NL,Economy,Industrial,24.02,44.71,EUR,5.0,7,Delivered
ORD-100459,2025-04-28,Nordfrakt AB,Rotterdam,NL,Malmo,SE,Economy,Wholesale,32.39,54.06,EUR,3.0,7,Delivered
ORD-102370,25/03/2025, Nordfrakt ,Hamburg,DE,Frankfurt,DE,Standard,Wholesale,82.64,165.89,USD,3.0,4,Delivered
ORD-102414,22/09/2025, Nordfrakt ,Gothenburg,SE,Berlin,DE,Economy,E-Commerce,27.04,54.38,USD,4.0,7,Delivered
ORD-103706,,hanseatic line,Barcelona,ES,Vienna,AT,Standard,Industrial,17.98,69.72,EUR,5.0,4,Delayed
ORD-102586,"Sep 22, 2025",Meridian Express,Barcelona,ES,Eindhoven,NL,Express,Industrial,39.81,173.83,EUR,1.0,2,Delivered
ORD-103492,2025-09-20 00:00:00,Nordfrakt AB,Gothenburg,SE,Malmo,SE,Standard,E-Commerce,13.94,46.89,EUR,2.0,4,Delivered
ORD-102705,"Aug 04, 2025",Baltica Logistics,Milan,IT,Copenhagen,DK,Standard,Wholesale,14.37,61.8,EUR,3.0,4,Delivered
ORD-103260,2025-10-25,hanseatic line,Milan,IT,Turin,IT,Express,Industrial,27.68,148.2,EUR,,2,Delayed
ORD-104496,"Aug 29, 2025",KESTREL PARCEL,Gothenburg,SE, Aarhus ,DK,Economy,Wholesale,52.49,881.9,SEK,3.0,7,Delivered
ORD-100402,2025-08-25,KESTREL PARCEL,Milan,IT,Paris,FR,Standard,Industrial,14.45,58.99,EUR,3.0,4,Delivered
ORD-102335,2025-12-22 00:00:00,Vantage,Hamburg,DE,Zurich,CH,Express,E-Commerce,23.26,132.51,EUR,3.0,2,Delayed
ORD-102573,2025-10-01,KESTREL PARCEL,Hamburg,DE,Malmo,SE,Standard,Wholesale,22.15,69.86,EUR,3.0,4,Delivered
ORD-101078,16/10/2025,hanseatic line,Rotterdam,NL,Vienna,AT,Standard,Wholesale,14.14,52.59,EUR,5.0,4,DELAYED
ORD-102208,2025-07-07, Nordfrakt ,Gothenburg,SE, Warsaw ,PL,Economy,E-Commerce,16.1,50.93,USD,6.0,7,Delivered
ORD-102531,,Kestrel Parcels AB,Milan,IT,Gothenburg,SE,Express,Retail,31.58,96.26,EUR,1.0,2,Delivered
ORD-104544,03/11/2025,baltica,Gothenburg,SE,Copenhagen,DK,Economy,Industrial,19.58,46.29,EUR,6.0,7,Delivered
ORD-103402,2025-05-26,vantage freight,Gothenburg,SE,Warsaw,PL,Standard,E-Commerce,49.56,89.04,EUR,4.0,4,Delivered
ORD-104051,03/10/2025,kestrel,Rotterdam,NL, Stockholm ,SE,Economy,E-Commerce,49.02,69.53,EUR,4.0,7,Delivered
ORD-102585,2025-12-30,Meridian Expr,Milan,IT,Amsterdam,NL,Express,Retail,59.15,212.01,EUR,2.0,2,Delivered
ORD-102961,2025-10-20 00:00:00,Nordfrakt AB,Rotterdam,NL,Eindhoven,NL,Express,Retail,11.01,78.84,EUR,1.0,2,Delivered
ORD-100974,"May 21, 2025",Nordfrakt AB,Barcelona,ES,Berlin,DE,Standard,Retail,61.57,124.43,EUR,2.0,4,Delivered
ORD-103114,2025-09-17,Baltica Logistics,Milan,IT,Rome,IT,Standard,E-Commerce,9.45,71.4,USD,3.0,4,Delivered
ORD-103785,2025-12-30,KESTREL PARCEL,Gothenburg,SE,Cologne,DE,Economy,Wholesale,70.39,94.61,EUR,6.0,7,Delivered
ORD-104074,2025-08-26,vantage freight,Rotterdam,NL,Eindhoven,NL,Express,Retail,7.47,114.05,EUR,1.0,2,DELIVERED
ORD-104611,2025-08-26 00:00:00,Kestrel Parcel,Rotterdam,NL,Rome,IT,Express,Industrial,3.46,80.42,EUR,3.0,2,Delayed
ORD-103068,2025-05-21,Baltica Logistics,Hamburg,DE,Stockholm,SE,Standard,Wholesale,45.08,71.97,EUR,2.0,4,Delivered
ORD-100229,"Jun 06, 2025",Nordfrakt AB,Gothenburg,SE,Berlin,DE,Express,Wholesale,57.93,235.34,EUR,3.0,2,Delayed
ORD-101167,2025-10-06,nordfrakt,Hamburg,DE,Vienna,AT,Economy,Industrial,19.07,46.37,EUR,4.0,7,Delivered
ORD-104150,28/08/2025,Nordfrakt,Gothenburg,SE,Oslo,NO,Standard,Wholesale,53.89,127.03,EUR,3.0,4,Delivered
ORD-104799,"Dec 30, 2025",nordfrakt,Milan,IT,Prague,CZ,Express,Retail,26.18,148.45,EUR,2.0,2,Delivered
ORD-102520,2025-10-29 00:00:00,Kestrel Parcel,Gothenburg,SE,Krakow,PL,Standard,E-Commerce,16.47,63.55,EUR,5.0,4,Delayed
ORD-103554,2025-10-14,Nordfrakt AB,Gothenburg,SE,Bergen,NO,Express,Retail,12.37,116.24,USD,2.0,2,Delivered
ORD-104347,2025-05-23 00:00:00,Baltica Log.,Rotterdam,NL,Graz,AT,Standard,Wholesale,22.59,83.46,EUR,4.0,4,Delivered
ORD-100531,30/05/2025,Nordfrakt AB,Rotterdam,NL, Copenhagen ,DK,Standard,E-Commerce,18.73,56.36,EUR,2.0,4,Delivered
ORD-100473,2025-11-12 00:00:00,Vantage Freight,Rotterdam,NL,Warsaw,PL,Economy,E-Commerce,47.61,93.61,USD,7.0,7,DELIVERED
ORD-104069,"Apr 25, 2025",Vantage,Barcelona,ES,Zurich,CH,Standard,Wholesale,34.75,92.27,EUR,4.0,4,Delivered
ORD-100449,"Aug 05, 2025",Nordfrakt,Gothenburg,SE,Rome,IT,Standard,Retail,4.71,29.88,EUR,3.0,4,Delivered
ORD-102254,11/08/2025,Nordfrakt AB,Hamburg,DE,Lyon,FR,Economy,Industrial,4.82,35.72,EUR,5.0,7,Delivered
ORD-102582,2025-08-07 00:00:00,Vantage Freight Ltd,Gothenburg,SE,Frankfurt,DE,Standard,E-Commerce,27.99,83.69,EUR,3.0,4,Delivered
ORD-102593,21/04/2025,Vantage,Milan,IT,Valencia,ES,Standard,E-Commerce,25.42,85.27,EUR,3.0,4,Delivered
ORD-102273,"Nov 10, 2025",nordfrakt,Rotterdam,NL,Vienna,AT,Express,Industrial,16.04,117.1,EUR,2.0,2,Delivered
ORD-102518,2025-05-18,baltica,Rotterdam,NL,Cologne,DE,Express,Industrial,18.83,95.87,EUR,3.0,2,Delayed
ORD-102215,01/10/2025, Nordfrakt ,Hamburg,DE,Graz,AT,Standard,Wholesale,21.83,908.5,SEK,3.0,4,Delivered
ORD-103557,2025-09-08 00:00:00,MERIDIAN EXPRESS,Rotterdam,NL,Warsaw,PL,Express,Industrial,17.03,125.76,EUR,2.0,2,Delivered
ORD-104171,2025-07-23 00:00:00, Meridian Express,Barcelona,ES,Bergen,NO,Economy,E-Commerce,28.94,626.25,SEK,4.0,7,Delivered
ORD-102265,2025-04-22,Meridian Express,Gothenburg,SE,Berlin,DE,Economy,E-Commerce,18.65,479.1,SEK,4.0,7,Delivered
ORD-104778,2025-04-28,Meridian Express,Gothenburg,SE,Krakow,PL,Express,Retail,15.54,128.54,USD,2.0,2,Delivered
ORD-104724,"Aug 07, 2025",Vantage Freight,Rotterdam,NL,Cologne,DE,Standard,Industrial,20.37,62.33,EUR,2.0,4,Delivered
ORD-101391,2025-12-16,Vantage Freight,Milan,IT,Amsterdam,NL,Economy,Retail,9.91,47.82,USD,3.0,7,Delivered
ORD-102953,2025-10-27,nordfrakt,Gothenburg,SE,Madrid,ES,Express,Retail,13.32,111.87,EUR,2.0,2,Delivered
ORD-101012,2025-07-14 00:00:00,baltica,Milan,IT,Gothenburg,SE,Standard,Retail,8.85,41.34,EUR,2.0,4,Delivered
ORD-101228,2025-05-24, Meridian Express,Hamburg,DE,Paris,FR,Express,Industrial,10.57,92.89,EUR,2.0,2,DELIVERED
ORD-100622,2025-05-30 00:00:00,nordfrakt,Rotterdam,NL,Paris,FR,Standard,E-Commerce,20.97,65.24,EUR,3.0,4,Delivered
ORD-102681,2025-04-25 00:00:00,Nordfrakt AB,Hamburg,DE,Warsaw,PL,Economy,E-Commerce,13.62,52.02,USD,6.0,7,Delivered
ORD-101537,2025-04-30 00:00:00,Meridian Express,Rotterdam,NL,Vienna,AT,Express,Industrial,27.92,156.01,EUR,2.0,2,Delivered
ORD-100171,2025-04-21 00:00:00, Meridian Express,Barcelona,ES,Rome,IT,Standard,Industrial,72.09,131.48,EUR,3.0,4,Delivered
ORD-102998,"Oct 27, 2025", Meridian Express,Milan,IT,Cologne,DE,Express,Retail,18.17,113.73,EUR,2.0,2,Delivered
ORD-104654,2025-05-07 00:00:00, Nordfrakt ,Rotterdam,NL,Gdansk,PL,Standard,Wholesale,78.74,143.89,EUR,3.0,4,Delivered
ORD-104035,18/03/2025, Meridian Express,Gothenburg,SE,Stockholm,SE,Express,E-Commerce,28.4,1493.6,SEK,1.0,2,Delivered
ORD-102883,27/03/2025,Meridian Express,Gothenburg,SE,Copenhagen,DK,Standard,E-Commerce,3.63,45.76,EUR,2.0,4,Delivered
ORD-102509,2025-05-06,Meridian Express,Gothenburg,SE,Copenhagen,DK,Standard,Retail,63.95,107.4,EUR,3.0,4,Delivered
ORD-102224,2025-10-07 00:00:00,Baltica Logistics A/S,Hamburg,DE,Krakow,PL,Standard,E-Commerce,89.2,188.5,EUR,5.0,4,Delayed
ORD-104337,2025-08-27,Nordfrakt,Rotterdam,NL,Warsaw,PL,Express,Wholesale,44.97,207.86,EUR,2.0,2,Delivered
ORD-100757,27/09/2025,Vantage Freight Ltd,Barcelona,ES,London,GB,Economy,E-Commerce,10.22,35.25,EUR,6.0,7,Delivered
ORD-100786,2025-03-18 00:00:00,Kestrel Parcels AB,Milan,IT,Cologne,DE,Standard,E-Commerce,58.69,86.05,EUR,,4,Cancelled
ORD-104006,"Jul 17, 2025",Nordfrakt,Gothenburg,SE,Valencia,ES,Standard,Retail,22.85,80.3,EUR,4.0,4,Delivered
ORD-104243,2025-03-19 00:00:00,Vantage Freight Ltd,Milan,IT,Bergen,NO,Express,E-Commerce,37.07,173.05,EUR,2.0,2,Delivered
ORD-104168,04/12/2025,Meridian Expr,Gothenburg,SE,Turin,IT,Express,Wholesale,8.25,135.96,EUR,3.0,2,DELAYED
ORD-104551,2025-03-21 00:00:00,HANSEATIC,Milan,IT,Zurich,CH,Express,Industrial,28.15,110.2,EUR,5.0,2,Delayed
ORD-103689,2025-06-02 00:00:00,baltica,Barcelona,ES,Frankfurt,DE,Express,E-Commerce,40.08,145.46,EUR,2.0,2,Delivered
ORD-100567,"Jul 15, 2025",KESTREL PARCEL,Hamburg,DE,Paris,FR,Standard,E-Commerce,29.17,94.39,EUR,4.0,4,Delivered
ORD-101591,"Sep 08, 2025", Nordfrakt ,Rotterdam,NL,Eindhoven,NL,Economy,Industrial,10.4,31.13,EUR,4.0,7,Delivered
ORD-103670,"May 19, 2025",hanseatic line,Barcelona,ES,Eindhoven,NL,Standard,E-Commerce,55.25,82.66,EUR,5.0,4,Delayed
ORD-102290,"Oct 03, 2025",Nordfrakt,Gothenburg,SE,Lyon,FR,Express,Wholesale,21.03,110.64,EUR,2.0,2,Delivered
ORD-103062,"Sep 26, 2025",Kestrel Parcel,Hamburg,DE,Zurich,CH,Standard,Industrial,19.95,56.34,EUR,4.0,4,Delivered
ORD-103686,"Apr 28, 2025",Baltica Logistics A/S,Rotterdam,NL,Frankfurt,DE,Standard,Wholesale,6.78,49.31,EUR,3.0,4,Delivered
ORD-101876,2025-07-06,Baltica Logistics A/S,Milan,IT, Malmo ,SE,Economy,Wholesale,25.54,34.19,EUR,,7,Delivered
ORD-103523,02/06/2025,Nordfrakt AB,Hamburg,DE,Aarhus,DK,Express,Retail,28.15,123.76,EUR,1.0,2,Delivered
ORD-100889,2025-07-28 00:00:00,Hanseatic Lines,Hamburg,DE,Rome,IT,Standard,Industrial,49.7,149.17,EUR,7.0,4,Delayed
ORD-101337,2025-08-11 00:00:00,nordfrakt,Rotterdam,NL,Copenhagen,DK,Economy,Industrial,4.78,31.8,EUR,3.0,7,Delivered
ORD-102553,"Jun 16, 2025",kestrel,Milan,IT,Gothenburg,SE,Standard,Industrial,9.28,52.93,USD,3.0,4,Delivered
ORD-100407,"May 18, 2025",Kestrel Parcels AB,Barcelona,ES,Madrid,ES,Standard,Industrial,14.11,790.31,SEK,4.0,4,Delivered
ORD-101390,15/08/2025,Kestrel Parcels AB,Gothenburg,SE, Munich ,DE,Express,Retail,6.26,80.76,EUR,2.0,2,Delivered
ORD-100650,24/11/2025, Meridian Express,Barcelona,ES,Copenhagen,DK,Standard,Industrial,24.04,95.88,EUR,2.0,4,Delivered
ORD-100433,2025-05-12 00:00:00,Vantage Freight,Hamburg,DE,Frankfurt,DE,Standard,Wholesale,35.26,76.1,EUR,3.0,4,Delivered
ORD-100132,2025-04-21 00:00:00,Meridian Expr,Rotterdam,NL,Malmo,SE,Standard,E-Commerce,17.42,62.27,EUR,2.0,4,Delivered
ORD-104510,2025-08-12,Vantage,Barcelona,ES,Bergen,NO,Standard,E-Commerce,26.29,87.37,EUR,3.0,4,Delivered
ORD-100419,2025-12-03 00:00:00,KESTREL PARCEL,Rotterdam,NL,Gothenburg,SE,Standard,Retail,16.85,58.19,USD,3.0,4,Delivered
ORD-103060,2025-07-15, Nordfrakt ,Rotterdam,NL, London ,GB,Express,Industrial,10.7,132.31,EUR,2.0,2,Delivered
ORD-102039,03/11/2025,Vantage Freight,Gothenburg,SE,Paris,FR,Standard,E-Commerce,41.81,98.54,EUR,4.0,4,DELIVERED
ORD-100325,07/07/2025,Nordfrakt,Rotterdam,NL,Berlin,DE,Economy,E-Commerce,23.19,48.58,USD,4.0,7,Delivered
ORD-103151,2025-07-02 00:00:00,Meridian Express,Barcelona,ES,Amsterdam,NL,Express,Retail,58.42,234.24,EUR,1.0,2,Delivered
ORD-102029,"Sep 05, 2025",Nordfrakt,Hamburg,DE,Eindhoven,NL,Standard,Retail,8.95,42.22,EUR,2.0,4,Delivered
ORD-103532,"Apr 03, 2025", Meridian Express,Rotterdam,NL,Marseille,FR,Economy,Wholesale,50.72,70.09,EUR,4.0,7,Delivered
ORD-102103,"May 12, 2025",Vantage Freight Ltd,Hamburg,DE,Berlin,DE,Standard,E-Commerce,10.86,55.7,EUR,2.0,4,Delivered
ORD-101694,27/05/2025, Nordfrakt ,Milan,IT,London,GB,Standard,E-Commerce,60.2,110.27,EUR,3.0,4,Delivered
ORD-103566,2025-10-20,Baltica Log.,Milan,IT,Graz,AT,Economy,Retail,9.35,40.23,EUR,5.0,7,Delivered
ORD-100444,2025-12-05 00:00:00,Vantage Freight,Hamburg,DE,Brno,CZ,Standard,Wholesale,31.31,96.13,USD,5.0,4,Delayed
ORD-104688,05/03/2025,Baltica Log.,Barcelona,ES,Helsinki,FI,Standard,Industrial,14.1,60.1,EUR,5.0,4,Delayed
ORD-100616,2025-07-16,Vantage Freight Ltd,Rotterdam,NL,Helsinki,FI,Express,Industrial,27.01,135.35,EUR,2.0,2,Delivered
ORD-103142,2025-11-03, Nordfrakt ,Barcelona,ES,Stockholm,SE,Economy,Wholesale,51.22,62.85,EUR,3.0,7,Delivered
ORD-101128,2025-12-31 00:00:00,MERIDIAN EXPRESS,Gothenburg,SE,Gdansk,PL,Express,Retail,3.55,70.96,EUR,2.0,2,Delivered
ORD-100131,2025-12-29 00:00:00,Nordfrakt,Milan,IT,Zurich,CH,Standard,E-Commerce,6.3,46.94,EUR,4.0,4,Delivered
ORD-103017,2025-06-27,Meridian Expr,Hamburg,DE,Copenhagen,DK,Standard,E-Commerce,40.54,92.47,USD,2.0,4,Delivered
ORD-100245,16/04/2025,MERIDIAN EXPRESS,Barcelona,ES,London,GB,Express,Retail,1.89,92.35,USD,3.0,2,Delayed
ORD-103702,16/07/2025,Vantage Freight Ltd,Rotterdam,NL,Stockholm,SE,Standard,Retail,13.65,58.41,EUR,1.0,4,Delivered
ORD-102219,"Jun 16, 2025",Nordfrakt AB,Gothenburg,SE,Amsterdam,NL,Standard,Retail,39.02,87.04,EUR,2.0,4,Delivered
ORD-100095,2025-08-06 00:00:00,Meridian Expr,Gothenburg,SE,Rome,IT,Express,E-Commerce,31.31,218.53,EUR,2.0,2,Delivered
ORD-100798,"Aug 21, 2025",Nordfrakt,Milan,IT,Gothenburg,SE,Standard,Industrial,36.15,76.03,USD,2.0,4,Delivered
ORD-104961,03/12/2025,baltica,Rotterdam,NL,Bergen,NO,Standard,Wholesale,24.57,86.03,EUR,4.0,4,Delivered
ORD-104561,2025-10-17 00:00:00,kestrel,Barcelona,ES,Rome,IT,Express,Industrial,13.28,120.26,USD,3.0,2,Delayed
ORD-103396,05/11/2025,Kestrel Parcels AB,Rotterdam,NL,Warsaw,PL,Economy,Retail,30.41,68.09,EUR,9.0,7,Delayed
ORD-104010,10/09/2025,Nordfrakt,Rotterdam,NL,Frankfurt,DE,Economy,Wholesale,25.64,48.29,EUR,4.0,7,Delivered
ORD-102843,21/11/2025,Vantage,Rotterdam,NL,Copenhagen,DK,Express,Industrial,19.71,106.72,EUR,1.0,2,Delivered
ORD-104226,"Nov 03, 2025", Nordfrakt ,Hamburg,DE,Copenhagen,DK,Standard,Retail,18.86,64.32,EUR,,4,Delivered
ORD-103870,"Mar 26, 2025",Meridian Express,Barcelona,ES,Manchester,GB,Standard,Industrial,18.07,56.84,EUR,4.0,4,Delivered
ORD-100876,"Dec 22, 2025",Nordfrakt AB,Rotterdam,NL, Gothenburg ,SE,Economy,E-Commerce,24.01,38.79,EUR,3.0,7,Delivered
ORD-102699,2025-05-05, Meridian Express,Gothenburg,SE,London,GB,Standard,Wholesale,22.5,86.52,EUR,4.0,4,Delivered
ORD-103284,14/10/2025,Vantage Freight Ltd,Rotterdam,NL,Berlin,DE,Standard,E-Commerce,26.64,78.34,EUR,3.0,4,Delivered
ORD-103630,2025-11-10,Baltica Log.,Barcelona,ES,Zurich,CH,Economy,Industrial,38.81,59.19,EUR,7.0,7,Delivered
ORD-104154,2025-07-03,Vantage Freight,Gothenburg,SE,Bergen,NO,Standard,Wholesale,19.27,59.57,EUR,3.0,4,Delivered
ORD-103303,29/07/2025,Vantage Freight,Gothenburg,SE,Eindhoven,NL,Economy,E-Commerce,6.83,34.51,EUR,2.0,7,Delivered
ORD-103803,2025-03-12,Vantage Freight Ltd,Rotterdam,NL,Gothenburg,SE,Standard,E-Commerce,23.06,59.16,USD,2.0,4,In Transit
ORD-100412,2025-08-01 00:00:00,Kestrel Parcel,Gothenburg,SE,Vienna,AT,Standard,Wholesale,13.35,55.6,USD,5.0,4,Delayed
ORD-103280,17/04/2025,baltica,Gothenburg,SE,Rome,IT,Standard,Wholesale,4.56,46.5,USD,4.0,4,Delivered
ORD-101682,20/03/2025,vantage freight,Rotterdam,NL,Krakow,PL,Standard,Industrial,51.85,123.21,EUR,4.0,4,Delivered
ORD-101644,2025-05-12,Vantage,Milan,IT,Gdansk,PL,Standard,Retail,14.23,72.77,EUR,5.0,4,DELAYED
ORD-101141,2025-09-02 00:00:00,Baltica Log.,Rotterdam,NL,Krakow,PL,Standard,Industrial,26.38,766.5,USD,4.0,4,Delivered
ORD-101320,2025-05-02 00:00:00,Kestrel Parcels AB,Gothenburg,SE,Gothenburg,SE,Economy,Wholesale,51.76,74.31,USD,3.0,7,Delivered
ORD-101966,2025-09-20 00:00:00,Meridian Express,Gothenburg,SE,Krakow,PL,Express,Wholesale,95.15,261.25,EUR,2.0,2,Delivered
ORD-103974,"Apr 22, 2025", Meridian Express,Barcelona,ES,Amsterdam,NL,Standard,Retail,6.22,37.57,EUR,2.0,4,Delivered
ORD-104680,,Vantage Freight Ltd,Milan,IT,Aarhus,DK,Standard,E-Commerce,16.51,57.85,EUR,3.0,4,Delivered
ORD-101632,"Apr 20, 2025",Meridian Express,Hamburg,DE,Gdansk,PL,Standard,Retail,16.99,58.1,EUR,4.0,4,Delivered
ORD-102248,26/05/2025,HANSEATIC,Rotterdam,NL,Rome,IT,Standard,E-Commerce,24.55,1016.81,SEK,7.0,4,Delayed
ORD-100356,"May 23, 2025",Nordfrakt,Gothenburg,SE,Krakow,PL,Express,Retail,11.42,117.15,USD,3.0,2,Delayed
ORD-101820,2025-08-19 00:00:00, Nordfrakt ,Rotterdam,NL,Warsaw,PL,Standard,Wholesale,36.56,107.59,EUR,3.0,4,Delivered
ORD-100631,2025-08-27,Vantage Freight Ltd,Gothenburg,SE,Manchester,GB,Express,Retail,41.08,167.52,EUR,2.0,2,Delivered
ORD-102536,2025-08-26,Nordfrakt AB,Rotterdam,NL,Zurich,CH,Standard,Retail,14.13,65.68,EUR,4.0,4,Delivered
ORD-103813,2025-10-30 00:00:00,Kestrel Parcel,Gothenburg,SE,Copenhagen,DK,Standard,Industrial,22.02,876.87,SEK,3.0,4,Delivered
ORD-101262,2025-10-31 00:00:00,Nordfrakt AB,Barcelona,ES,Graz,AT,Standard,E-Commerce,12.56,50.68,EUR,4.0,4,Delivered
ORD-101059,18/08/2025,vantage freight,Gothenburg,SE,Cologne,DE,Express,Retail,13.93,95.47,USD,2.0,2,Delivered
ORD-102310,"Aug 04, 2025",Hanseatic Lines,Rotterdam,NL,Amsterdam,NL,Economy,E-Commerce,14.66,39.76,EUR,4.0,7,Delivered
ORD-104027,29/10/2025, Nordfrakt ,Gothenburg,SE,Manchester,GB,Standard,Industrial,42.94,92.89,EUR,4.0,4,Delivered
ORD-103613,2025-04-10,Meridian Expr,Barcelona,ES,Bergen,NO,Standard,Wholesale,16.65,47.48,USD,4.0,4,Delivered
ORD-104339,2025-12-01,MERIDIAN EXPRESS,Rotterdam,NL,Berlin,DE,Economy,E-Commerce,50.64,76.4,USD,5.0,7,Delivered
ORD-104112,"May 23, 2025",Hanseatic Line,Rotterdam,NL,London,GB,Standard,Retail,25.83,60.02,EUR,4.0,4,Delivered
ORD-100006,17/04/2025,nordfrakt,Milan,IT,Malmo,SE,Express,Retail,58.57,225.93,EUR,2.0,2,Delivered
ORD-101179,14/03/2025,nordfrakt,Gothenburg,SE,Bergen,NO,Standard,E-Commerce,52.93,141.95,EUR,3.0,4,Delivered
ORD-101493,"Aug 30, 2025",MERIDIAN EXPRESS,Hamburg,DE,Tampere,FI,Standard,Wholesale,12.19,61.17,USD,2.0,4,Delivered
ORD-104298,2025-03-20, Nordfrakt ,Gothenburg,SE,Amsterdam,NL,Standard,Wholesale,13.63,47.49,EUR,2.0,4,Delivered
ORD-103860,"Dec 24, 2025",MERIDIAN EXPRESS,Gothenburg,SE,Helsinki,FI,Standard,Wholesale,15.8,65.43,EUR,4.0,4,Delivered
ORD-102653,21/09/2025,nordfrakt,Gothenburg,SE,Stockholm,SE,Standard,Wholesale,13.86,64.88,EUR,2.0,4,Delivered
ORD-104884,"Mar 04, 2025",Vantage Freight Ltd,Rotterdam,NL,Warsaw,PL,Standard,Retail,31.92,76.9,EUR,5.0,4,Delayed
ORD-101058,2025-10-20,KESTREL PARCEL,Gothenburg,SE,Zurich,CH,Standard,Wholesale,13.07,63.37,EUR,4.0,4,DELIVERED
ORD-103071,"Nov 20, 2025",kestrel,Milan,IT,Paris,FR,Express,Industrial,33.71,192.35,EUR,2.0,2,Delivered
ORD-103031,2025-07-28 00:00:00,HANSEATIC,Rotterdam,NL,Marseille,FR,Express,E-Commerce,7.64,98.1,USD,4.0,2,Delayed
ORD-101526,2025-08-25 00:00:00, Meridian Express,Barcelona,ES,Geneva,CH,Economy,E-Commerce,16.54,36.02,EUR,5.0,7,Delivered
ORD-100517,2025-04-06,Nordfrakt AB,Rotterdam,NL,Helsinki,FI,Standard,E-Commerce,40.65,85.12,EUR,3.0,4,Delivered
ORD-102838,"Jun 27, 2025",Nordfrakt,Rotterdam,NL,Aarhus,DK,Standard,E-Commerce,58.44,1253.73,SEK,1.0,4,Delivered
ORD-101778,2025-08-18,MERIDIAN EXPRESS,Barcelona,ES,Munich,DE,Standard,E-Commerce,29.23,65.19,EUR,2.0,4,Delivered
ORD-100788,2025-12-24 00:00:00,Nordfrakt,Hamburg,DE,Copenhagen,DK,Economy,Retail,25.42,40.92,EUR,4.0,7,Delivered
ORD-100051,2025-06-16 00:00:00,Vantage,Rotterdam,NL,Frankfurt,DE,Standard,Retail,42.84,910.53,SEK,3.0,4,Delivered
ORD-102739,05/09/2025,baltica,Gothenburg,SE,Copenhagen,DK,Standard,Industrial,44.34,113.63,USD,2.0,4,Delivered
ORD-102016,14/10/2025,Nordfrakt AB,Milan,IT,Gothenburg,SE,Standard,Wholesale,9.48,44.67,USD,2.0,4,Delivered
ORD-102638,"May 22, 2025",KESTREL PARCEL,Hamburg,DE,Eindhoven,NL,Economy,Wholesale,5.31,23.65,EUR,5.0,7,Delivered
ORD-101523,2025-05-22 00:00:00,MERIDIAN EXPRESS,Gothenburg,SE,Copenhagen,DK,Standard,Wholesale,12.34,56.28,EUR,2.0,4,Delivered
ORD-103208,2025-10-17 00:00:00,vantage freight,Gothenburg,SE,Zurich,CH,Standard,Wholesale,53.44,133.57,USD,4.0,4,Delivered
ORD-104824,01/12/2025,KESTREL PARCEL,Gothenburg,SE,Berlin,DE,Standard,Wholesale,60.38,164.27,EUR,4.0,4,Delivered
ORD-102909,08/09/2025,Vantage Freight Ltd,Gothenburg,SE,Stockholm,SE,Standard,E-Commerce,57.17,106.46,USD,1.0,4,DELIVERED
ORD-101801,, Nordfrakt ,Gothenburg,SE,Helsinki,FI,Economy,Industrial,32.92,668.19,SEK,3.0,7,Delivered
ORD-102989,2025-10-22 00:00:00,Nordfrakt,Gothenburg,SE,Lyon,FR,Standard,Wholesale,17.79,56.78,EUR,4.0,4,Delivered
ORD-101235,2025-09-08 00:00:00,vantage freight,Barcelona,ES,Aarhus,DK,Express,Industrial,9.74,101.69,EUR,1.0,2,Delivered
ORD-102471,2025-04-24,MERIDIAN EXPRESS,Gothenburg,SE,Munich,DE,Standard,Industrial,22.44,86.0,USD,3.0,4,Delivered
ORD-102887,"Apr 04, 2025",Baltica Logistics,Hamburg,DE,Warsaw,PL,Economy,Wholesale,42.96,67.9,EUR,7.0,7,Delivered
ORD-104483,"Apr 03, 2025",nordfrakt,Hamburg,DE,Munich,DE,Express,E-Commerce,4.09,90.42,EUR,2.0,2,Delivered
ORD-103698,2025-08-06 00:00:00,Meridian Expr,Barcelona,ES,Copenhagen,DK,Express,Retail,43.87,164.44,EUR,1.0,2,IN TRANSIT
ORD-100186,2025-05-31,Baltica Log.,Hamburg,DE,Lyon,FR,Express,Wholesale,8.67,78.78,USD,2.0,2,Delivered
ORD-101701,06/06/2025,Baltica Logistics,Gothenburg,SE,Amsterdam,NL,Standard,E-Commerce,20.32,50.7,EUR,3.0,4,Delivered
ORD-104950,"Aug 29, 2025",MERIDIAN EXPRESS,Barcelona,ES,Madrid,ES,Express,Retail,32.62,195.2,EUR,2.0,2,Delivered
ORD-100767,"Nov 19, 2025",MERIDIAN EXPRESS,Gothenburg,SE,Marseille,FR,Standard,Retail,55.92,,SEK,-3.0,4,Delivered
ORD-100746,2025-12-18,MERIDIAN EXPRESS,Hamburg,DE,Gdansk,PL,Economy,Retail,19.11,43.07,EUR,7.0,7,Delivered
ORD-102153,2025-12-24,Baltica Logistics A/S,Gothenburg,SE, Helsinki ,FI,Standard,Wholesale,60.33,167.2,USD,6.0,4,Delayed
ORD-100960,2025-05-26, Meridian Express,Gothenburg,SE,Eindhoven,NL,Standard,Retail,72.95,115.25,EUR,3.0,4,Delivered
ORD-100255,2025-05-19 00:00:00,HANSEATIC,Hamburg,DE,Gothenburg,SE,Standard,Wholesale,70.45,132.5,USD,3.0,4,Delivered
ORD-103356,01/04/2025, Nordfrakt ,Rotterdam,NL,Warsaw,PL,Standard,Wholesale,43.75,111.56,EUR,3.0,4,Delivered
ORD-101990,17/12/2025,Kestrel Parcels AB,Gothenburg,SE,Madrid,ES,Standard,Wholesale,61.41,131.89,EUR,5.0,4,Delayed
ORD-104249,24/09/2025,Nordfrakt,Gothenburg,SE,Geneva,CH,Express,Retail,6.13,83.09,USD,2.0,2,Delivered
ORD-102350,21/12/2025,Nordfrakt,Gothenburg,SE,Helsinki,FI,Standard,E-Commerce,14.21,52.81,EUR,4.0,4,Delivered
ORD-104448,2025-12-28 00:00:00,MERIDIAN EXPRESS,Milan,IT,Graz,AT,Standard,E-Commerce,88.03,151.43,EUR,2.0,4,Delivered
ORD-100831,"Jul 11, 2025",Meridian Express,Rotterdam,NL,Vienna,AT,Standard,Industrial,29.7,78.62,EUR,2.0,4,Delivered
ORD-102099,"Jul 14, 2025",Baltica Log.,Rotterdam,NL,Gdansk,PL,Standard,Wholesale,61.28,117.36,EUR,4.0,4,Delivered
ORD-100584,2025-10-08,Nordfrakt,Rotterdam,NL,Amsterdam,NL,Economy,Wholesale,25.53,39.87,EUR,4.0,7,Delivered
ORD-100179,2025-12-01,vantage freight,Gothenburg,SE,Lyon,FR,Standard,E-Commerce,10.57,,EUR,3.0,4,Delivered
ORD-100378,2025-09-25,Vantage Freight,Gothenburg,SE,Zurich,CH,Economy,Industrial,41.78,60.48,EUR,4.0,7,Delivered
ORD-101145,2025-11-20 00:00:00,Nordfrakt,Hamburg,DE, Munich ,DE,Standard,E-Commerce,59.3,135.97,EUR,3.0,4,DELIVERED
ORD-101104,18/08/2025,Vantage Freight,Rotterdam,NL,Manchester,GB,Standard,Retail,27.37,80.45,EUR,3.0,4,Delivered
ORD-101310,15/12/2025,nordfrakt,Hamburg,DE,Valencia,ES,Economy,Industrial,34.26,66.8,EUR,7.0,7,Delivered
ORD-100737,2025-09-01 00:00:00,Hanseatic Lines,Hamburg,DE,Bergen,NO,Economy,Retail,30.19,51.76,EUR,7.0,7,Delivered
ORD-103285,"Nov 13, 2025",vantage freight,Gothenburg,SE,Valencia,ES,Economy,Retail,11.16,47.16,EUR,7.0,7,Delivered
ORD-100139,26/10/2025,Vantage,Gothenburg,SE,Frankfurt,DE,Standard,Industrial,27.48,75.49,EUR,2.0,4,Delivered
ORD-100414,2025-03-10,Baltica Log.,Barcelona,ES,Stockholm,SE,Standard,Wholesale,16.41,50.28,EUR,2.0,4,Delivered
ORD-104749,17/09/2025,Nordfrakt AB,Milan,IT,Oslo,NO,Economy,Retail,25.32,41.89,EUR,5.0,7,Delivered
ORD-104666,"Aug 18, 2025",nordfrakt,Gothenburg,SE,Valencia,ES,Economy,Industrial,9.18,47.03,EUR,4.0,7,Delivered
ORD-104239,10/07/2025,Baltica Log.,Rotterdam,NL,Graz,AT,Express,Industrial,24.03,1787.35,SEK,2.0,2,Delivered
ORD-102957,"Nov 24, 2025",Vantage,Milan,IT,Helsinki,FI,Express,Industrial,22.85,145.92,EUR,3.0,2,Delayed
ORD-102264,"Apr 28, 2025", Nordfrakt ,Milan,IT,Gothenburg,SE,Express,E-Commerce,15.74,93.71,EUR,,2,Delivered
ORD-104511,2025-12-12 00:00:00,baltica,Gothenburg,SE,Helsinki,FI,Economy,Industrial,56.9,86.21,USD,7.0,7,Delivered
ORD-101608,2025-07-08,Nordfrakt,Milan,IT,Valencia,ES,Economy,Retail,24.31,57.61,EUR,6.0,7,DELIVERED
ORD-104331,2025-07-28,Vantage Freight,Milan,IT,Munich,DE,Standard,E-Commerce,10.27,46.57,EUR,2.0,4,Delivered
ORD-101137,18/09/2025,Baltica Logistics A/S,Gothenburg,SE,Warsaw,PL,Express,Industrial,11.05,113.72,EUR,4.0,2,Delayed
ORD-101444,16/05/2025,Meridian Express,Gothenburg,SE,Krakow,PL,Express,E-Commerce,11.18,102.66,EUR,2.0,2,Delivered
ORD-100156,09/05/2025,Nordfrakt AB,Barcelona,ES,Geneva,CH,Standard,Industrial,22.37,77.5,EUR,6.0,4,DELAYED
ORD-102666,2025-07-11,Hanseatic Lines,Gothenburg,SE,Munich,DE,Standard,Wholesale,57.8,128.33,USD,5.0,4,Delayed
ORD-102761,2025-10-23,baltica,Gothenburg,SE,Geneva,CH,Standard,Industrial,21.81,,EUR,5.0,4,Delayed
ORD-101208,2025-08-04,Vantage Freight Ltd,Milan,IT,Copenhagen,DK,Standard,Industrial,14.62,53.06,EUR,2.0,4,Delivered
ORD-103040,2025-10-03,kestrel,Hamburg,DE,Vienna,AT,Standard,Industrial,19.0,55.15,EUR,4.0,4,Delivered
ORD-102138,22/12/2025,Nordfrakt AB,Barcelona,ES, Berlin ,DE,Economy,Wholesale,18.04,41.8,EUR,4.0,7,Delivered
ORD-104877,"Oct 27, 2025",Nordfrakt AB,Hamburg,DE,Gothenburg,SE,Standard,Retail,19.43,45.09,EUR,1.0,4,Delivered
ORD-102522,2025-06-24, Nordfrakt ,Hamburg,DE,Brno,CZ,Standard,E-Commerce,5.42,651.39,SEK,4.0,4,Delivered
ORD-104317,2025-10-14 00:00:00,Vantage Freight,Gothenburg,SE,Malmo,SE,Standard,Wholesale,21.18,71.11,USD,2.0,4,Delivered
ORD-103021,"May 12, 2025",Meridian Expr,Barcelona,ES, Tampere ,FI,Economy,Wholesale,6.51,32.55,EUR,5.0,7,Delivered
ORD-101881,2025-07-24,Nordfrakt AB,Rotterdam,NL,Malmo,SE,Express,Retail,20.67,1195.48,SEK,1.0,2,Delivered
ORD-100087,"Aug 19, 2025",Hanseatic Line,Gothenburg,SE,Valencia,ES,Economy,Wholesale,29.11,50.98,EUR,8.0,7,Delayed
ORD-101739,2025-06-23 00:00:00,Vantage,Rotterdam,NL,Oslo,NO,Standard,Retail,17.28,53.47,EUR,3.0,4,Delivered
ORD-104698,2025-08-13 00:00:00,Nordfrakt,Rotterdam,NL,Munich,DE,Express,Retail,7.13,72.4,EUR,2.0,2,Delivered
ORD-104536,14/04/2025,Nordfrakt AB,Rotterdam,NL,Gothenburg,SE,Economy,E-Commerce,23.29,33.9,EUR,3.0,7,Delivered
ORD-100932,2025-07-20 00:00:00,vantage freight,Gothenburg,SE,Munich,DE,Express,Industrial,108.97,3812.18,SEK,,2,Delivered
ORD-100075,17/11/2025,Nordfrakt,Gothenburg,SE,Eindhoven,NL,Standard,E-Commerce,27.46,89.54,EUR,2.0,4,Delivered
ORD-102801,"Oct 31, 2025",kestrel,Hamburg,DE,Amsterdam,NL,Standard,Industrial,35.61,78.62,EUR,2.0,4,Delivered
ORD-104531,"May 09, 2025",Vantage Freight Ltd,Gothenburg,SE, Stockholm ,SE,Standard,Industrial,113.15,136.88,USD,2.0,4,Delivered
ORD-104831,2025-04-28,Nordfrakt,Gothenburg,SE,Zurich,CH,Standard,Wholesale,32.05,92.43,EUR,3.0,4,Delivered
ORD-102346,2025-08-27,Baltica Log.,Milan,IT, Stockholm ,SE,Express,Retail,14.42,96.92,USD,1.0,2,Delivered
ORD-102635,2025-03-15 00:00:00,KESTREL PARCEL,Rotterdam,NL,Marseille,FR,Standard,E-Commerce,27.97,69.16,EUR,4.0,4,Delivered
ORD-102768,2025-11-18 00:00:00,Vantage Freight,Gothenburg,SE,Berlin,DE,Standard,Wholesale,51.94,104.33,USD,3.0,4,Delivered
ORD-101921,22/12/2025,KESTREL PARCEL,Hamburg,DE,London,GB,Standard,Industrial,24.42,889.62,SEK,5.0,4,Delayed
ORD-102751,2025-04-14,MERIDIAN EXPRESS,Gothenburg,SE,Copenhagen,DK,Express,Retail,27.0,119.92,EUR,1.0,2,Delivered
ORD-104039,2025-09-22,Hanseatic Line,Gothenburg,SE,Amsterdam,NL,Standard,Retail,31.39,73.27,EUR,4.0,4,Delivered
ORD-104178,"Nov 08, 2025", Meridian Express,Hamburg,DE,Geneva,CH,Economy,Wholesale,5.59,44.16,USD,6.0,7,Delivered
ORD-100162,2025-10-13,Baltica Log.,Milan,IT,Amsterdam,NL,Express,Wholesale,18.17,96.77,EUR,2.0,2,Delivered
ORD-104625,2025-09-29 00:00:00, Nordfrakt ,Gothenburg,SE,Warsaw,PL,Economy,Wholesale,20.4,51.69,USD,5.0,7,Delivered
ORD-101382,2025-09-08,Nordfrakt,Rotterdam,NL,Krakow,PL,Standard,E-Commerce,49.45,115.99,EUR,4.0,4,Delivered
ORD-104647,"Apr 14, 2025",vantage freight,Hamburg,DE,Manchester,GB,Standard,Wholesale,40.86,112.29,EUR,4.0,4,Delivered
ORD-104103,10/03/2025,Nordfrakt AB,Gothenburg,SE,Krakow,PL,Express,Industrial,13.62,,EUR,3.0,2,Delayed
ORD-100934,2025-10-30 00:00:00,Baltica Logistics A/S,Rotterdam,NL,Aarhus,DK,Standard,Retail,20.79,52.68,EUR,3.0,4,Delivered
ORD-102794,2025-04-08,Meridian Expr,Barcelona,ES,Malmo,SE,Economy,Industrial,29.14,,EUR,3.0,7,Delivered
ORD-103631,"Dec 25, 2025",Meridian Expr,Rotterdam,NL,Rome,IT,Standard,E-Commerce,62.8,152.94,EUR,5.0,4,DELAYED
ORD-103319,2025-03-20 00:00:00,nordfrakt,Hamburg,DE,Bergen,NO,Economy,Wholesale,59.52,81.17,EUR,3.0,7,Delivered
ORD-103099,2025-07-28 00:00:00,Nordfrakt,Gothenburg,SE,Bergen,NO,Standard,E-Commerce,27.81,90.6,USD,3.0,4,Delivered
ORD-100961,2025-10-13 00:00:00,Nordfrakt,Barcelona,ES,Paris,FR,Economy,Wholesale,56.86,83.73,EUR,5.0,7,Delivered
ORD-101178,2025-07-21 00:00:00, Meridian Express,Hamburg,DE,Malmo,SE,Express,Wholesale,23.85,122.68,EUR,1.0,2,Delivered
ORD-102608,15/12/2025,Vantage,Gothenburg,SE,Rome,IT,Standard,Retail,10.43,66.23,USD,4.0,4,Delivered
ORD-103419,2025-08-04,Hanseatic Line,Hamburg,DE,Valencia,ES,Standard,Wholesale,31.94,87.73,USD,6.0,4,DELAYED
ORD-101953,2025-11-11 00:00:00,MERIDIAN EXPRESS,Gothenburg,SE,Cologne,DE,Standard,Retail,25.15,66.9,EUR,3.0,4,DELIVERED
ORD-100313,"Aug 04, 2025",Baltica Log.,Milan,IT,Gothenburg,SE,Economy,Industrial,18.42,33.31,EUR,4.0,7,Delivered
ORD-101781,2025-09-03 00:00:00,Vantage Freight Ltd,Rotterdam,NL,Stockholm,SE,Economy,Industrial,25.96,43.84,EUR,4.0,7,Delivered
ORD-103498,"May 07, 2025",Kestrel Parcels AB,Hamburg,DE,Cologne,DE,Economy,Wholesale,56.88,76.63,EUR,,7,Cancelled
ORD-101955,2025-10-06,Baltica Logistics A/S,Barcelona,ES,Amsterdam,NL,Standard,Wholesale,33.72,96.22,USD,3.0,4,Delivered
ORD-103271,2025-10-13,Nordfrakt,Rotterdam,NL, Aarhus ,DK,Economy,Wholesale,6.49,32.24,EUR,4.0,7,Delivered
ORD-104362,"Nov 28, 2025",Nordfrakt AB,Rotterdam,NL,Brno,CZ,Standard,Retail,13.41,60.53,USD,5.0,4,Delayed
ORD-101436,2025-10-21,Vantage,Rotterdam,NL,Vienna,AT,Standard,E-Commerce,6.81,43.0,EUR,3.0,4,Delivered
ORD-104768,2025-05-02,Vantage,Gothenburg,SE,Berlin,DE,Express,Wholesale,43.6,212.96,USD,2.0,2,Delivered
ORD-104369,15/12/2025,KESTREL PARCEL,Hamburg,DE,Copenhagen,DK,Economy,Wholesale,29.28,53.0,EUR,4.0,7,Delivered
ORD-100541,2025-03-31 00:00:00,Kestrel Parcels AB,Rotterdam,NL,Warsaw,PL,Economy,Retail,9.26,43.82,EUR,7.0,7,Delivered
ORD-100533,2025-08-04, Nordfrakt ,Milan,IT,Vienna,AT,Economy,Industrial,31.83,44.79,EUR,5.0,7,Delivered
ORD-101788,"Nov 17, 2025",Meridian Expr,Gothenburg,SE,Krakow,PL,Standard,Retail,13.14,638.47,SEK,4.0,4,Delivered
ORD-101729,2025-04-28,Vantage Freight,Milan,IT,Aarhus,DK,Standard,Retail,27.71,56.63,EUR,3.0,4,Delivered
ORD-103055,2025-11-18 00:00:00,Baltica Logistics A/S,Hamburg,DE,Vienna,AT,Standard,Retail,64.25,,SEK,4.0,4,Delivered
ORD-104765,"May 22, 2025",vantage freight,Gothenburg,SE,Zurich,CH,Standard,E-Commerce,24.75,67.59,EUR,5.0,4,Delayed
ORD-103497,2025-11-17,Kestrel Parcel,Gothenburg,SE,Graz,AT,Standard,E-Commerce,17.37,71.46,EUR,5.0,4,Delayed
ORD-104526,11/03/2025,Meridian Express,Milan,IT,Geneva,CH,Express,E-Commerce,55.93,163.29,EUR,2.0,2,Delivered
ORD-104092,18/09/2025,Nordfrakt AB,Rotterdam,NL,Rome,IT,Express,Retail,24.4,165.58,EUR,2.0,2,Delivered
ORD-100147,"Jul 07, 2025",HANSEATIC,Milan,IT,Lyon,FR,Standard,Wholesale,13.55,62.24,EUR,5.0,4,Delayed
ORD-104525,2025-11-07,baltica,Milan,IT,Frankfurt,DE,Standard,Wholesale,62.15,111.2,EUR,,4,Delivered
ORD-103671,22/04/2025,Vantage,Gothenburg,SE,Amsterdam,NL,Standard,E-Commerce,27.34,61.73,EUR,3.0,4,Delivered
ORD-100362,2025-07-01 00:00:00,Nordfrakt AB,Milan,IT,Krakow,PL,Standard,Industrial,41.25,106.16,EUR,3.0,4,Delivered
ORD-103632,2025-03-21 00:00:00,Vantage Freight,Rotterdam,NL,Paris,FR,Standard,E-Commerce,19.73,68.25,USD,3.0,4,Delivered
ORD-102281,10/09/2025,Baltica Logistics,Gothenburg,SE,Frankfurt,DE,Express,Wholesale,33.75,165.1,EUR,2.0,2,Delivered
ORD-103596,03/09/2025,Vantage,Rotterdam,NL,Geneva,CH,Standard,E-Commerce,12.73,61.38,EUR,3.0,4,Delivered
ORD-103451,"Mar 31, 2025",KESTREL PARCEL,Milan,IT,Amsterdam,NL,Economy,E-Commerce,51.45,,EUR,3.0,7,Delivered
ORD-101514,2025-07-14 00:00:00,kestrel,Gothenburg,SE,Madrid,ES,Standard,E-Commerce,13.71,80.78,USD,5.0,4,Delayed
ORD-102297,"Nov 25, 2025", Meridian Express,Gothenburg,SE,Copenhagen,DK,Standard,E-Commerce,28.21,73.14,EUR,2.0,4,Delivered
ORD-103310,2025-12-07,nordfrakt,Gothenburg,SE,Krakow,PL,Express,Industrial,14.15,1493.82,SEK,2.0,2,Delivered
ORD-101334,"Dec 18, 2025",Vantage Freight,Milan,IT,Bergen,NO,Standard,Wholesale,12.58,62.95,EUR,3.0,4,Delivered
ORD-102746,2025-07-02, Nordfrakt ,Rotterdam,NL,Gdansk,PL,Express,E-Commerce,20.54,91.52,EUR,2.0,2,Delivered
ORD-103219,"Oct 24, 2025",Vantage,Milan,IT,Valencia,ES,Standard,Retail,28.28,94.9,EUR,3.0,4,Delivered
ORD-102228,2025-08-07 00:00:00,Vantage,Rotterdam,NL,Cologne,DE,Standard,Retail,16.41,56.35,EUR,3.0,4,Delivered
ORD-103138,2025-11-13 00:00:00,Vantage,Barcelona,ES,Turin,IT,Express,Wholesale,20.48,142.87,EUR,3.0,2,Delayed
ORD-104701,"Mar 31, 2025",KESTREL PARCEL,Rotterdam,NL,Aarhus,DK,Express,Retail,25.12,138.06,EUR,2.0,2,Delivered
ORD-104837,2025-04-07 00:00:00, Nordfrakt ,Gothenburg,SE,Rome,IT,Standard,Retail,14.35,74.32,USD,4.0,4,Delivered
ORD-100662,2025-03-20,baltica,Gothenburg,SE,Madrid,ES,Standard,Wholesale,20.98,73.03,EUR,6.0,4,Delayed
ORD-103091,2025-10-02,MERIDIAN EXPRESS,Hamburg,DE,Graz,AT,Standard,Industrial,11.79,55.45,EUR,4.0,4,Delivered
ORD-104055,"Sep 24, 2025",Baltica Log.,Rotterdam,NL,Geneva,CH,Economy,Wholesale,66.67,100.62,USD,5.0,7,Delivered
ORD-102565,2025-10-23,Meridian Expr,Gothenburg,SE,Eindhoven,NL,Standard,E-Commerce,12.07,45.39,USD,3.0,4,Delivered
ORD-102129,2025-08-25,vantage freight,Milan,IT,Malmo,SE,Standard,Retail,18.84,59.27,EUR,2.0,4,Delivered
ORD-101229,"Aug 06, 2025",hanseatic line,Milan,IT,Bergen,NO,Express,Retail,13.6,82.55,EUR,3.0,2,Delayed
ORD-102614,"Apr 28, 2025", Meridian Express,Milan,IT,Brno,CZ,Express,E-Commerce,40.23,138.34,EUR,2.0,2,DELIVERED
ORD-104097,"May 20, 2025",Baltica Log.,Milan,IT,Prague,CZ,Standard,E-Commerce,10.52,55.83,USD,3.0,4,Delivered
ORD-102722,02/05/2025,hanseatic line,Gothenburg,SE,London,GB,Express,Retail,65.69,289.77,USD,5.0,2,Delayed
ORD-103694,2025-10-06 00:00:00,kestrel,Gothenburg,SE,Copenhagen,DK,Economy,E-Commerce,3.77,29.05,EUR,5.0,7,Delivered
ORD-101858,2025-12-13 00:00:00,Kestrel Parcels AB,Gothenburg,SE,Eindhoven,NL,Express,Wholesale,30.19,175.06,EUR,2.0,2,Delivered
ORD-103293,2025-08-06 00:00:00, Nordfrakt ,Gothenburg,SE,Manchester,GB,Express,E-Commerce,12.88,106.43,EUR,3.0,2,Delayed
ORD-104024,"Nov 05, 2025",Baltica Logistics,Rotterdam,NL,Prague,CZ,Standard,Industrial,72.93,168.03,USD,5.0,4,Delayed
ORD-103368,2025-10-19 00:00:00, Meridian Express,Gothenburg,SE,Amsterdam,NL,Standard,Wholesale,91.63,187.32,USD,2.0,4,Delivered
ORD-104323,2025-07-24,vantage freight,Gothenburg,SE, Malmo ,SE,Standard,Wholesale,21.77,72.55,EUR,2.0,4,Delivered
ORD-101042,14/10/2025,Nordfrakt,Milan,IT,Berlin,DE,Express,Wholesale,7.1,98.1,EUR,2.0,2,Delivered
ORD-104615,"Oct 23, 2025",nordfrakt,Rotterdam,NL,Copenhagen,DK,Express,Industrial,47.44,217.6,EUR,2.0,2,Delivered
ORD-102410,2025-12-17,Baltica Logistics,Rotterdam,NL,Cologne,DE,Economy,Retail,2.39,30.26,EUR,5.0,7,Delivered
ORD-100009,21/04/2025,HANSEATIC,Gothenburg,SE,Gothenburg,SE,Express,E-Commerce,11.21,75.47,EUR,1.0,2,Delivered
ORD-103041,2025-08-07 00:00:00,Baltica Log.,Hamburg,DE,Gothenburg,SE,Express,Retail,47.7,188.54,EUR,1.0,2,DELIVERED
ORD-101163,17/12/2025,vantage freight,Milan,IT,Tampere,FI,Standard,E-Commerce,32.74,94.43,EUR,4.0,4,Delivered
ORD-101767,12/11/2025,Meridian Express,Barcelona,ES,Cologne,DE,Standard,E-Commerce,62.84,123.31,EUR,3.0,4,Delivered
ORD-101398,2025-03-14,KESTREL PARCEL,Gothenburg,SE,Geneva,CH,Economy,Industrial,53.21,64.18,EUR,8.0,7,Delayed
ORD-103774,"Oct 23, 2025",MERIDIAN EXPRESS,Rotterdam,NL,Valencia,ES,Economy,Wholesale,49.01,911.75,SEK,7.0,7,Delivered
ORD-104111,"Nov 19, 2025",KESTREL PARCEL,Hamburg,DE,Copenhagen,DK,Express,Wholesale,14.38,109.93,EUR,2.0,2,Delivered
ORD-101583,"Oct 14, 2025",Vantage,Gothenburg,SE,Turin,IT,Economy,Retail,24.13,41.73,EUR,6.0,7,Delivered
ORD-100405,01/12/2025,hanseatic line,Gothenburg,SE,Turin,IT,Express,Wholesale,18.69,152.9,EUR,3.0,2,Delayed
ORD-100284,2025-10-29 00:00:00, Meridian Express,Gothenburg,SE,Paris,FR,Express,E-Commerce,76.15,263.3,EUR,2.0,2,Delivered
ORD-100345,"Jul 19, 2025",baltica,Barcelona,ES,Lyon,FR,Economy,Wholesale,17.24,47.67,EUR,5.0,7,Delivered
ORD-102001,"Apr 04, 2025",Kestrel Parcels AB,Gothenburg,SE,Malmo,SE,Express,Industrial,31.27,1533.57,SEK,2.0,2,Delivered
ORD-101718,2025-10-13,Baltica Log.,Rotterdam,NL,Frankfurt,DE,Express,E-Commerce,28.28,129.93,EUR,2.0,2,Delivered
ORD-101402,12/08/2025,KESTREL PARCEL,Gothenburg,SE,Cologne,DE,Economy,Wholesale,19.39,45.61,EUR,4.0,7,Delivered
ORD-102599,2025-09-30,Vantage Freight,Milan,IT, Warsaw ,PL,Express,Retail,12.92,,EUR,2.0,2,Delivered
ORD-102714,"Dec 04, 2025",Hanseatic Line,Rotterdam,NL,Frankfurt,DE,Express,Wholesale,15.3,1241.34,SEK,3.0,2,Delayed
ORD-100873,2025-05-08 00:00:00, Nordfrakt ,Hamburg,DE,Gdansk,PL,Standard,Wholesale,32.66,104.06,EUR,4.0,4,DELIVERED
ORD-104377,2025-07-23 00:00:00,Hanseatic Line,Barcelona,ES,Gothenburg,SE,Standard,Industrial,25.89,69.19,EUR,3.0,4,Delivered
ORD-101782,2025-03-14 00:00:00, Nordfrakt ,Milan,IT,Lyon,FR,Economy,Wholesale,23.55,50.5,USD,5.0,7,In Transit
ORD-103105,"Aug 14, 2025",baltica,Milan,IT,Amsterdam,NL,Standard,Wholesale,67.22,104.86,USD,3.0,4,Delivered
ORD-104709,2025-10-21,HANSEATIC,Rotterdam,NL,Bergen,NO,Express,Wholesale,44.51,187.33,EUR,3.0,2,Delayed
ORD-102780,2025-08-18 00:00:00,Nordfrakt,Gothenburg,SE,Krakow,PL,Standard,Industrial,25.55,73.07,EUR,5.0,4,DELAYED
ORD-100448,2025-12-12 00:00:00,Kestrel Parcels AB,Rotterdam,NL,Stockholm,SE,Standard,E-Commerce,42.64,97.69,USD,3.0,4,Delivered
ORD-101258,22/12/2025,Vantage,Gothenburg,SE,Paris,FR,Standard,Retail,17.72,79.61,EUR,3.0,4,Delivered
ORD-102354,2025-08-18, Meridian Express,Hamburg,DE,Bergen,NO,Standard,Retail,30.75,52.81,EUR,2.0,4,Delivered
ORD-100956,"Oct 07, 2025", Meridian Express,Barcelona,ES,Oslo,NO,Express,Industrial,37.91,192.54,EUR,2.0,2,Delivered
ORD-104284,"May 06, 2025",Nordfrakt AB,Gothenburg,SE,Valencia,ES,Standard,Wholesale,51.4,143.49,EUR,3.0,4,Delivered
ORD-102460,2025-09-03,nordfrakt,Rotterdam,NL, Gothenburg ,SE,Economy,E-Commerce,28.97,560.61,SEK,3.0,7,Delivered
ORD-103823,,Meridian Expr,Gothenburg,SE,Marseille,FR,Express,Retail,38.07,164.47,EUR,2.0,2,Delivered
ORD-103446,25/08/2025, Meridian Express,Rotterdam,NL,Graz,AT,Economy,Industrial,7.07,35.09,EUR,4.0,7,Delivered
ORD-102316,2025-04-17 00:00:00,Vantage Freight,Gothenburg,SE,Eindhoven,NL,Express,Wholesale,36.22,151.34,EUR,1.0,2,Delivered
ORD-101352,28/11/2025,Nordfrakt AB,Gothenburg,SE,Eindhoven,NL,Standard,Industrial,10.71,46.98,EUR,2.0,4,In Transit
ORD-101807,2025-11-20,Meridian Expr,Gothenburg,SE,Aarhus,DK,Economy,E-Commerce,28.02,55.67,EUR,3.0,7,Delivered
ORD-104302,2025-05-13 00:00:00,Hanseatic Lines,Gothenburg,SE,Amsterdam,NL,Standard,Industrial,5.46,38.83,EUR,3.0,4,Delivered
ORD-103457,17/03/2025,Meridian Expr,Gothenburg,SE,London,GB,Economy,E-Commerce,15.53,52.98,EUR,5.0,7,Delivered
ORD-100452,"Dec 01, 2025",baltica,Gothenburg,SE,Eindhoven,NL,Express,Industrial,24.73,146.08,EUR,2.0,2,Delivered
ORD-100028,25/12/2025,Vantage Freight,Gothenburg,SE,Malmo,SE,Express,E-Commerce,37.78,139.09,EUR,1.0,2,Delivered
ORD-103845,2025-11-18,MERIDIAN EXPRESS,Hamburg,DE,Rome,IT,Standard,Industrial,47.78,113.32,EUR,4.0,4,Delivered
ORD-104346,2025-03-28,Hanseatic Line,Rotterdam,NL,Eindhoven,NL,Standard,E-Commerce,16.19,57.69,EUR,4.0,4,Delivered
ORD-103289,"Jun 10, 2025",Kestrel Parcels AB,Hamburg,DE,Manchester,GB,Standard,Industrial,19.3,62.07,EUR,4.0,4,Delivered
ORD-104649,2025-07-23,Meridian Express,Gothenburg,SE,Prague,CZ,Express,E-Commerce,12.56,87.73,EUR,2.0,2,Delivered
ORD-104563,"Jun 12, 2025",HANSEATIC,Gothenburg,SE,Malmo,SE,Standard,Industrial,19.05,705.79,SEK,3.0,4,Delivered
ORD-104230,2025-04-10,KESTREL PARCEL,Rotterdam,NL,Munich,DE,Economy,Wholesale,16.31,42.93,EUR,5.0,7,Delivered
ORD-100486,2025-09-01 00:00:00,Nordfrakt AB,Rotterdam,NL,Eindhoven,NL,Express,E-Commerce,61.47,215.46,EUR,2.0,2,Delivered
ORD-103781,2025-07-04 00:00:00,Nordfrakt AB,Gothenburg,SE,Stockholm,SE,Economy,Industrial,13.42,34.34,EUR,3.0,7,DELIVERED
ORD-101435,"Apr 25, 2025",vantage freight,Gothenburg,SE,Munich,DE,Economy,E-Commerce,17.09,36.89,EUR,3.0,7,Delivered
ORD-101257,2025-12-30 00:00:00, Meridian Express,Gothenburg,SE,Berlin,DE,Economy,Retail,2.76,33.52,EUR,3.0,7,Delivered
ORD-100208,2025-07-23 00:00:00,Nordfrakt AB,Hamburg,DE,Bergen,NO,Economy,Retail,58.22,82.92,USD,4.0,7,Delivered
ORD-101802,"Nov 05, 2025",kestrel,Gothenburg,SE,Manchester,GB,Economy,Industrial,27.23,60.63,USD,7.0,7,In Transit
ORD-101256,2025-06-30,Meridian Express,Gothenburg,SE,Bergen,NO,Standard,E-Commerce,14.9,722.35,SEK,3.0,4,Delivered
ORD-104187,26/06/2025,Kestrel Parcel,Gothenburg,SE,Manchester,GB,Economy,Wholesale,13.62,43.95,EUR,5.0,7,Delivered
ORD-101527,"May 15, 2025",hanseatic line,Rotterdam,NL,Paris,FR,Express,E-Commerce,4.73,90.43,EUR,4.0,2,Delayed
ORD-103815,"Apr 09, 2025",Hanseatic Line,Barcelona,ES,Turin,IT,Standard,Retail,32.8,73.75,EUR,4.0,4,Delivered
ORD-100951,2025-08-15,Nordfrakt,Gothenburg,SE,Eindhoven,NL,Standard,Wholesale,44.94,94.79,EUR,2.0,4,Delivered
ORD-101698,2025-09-15 00:00:00,nordfrakt,Gothenburg,SE,Turin,IT,Economy,Industrial,8.58,50.54,USD,3.0,7,Delivered
ORD-101114,2025-06-15,Kestrel Parcel,Gothenburg,SE,Aarhus,DK,Standard,Industrial,51.27,111.72,EUR,3.0,4,Delivered
ORD-104653,"Jun 23, 2025",vantage freight,Rotterdam,NL,Copenhagen,DK,Standard,Retail,25.07,69.64,EUR,2.0,4,DELIVERED
ORD-104393,2025-04-07 00:00:00,Baltica Logistics,Gothenburg,SE,Warsaw,PL,Economy,E-Commerce,4.99,33.13,EUR,,7,Delivered
ORD-101090,"Dec 02, 2025",nordfrakt,Rotterdam,NL,Prague,CZ,Economy,Retail,26.61,61.08,EUR,4.0,7,Delivered
ORD-101935,"May 29, 2025",MERIDIAN EXPRESS,Gothenburg,SE,Eindhoven,NL,Express,Industrial,48.49,175.08,EUR,1.0,2,Delivered
ORD-104663,2025-09-23 00:00:00,Baltica Logistics A/S,Hamburg,DE,Copenhagen,DK,Standard,Retail,20.2,54.18,EUR,2.0,4,DELIVERED
ORD-104174,06/10/2025,Kestrel Parcels AB,Barcelona,ES,Bergen,NO,Standard,Industrial,13.57,57.29,EUR,4.0,4,Delivered
ORD-100358,"Apr 19, 2025",nordfrakt,Hamburg,DE,Rome,IT,Standard,Wholesale,8.56,56.44,USD,4.0,4,Delivered
ORD-103769,01/09/2025, Nordfrakt ,Gothenburg,SE, London ,GB,Standard,Retail,16.81,74.61,EUR,4.0,4,Delivered
ORD-103600,2025-10-31, Nordfrakt ,Milan,IT,Oslo,NO,Economy,Wholesale,31.46,61.2,EUR,3.0,7,Delivered
ORD-104412,2025-08-31,Baltica Logistics,Barcelona,ES,Amsterdam,NL,Standard,Industrial,11.31,555.97,SEK,2.0,4,Delivered
ORD-102397,2025-08-06 00:00:00,nordfrakt,Rotterdam,NL,Rome,IT,Express,E-Commerce,31.32,167.0,USD,2.0,2,DELIVERED
ORD-103058,"Sep 30, 2025",vantage freight,Hamburg,DE,Amsterdam,NL,Economy,Industrial,12.02,35.46,EUR,4.0,7,Delivered
ORD-103615,"Nov 03, 2025",Vantage Freight Ltd,Milan,IT,Brno,CZ,Economy,Industrial,57.2,110.82,EUR,9.0,7,Delayed
ORD-101095,2025-04-14,Nordfrakt AB,Rotterdam,NL,Geneva,CH,Standard,Industrial,14.75,37.86,EUR,2.0,4,Delivered
ORD-101206,2025-12-08, Meridian Express,Barcelona,ES,Madrid,ES,Economy,E-Commerce,18.52,48.18,EUR,6.0,7,Delivered
ORD-101189,05/03/2025,kestrel,Milan,IT,Paris,FR,Economy,E-Commerce,72.75,77.11,USD,4.0,7,Delivered
ORD-104826,2025-06-17 00:00:00,MERIDIAN EXPRESS,Hamburg,DE,Krakow,PL,Standard,Wholesale,4.21,56.78,USD,,4,Cancelled
ORD-101175,03/09/2025, Nordfrakt ,Gothenburg,SE,Brno,CZ,Economy,E-Commerce,55.26,88.65,EUR,5.0,7,Delivered
ORD-103594,15/07/2025,Baltica Log.,Gothenburg,SE,Cologne,DE,Economy,Wholesale,67.14,108.39,USD,4.0,7,Delivered
ORD-103995,2025-09-01 00:00:00,Vantage Freight Ltd,Rotterdam,NL, Valencia ,ES,Economy,Wholesale,10.8,49.26,USD,6.0,7,Delivered
ORD-102840,2025-10-27 00:00:00,vantage freight,Rotterdam,NL,Gothenburg,SE,Standard,Industrial,48.76,100.26,EUR,2.0,4,Delivered
ORD-101046,2025-07-10,Vantage Freight,Hamburg,DE,Prague,CZ,Standard,Wholesale,41.39,73.4,EUR,4.0,4,Delivered
ORD-104934,25/09/2025,Meridian Expr,Hamburg,DE,Prague,CZ,Standard,Retail,18.25,74.95,USD,3.0,4,Delivered
ORD-101252,"Apr 10, 2025",Baltica Logistics,Rotterdam,NL,Turin,IT,Express,Wholesale,22.38,130.71,USD,3.0,2,Delayed
ORD-104836,"May 15, 2025",Vantage Freight Ltd,Gothenburg,SE,Tampere,FI,Standard,E-Commerce,62.81,1261.27,SEK,5.0,4,Delayed
ORD-103700,"May 26, 2025",Kestrel Parcels AB,Gothenburg,SE,Prague,CZ,Express,Industrial,14.64,115.95,EUR,3.0,2,Delayed
ORD-100761,2025-12-29 00:00:00,Kestrel Parcels AB,Gothenburg,SE, Eindhoven ,NL,Standard,E-Commerce,1.53,36.69,EUR,4.0,4,Delivered
ORD-104371,2025-06-02,hanseatic line,Gothenburg,SE, Copenhagen ,DK,Economy,Wholesale,16.13,488.34,SEK,6.0,7,Delivered
ORD-104715,2025-12-01 00:00:00,vantage freight,Rotterdam,NL,Zurich,CH,Express,Retail,7.86,140.55,USD,2.0,2,Delivered
ORD-102766,19/09/2025,Nordfrakt AB,Rotterdam,NL,Berlin,DE,Express,Industrial,40.57,158.56,EUR,2.0,2,DELIVERED
ORD-104751,"May 22, 2025",Vantage,Gothenburg,SE,Cologne,DE,Standard,E-Commerce,9.58,568.27,SEK,,4,Delivered
ORD-101146,"Dec 17, 2025",vantage freight,Rotterdam,NL,Warsaw,PL,Economy,Industrial,22.92,62.36,USD,5.0,7,Delivered
ORD-104847,2025-04-23,Baltica Log.,Barcelona,ES,Cologne,DE,Standard,E-Commerce,13.08,49.91,EUR,4.0,4,Delivered
ORD-102711,"Mar 14, 2025", Meridian Express,Gothenburg,SE,Cologne,DE,Standard,E-Commerce,43.46,95.92,EUR,3.0,4,Delivered
ORD-100392,18/09/2025,vantage freight,Barcelona,ES, Gothenburg ,SE,Standard,Wholesale,30.86,76.25,EUR,2.0,4,In Transit
ORD-102355,2025-09-18 00:00:00,MERIDIAN EXPRESS,Rotterdam,NL,Geneva,CH,Express,E-Commerce,11.95,106.53,EUR,2.0,2,Delivered
ORD-103676,2025-09-18, Meridian Express,Rotterdam,NL, Vienna ,AT,Economy,Industrial,12.55,40.82,EUR,6.0,7,Delivered
ORD-104008,2025-06-13 00:00:00,nordfrakt,Milan,IT,Aarhus,DK,Economy,Industrial,15.98,47.95,EUR,3.0,7,Delivered
ORD-100890,"Apr 24, 2025",vantage freight,Rotterdam,NL,Marseille,FR,Standard,Retail,11.33,53.84,EUR,4.0,4,Delivered
ORD-104984,2025-06-16,Hanseatic Lines,Gothenburg,SE,Frankfurt,DE,Standard,Wholesale,15.09,56.13,EUR,4.0,4,Delivered
ORD-103131,2025-11-10,Baltica Logistics,Gothenburg,SE,Turin,IT,Standard,E-Commerce,14.77,84.5,EUR,5.0,4,Delayed
ORD-101062,2025-05-19,Vantage,Gothenburg,SE, Lyon ,FR,Standard,Retail,13.65,58.74,EUR,3.0,4,DELIVERED
ORD-104999,2025-11-29 00:00:00,nordfrakt,Gothenburg,SE,Eindhoven,NL,Economy,E-Commerce,2.53,30.76,EUR,5.0,7,Delivered
ORD-104965,"Apr 28, 2025",Nordfrakt,Gothenburg,SE,Madrid,ES,Express,E-Commerce,79.17,288.82,USD,3.0,2,Delayed
ORD-104613,"Dec 12, 2025", Meridian Express,Hamburg,DE,Amsterdam,NL,Standard,Industrial,34.18,94.66,EUR,3.0,4,Delivered
ORD-104407,2025-06-11 00:00:00,hanseatic line,Milan,IT,Frankfurt,DE,Economy,E-Commerce,11.02,31.58,EUR,6.0,7,Delivered
ORD-104887,22/12/2025,Baltica Logistics,Milan,IT,Turin,IT,Economy,Wholesale,55.62,85.42,USD,7.0,7,Delivered
ORD-103879,2025-03-24 00:00:00,baltica,Milan,IT,Malmo,SE,Economy,Wholesale,51.43,55.85,EUR,3.0,7,Delivered
ORD-104779,"Apr 09, 2025", Meridian Express,Gothenburg,SE,Aarhus,DK,Standard,Industrial,4.45,42.13,EUR,2.0,4,Delivered
ORD-102850,2025-06-16 00:00:00,Kestrel Parcels AB,Milan,IT,Munich,DE,Standard,Retail,4.88,37.2,EUR,3.0,4,Delivered
ORD-104415,30/10/2025,Vantage Freight,Gothenburg,SE,Munich,DE,Standard,E-Commerce,28.13,83.38,EUR,2.0,4,Delivered
ORD-102644,04/11/2025,Vantage Freight Ltd,Gothenburg,SE,Berlin,DE,Economy,E-Commerce,13.19,39.49,EUR,4.0,7,Delivered
ORD-100572,04/08/2025,Nordfrakt,Hamburg,DE,Helsinki,FI,Standard,Wholesale,18.66,72.69,USD,4.0,4,Delivered
ORD-102118,25/12/2025,MERIDIAN EXPRESS,Gothenburg,SE,Frankfurt,DE,Standard,Industrial,17.59,52.15,EUR,3.0,4,DELIVERED
ORD-100734,2025-06-23 00:00:00, Meridian Express,Rotterdam,NL,Amsterdam,NL,Standard,Wholesale,15.9,46.3,USD,2.0,4,Delivered
ORD-101686,"Oct 21, 2025",Nordfrakt AB,Gothenburg,SE,Prague,CZ,Standard,E-Commerce,28.97,75.77,EUR,5.0,4,Delayed
ORD-102161,2025-07-14,Nordfrakt AB,Gothenburg,SE,Marseille,FR,Standard,Wholesale,22.37,57.05,EUR,4.0,4,Delivered
ORD-103866,"Dec 12, 2025",Meridian Express,Gothenburg,SE,Cologne,DE,Economy,Industrial,12.01,26.61,EUR,3.0,7,Delivered
ORD-104993,"Dec 29, 2025",Nordfrakt,Rotterdam,NL,Geneva,CH,Standard,E-Commerce,28.55,57.76,EUR,3.0,4,Delivered
ORD-101875,06/05/2025,Baltica Logistics A/S,Barcelona,ES,Oslo,NO,Standard,Retail,10.26,43.76,EUR,3.0,4,Delivered
ORD-104714,"Mar 17, 2025",nordfrakt,Gothenburg,SE,Warsaw,PL,Standard,E-Commerce,12.49,54.32,EUR,4.0,4,Delivered
ORD-100398,"Aug 01, 2025",Kestrel Parcels AB,Milan,IT,Munich,DE,Standard,Wholesale,39.69,103.66,EUR,5.0,4,Delayed
ORD-104955,16/06/2025, Meridian Express,Barcelona,ES,Zurich,CH,Standard,E-Commerce,16.84,63.69,USD,4.0,4,Delivered
ORD-104184,31/03/2025,Baltica Logistics A/S,Gothenburg,SE,Gothenburg,SE,Standard,Wholesale,28.52,81.69,USD,3.0,4,Delivered
ORD-101905,2025-07-14,kestrel,Gothenburg,SE,Rome,IT,Express,Retail,1.78,1066.76,SEK,3.0,2,Delayed
ORD-101708,2025-07-14 00:00:00,KESTREL PARCEL,Rotterdam,NL,Amsterdam,NL,Economy,Industrial,74.41,87.84,USD,5.0,7,Delivered
ORD-100993,"Oct 23, 2025",nordfrakt,Rotterdam,NL,Geneva,CH,Economy,E-Commerce,23.53,45.91,EUR,5.0,7,Delivered
ORD-100019,2025-11-03 00:00:00,HANSEATIC,Rotterdam,NL,Stockholm,SE,Standard,Retail,11.6,63.05,USD,2.0,4,Delivered
ORD-101434,2025-08-23 00:00:00, Nordfrakt ,Barcelona,ES,London,GB,Express,Industrial,47.13,209.28,USD,2.0,2,Delivered
ORD-104652,29/08/2025,nordfrakt,Gothenburg,SE,London,GB,Express,E-Commerce,33.89,193.86,EUR,2.0,2,Delivered
ORD-101495,2025-10-23 00:00:00,Baltica Logistics A/S,Milan,IT,Marseille,FR,Express,Wholesale,10.23,79.03,EUR,2.0,2,Delivered
ORD-100280,2025-07-30,Nordfrakt,Hamburg,DE, Marseille ,FR,Economy,Retail,30.82,51.02,EUR,5.0,7,Delivered
ORD-101982,2025-03-31 00:00:00,Nordfrakt AB,Gothenburg,SE,Graz,AT,Standard,E-Commerce,11.64,60.11,EUR,3.0,4,Delivered
ORD-104158,2025-06-18 00:00:00,MERIDIAN EXPRESS,Gothenburg,SE,Helsinki,FI,Standard,Wholesale,86.52,133.26,EUR,4.0,4,Delivered
ORD-103415,2025-10-13 00:00:00,Baltica Log.,Gothenburg,SE,Frankfurt,DE,Economy,Industrial,32.02,44.93,EUR,4.0,7,Delivered
ORD-102271,22/08/2025,Hanseatic Line,Milan,IT,Valencia,ES,Express,Industrial,11.98,118.02,EUR,3.0,2,Delayed
ORD-101544,05/07/2025,Kestrel Parcels AB,Gothenburg,SE,Munich,DE,Standard,Retail,39.61,94.25,EUR,3.0,4,Delivered
ORD-100000,2025-04-18, Meridian Express,Rotterdam,NL,Berlin,DE,Express,Wholesale,10.31,91.96,EUR,1.0,2,Delivered
ORD-103502,2025-08-18 00:00:00,baltica,Gothenburg,SE,Berlin,DE,Express,Retail,79.74,285.99,EUR,2.0,2,Delivered
ORD-102069,17/10/2025,Nordfrakt AB,Rotterdam,NL,Warsaw,PL,Standard,E-Commerce,54.75,138.74,USD,4.0,4,Delivered
ORD-102622,"Apr 28, 2025",baltica,Milan,IT,Manchester,GB,Standard,Industrial,61.65,112.74,EUR,5.0,4,Delayed
ORD-102452,2025-04-22,Baltica Log.,Gothenburg,SE,Bergen,NO,Standard,E-Commerce,19.91,55.25,EUR,4.0,4,Delivered
ORD-100854,06/08/2025,nordfrakt,Gothenburg,SE,Gdansk,PL,Standard,Industrial,12.9,58.25,USD,4.0,4,Delivered
ORD-100487,"Dec 17, 2025",baltica,Rotterdam,NL, Oslo ,NO,Standard,Wholesale,18.26,66.57,EUR,4.0,4,Delivered
ORD-104555,27/06/2025,Meridian Express,Rotterdam,NL,Turin,IT,Express,Industrial,5.96,1225.9,SEK,3.0,2,Delayed
ORD-103364,28/05/2025,Hanseatic Lines,Hamburg,DE,Lyon,FR,Economy,Wholesale,15.75,55.22,EUR,7.0,7,Delivered
ORD-103079,03/11/2025, Meridian Express,Gothenburg,SE,Rome,IT,Express,E-Commerce,22.93,140.89,EUR,2.0,2,Delivered
ORD-102930,"Jun 04, 2025",vantage freight,Hamburg,DE,Oslo,NO,Express,Retail,42.67,189.46,EUR,2.0,2,Delivered
ORD-104726,"Apr 23, 2025",Nordfrakt AB,Hamburg,DE,Gdansk,PL,Standard,Retail,49.36,104.93,EUR,3.0,4,Delivered
ORD-103535,"Apr 10, 2025",Vantage,Hamburg,DE,Lyon,FR,Standard,Industrial,10.02,62.12,EUR,4.0,4,Delivered
ORD-101901,17/12/2025,MERIDIAN EXPRESS,Gothenburg,SE,Frankfurt,DE,Economy,E-Commerce,75.06,1177.27,SEK,4.0,7,Delivered
ORD-103573,2025-08-29 00:00:00,nordfrakt,Rotterdam,NL,Frankfurt,DE,Express,E-Commerce,17.76,117.27,EUR,2.0,2,Delivered
ORD-100413,2025-05-12,MERIDIAN EXPRESS,Gothenburg,SE,Copenhagen,DK,Standard,E-Commerce,45.02,58.87,EUR,2.0,4,DELIVERED
ORD-104604,2025-06-24 00:00:00,MERIDIAN EXPRESS,Gothenburg,SE,Stockholm,SE,Standard,Retail,19.25,719.09,SEK,2.0,4,Delivered
ORD-103826,2025-09-02,MERIDIAN EXPRESS,Rotterdam,NL,Frankfurt,DE,Standard,Retail,6.01,44.05,EUR,3.0,4,Delivered
ORD-101841,2025-04-23 00:00:00,Kestrel Parcels AB,Barcelona,ES,Aarhus,DK,Standard,E-Commerce,23.21,65.82,EUR,2.0,4,Delivered
ORD-103261,2025-11-19,MERIDIAN EXPRESS,Gothenburg,SE,Warsaw,PL,Express,Wholesale,19.59,144.91,EUR,3.0,2,Delayed
ORD-104616,"Aug 08, 2025",nordfrakt,Gothenburg,SE,Brno,CZ,Economy,Wholesale,29.98,43.92,USD,5.0,7,Delivered
ORD-103665,03/11/2025,Nordfrakt,Gothenburg,SE,Helsinki,FI,Economy,Industrial,14.54,43.48,EUR,6.0,7,Delivered
ORD-101542,18/04/2025,Nordfrakt,Hamburg,DE,Vienna,AT,Standard,Wholesale,28.83,61.66,USD,4.0,4,Delivered
ORD-102077,28/10/2025,nordfrakt,Rotterdam,NL,Geneva,CH,Economy,E-Commerce,18.74,42.98,EUR,4.0,7,Delivered
ORD-100658,2025-04-09 00:00:00,KESTREL PARCEL,Rotterdam,NL,Paris,FR,Standard,Retail,19.72,78.03,USD,4.0,4,Delivered
ORD-103910,"Jul 06, 2025",MERIDIAN EXPRESS,Gothenburg,SE,Zurich,CH,Standard,Industrial,29.06,90.81,EUR,2.0,4,Delivered
ORD-100020,30/11/2025,Nordfrakt,Gothenburg,SE,Oslo,NO,Standard,Industrial,76.48,125.39,EUR,3.0,4,Delivered
ORD-102577,03/11/2025,Kestrel Parcels AB,Gothenburg,SE,Geneva,CH,Express,Wholesale,52.83,267.21,EUR,3.0,2,Delayed
ORD-104166,2025-11-10, Meridian Express,Rotterdam,NL,London,GB,Economy,Retail,34.08,75.74,EUR,6.0,7,Delivered
ORD-104634,2025-04-25 00:00:00,Nordfrakt AB,Hamburg,DE,Bergen,NO,Standard,Retail,28.86,85.61,EUR,3.0,4,Delivered
ORD-102540,2025-08-07 00:00:00,Baltica Log.,Rotterdam,NL,Gdansk,PL,Express,Retail,16.56,105.16,EUR,,2,CANCELLED
ORD-100580,2025-04-21, Meridian Express,Gothenburg,SE,Krakow,PL,Standard,Retail,26.98,84.72,EUR,3.0,4,Delivered
ORD-102419,2025-10-16,kestrel,Milan,IT,Eindhoven,NL,Economy,Industrial,9.55,40.25,EUR,3.0,7,Delivered
ORD-104269,2025-12-02 00:00:00,nordfrakt,Gothenburg,SE,London,GB,Standard,Wholesale,51.75,122.13,USD,3.0,4,Delivered
ORD-100479,2025-04-29 00:00:00,baltica,Hamburg,DE,Gdansk,PL,Standard,Retail,31.57,897.43,SEK,5.0,4,Delayed
ORD-102697,16/10/2025, Nordfrakt ,Rotterdam,NL,Frankfurt,DE,Express,Wholesale,23.59,120.83,EUR,,2,Cancelled
ORD-102853,21/04/2025,Vantage Freight Ltd,Rotterdam,NL,Aarhus,DK,Standard,Wholesale,7.13,49.77,USD,2.0,4,Delivered
ORD-102478,14/04/2025,Meridian Expr,Gothenburg,SE,Munich,DE,Standard,E-Commerce,7.07,36.94,USD,3.0,4,DELIVERED
ORD-103605,14/05/2025, Nordfrakt ,Hamburg,DE,London,GB,Express,Industrial,11.33,1395.81,SEK,2.0,2,Delivered
ORD-101747,2025-09-24,Meridian Express,Milan,IT,Malmo,SE,Standard,E-Commerce,2.3,34.85,EUR,2.0,4,Delivered
ORD-101121,2025-04-16 00:00:00,Vantage,Milan,IT,Valencia,ES,Economy,Retail,39.32,50.63,EUR,6.0,7,Delivered
ORD-102786,04/08/2025,HANSEATIC,Rotterdam,NL,Marseille,FR,Standard,E-Commerce,14.89,55.07,USD,4.0,4,Delivered
ORD-100439,"Oct 06, 2025", Nordfrakt ,Gothenburg,SE,Turin,IT,Economy,Wholesale,6.73,380.28,SEK,7.0,7,Delivered
ORD-102889,16/06/2025, Meridian Express,Hamburg,DE,Aarhus,DK,Standard,Retail,11.21,529.75,SEK,2.0,4,Delivered
ORD-101795,19/06/2025,Meridian Express,Gothenburg,SE,Manchester,GB,Standard,Industrial,54.36,144.51,USD,3.0,4,Delivered
ORD-102806,, Meridian Express,Hamburg,DE,Rome,IT,Standard,Retail,28.36,83.33,EUR,4.0,4,Delivered
ORD-100924,15/07/2025,Baltica Logistics,Barcelona,ES, Bergen ,NO,Standard,E-Commerce,64.54,127.34,EUR,4.0,4,In Transit
ORD-102222,15/03/2025,nordfrakt,Hamburg,DE,Munich,DE,Standard,Wholesale,5.34,33.47,EUR,2.0,4,Delivered
ORD-101344,2025-06-11 00:00:00,Nordfrakt AB,Rotterdam,NL,Eindhoven,NL,Standard,E-Commerce,38.0,,EUR,2.0,4,In Transit
ORD-102779,2025-03-25,vantage freight,Hamburg,DE,Copenhagen,DK,Express,Retail,26.61,1608.71,SEK,2.0,2,Delivered
ORD-102950,2025-03-18,Nordfrakt,Hamburg,DE,Aarhus,DK,Economy,Retail,12.06,32.26,EUR,2.0,7,Delivered
ORD-100587,"Apr 24, 2025",baltica,Milan,IT, Cologne ,DE,Standard,Industrial,27.15,72.61,EUR,2.0,4,Delivered
ORD-100768,2025-05-16, Meridian Express,Gothenburg,SE,Marseille,FR,Express,Industrial,24.76,177.49,EUR,2.0,2,Delivered
ORD-104204,2025-08-11 00:00:00,HANSEATIC,Hamburg,DE,Zurich,CH,Standard,Retail,23.9,84.15,USD,5.0,4,Delayed
ORD-102108,2025-08-02,Hanseatic Lines,Rotterdam,NL,Gothenburg,SE,Standard,Wholesale,19.44,60.48,EUR,2.0,4,Delivered
ORD-101489,2025-12-04,Kestrel Parcels AB,Rotterdam,NL,Cologne,DE,Express,E-Commerce,29.24,1750.51,SEK,2.0,2,Delivered
ORD-104672,2025-06-24,HANSEATIC,Barcelona,ES,Marseille,FR,Express,Wholesale,14.61,131.38,EUR,3.0,2,Delayed
ORD-100637,2025-08-11 00:00:00,Vantage Freight,Hamburg,DE,Malmo,SE,Standard,E-Commerce,5.49,48.55,EUR,2.0,4,Delivered
ORD-103090,2025-09-05,Vantage Freight Ltd,Hamburg,DE,Berlin,DE,Standard,Retail,26.75,63.84,EUR,3.0,4,Delivered
ORD-104769,26/03/2025,Nordfrakt,Hamburg,DE,Valencia,ES,Standard,Wholesale,10.22,57.94,EUR,5.0,4,Delayed
ORD-102406,2025-09-22, Nordfrakt ,Gothenburg,SE,Manchester,GB,Economy,E-Commerce,22.64,630.07,SEK,4.0,7,Delivered
ORD-100062,2025-09-18,Kestrel Parcels AB,Barcelona,ES, Gdansk ,PL,Standard,Industrial,80.35,175.81,EUR,5.0,4,Delayed
ORD-100157,31/12/2025,Meridian Expr,Barcelona,ES,Eindhoven,NL,Standard,Retail,8.72,51.99,EUR,3.0,4,Delivered
ORD-100438,2025-04-14 00:00:00, Meridian Express,Rotterdam,NL,Geneva,CH,Economy,Industrial,18.33,38.19,EUR,4.0,7,Delivered
ORD-104293,21/04/2025,Nordfrakt,Milan,IT,London,GB,Standard,Industrial,10.54,73.12,USD,4.0,4,Delivered
ORD-104481,"Aug 11, 2025",vantage freight,Milan,IT,Copenhagen,DK,Express,Wholesale,28.69,153.66,EUR,1.0,2,Delivered
ORD-103814,2025-09-29 00:00:00,hanseatic line,Rotterdam,NL,Malmo,SE,Standard,Retail,9.98,544.86,SEK,2.0,4,DELIVERED
ORD-103727,"Dec 15, 2025",Kestrel Parcel,Milan,IT,Cologne,DE,Express,Retail,40.48,2540.65,SEK,2.0,2,DELIVERED
ORD-104175,08/09/2025, Nordfrakt ,Barcelona,ES,Cologne,DE,Standard,E-Commerce,40.01,83.69,EUR,3.0,4,Delivered
ORD-104818,2025-12-19 00:00:00,kestrel,Hamburg,DE,Malmo,SE,Standard,Wholesale,24.08,67.73,EUR,2.0,4,Delivered
ORD-104315,2025-07-30,nordfrakt,Rotterdam,NL,Brno,CZ,Standard,Industrial,15.15,77.08,USD,3.0,4,Delivered
ORD-101925,2025-05-12,Kestrel Parcels AB,Barcelona,ES,Eindhoven,NL,Standard,Retail,29.05,67.14,EUR,2.0,4,Delivered
ORD-103190,2025-03-03,Meridian Express,Rotterdam,NL,Vienna,AT,Express,E-Commerce,17.52,100.06,EUR,2.0,2,Delivered
ORD-101458,2025-07-23,Nordfrakt AB,Hamburg,DE,Munich,DE,Standard,Industrial,15.51,65.86,EUR,3.0,4,Delivered
ORD-103526,2025-05-13,Nordfrakt,Rotterdam,NL,Krakow,PL,Economy,E-Commerce,21.58,44.8,EUR,6.0,7,Delivered
ORD-101915,2025-12-10 00:00:00,Hanseatic Lines,Rotterdam,NL,Frankfurt,DE,Standard,Wholesale,17.91,63.53,EUR,5.0,4,Delayed
ORD-101054,"Apr 14, 2025", Meridian Express,Milan,IT,Stockholm,SE,Economy,E-Commerce,16.28,46.35,USD,2.0,7,Delivered
ORD-104707,2025-12-29,Kestrel Parcel,Barcelona,ES,Malmo,SE,Economy,Retail,16.81,404.76,SEK,3.0,7,Delivered
ORD-102835,24/12/2025, Nordfrakt ,Rotterdam,NL,Brno,CZ,Express,Industrial,12.48,126.88,EUR,2.0,2,Delivered
ORD-101771,24/09/2025,Nordfrakt,Barcelona,ES,Eindhoven,NL,Express,Wholesale,53.69,220.14,EUR,2.0,2,Delivered
ORD-104475,"Aug 23, 2025", Nordfrakt ,Gothenburg,SE,Brno,CZ,Standard,Retail,24.15,82.98,EUR,3.0,4,Delivered
ORD-101355,2025-11-28 00:00:00,nordfrakt,Milan,IT,Vienna,AT,Express,Wholesale,21.96,182.62,EUR,3.0,2,Delayed
ORD-104941,31/10/2025,nordfrakt,Gothenburg,SE,Paris,FR,Economy,Wholesale,26.07,590.0,SEK,4.0,7,Delivered
ORD-100652,"Jun 20, 2025",Meridian Express,Rotterdam,NL,Munich,DE,Express,E-Commerce,37.06,175.66,EUR,2.0,2,Delivered
ORD-103582,22/06/2025,MERIDIAN EXPRESS,Hamburg,DE,Krakow,PL,Economy,Retail,44.95,85.26,EUR,5.0,7,Delivered
ORD-103490,29/04/2025,Meridian Express,Rotterdam,NL,Manchester,GB,Standard,Retail,5.72,62.57,EUR,4.0,4,Delivered
ORD-103342,"Apr 24, 2025", Nordfrakt ,Gothenburg,SE,Cologne,DE,Standard,E-Commerce,20.55,53.26,USD,3.0,4,Delivered
ORD-103283,2025-04-23 00:00:00,baltica,Gothenburg,SE,Geneva,CH,Standard,Retail,30.27,88.61,EUR,4.0,4,Delivered
ORD-103524,"Aug 07, 2025",nordfrakt,Hamburg,DE,Manchester,GB,Economy,Wholesale,14.96,,EUR,5.0,7,Delivered
ORD-100117,2025-05-16,Vantage,Hamburg,DE,Marseille,FR,Express,Wholesale,25.07,143.05,EUR,1.0,2,Delivered
ORD-101549,2025-03-03 00:00:00,Baltica Logistics,Gothenburg,SE,Geneva,CH,Standard,Retail,24.35,75.41,EUR,4.0,4,Delivered
ORD-102740,2025-06-10 00:00:00, Nordfrakt ,Gothenburg,SE,Frankfurt,DE,Economy,Industrial,34.57,58.22,USD,4.0,7,Delivered
ORD-104560,2025-11-24,vantage freight,Rotterdam,NL, Cologne ,DE,Standard,E-Commerce,19.94,78.33,USD,3.0,4,Delivered
ORD-102595,02/06/2025,Nordfrakt,Rotterdam,NL,Geneva,CH,Express,Wholesale,38.0,135.38,USD,2.0,2,Delivered
ORD-100030,03/11/2025,Vantage Freight,Gothenburg,SE,Amsterdam,NL,Standard,Wholesale,24.08,67.18,EUR,3.0,4,Delivered
ORD-104790,17/06/2025,Nordfrakt,Gothenburg,SE,Aarhus,DK,Express,Retail,43.34,185.2,EUR,2.0,2,Delivered
ORD-103199,24/07/2025,MERIDIAN EXPRESS,Gothenburg,SE,Valencia,ES,Standard,E-Commerce,15.29,73.34,EUR,4.0,4,Delivered
ORD-101700,2025-07-24 00:00:00,Nordfrakt,Rotterdam,NL,Lyon,FR,Express,E-Commerce,26.1,154.28,EUR,2.0,2,Delivered
ORD-102328,2025-03-17 00:00:00,Vantage,Hamburg,DE,Paris,FR,Standard,Retail,29.43,85.98,EUR,3.0,4,Delivered
ORD-104926,2025-10-05,KESTREL PARCEL,Milan,IT,Turin,IT,Express,Retail,5.7,71.06,EUR,2.0,2,Delivered
ORD-102272,11/08/2025,nordfrakt,Barcelona,ES,Graz,AT,Economy,E-Commerce,56.96,62.48,USD,4.0,7,Delivered
ORD-104648,2025-08-08,Hanseatic Lines,Rotterdam,NL,Geneva,CH,Express,Industrial,21.95,157.73,EUR,4.0,2,Delayed
ORD-101793,2025-07-31,Nordfrakt AB,Rotterdam,NL,Helsinki,FI,Express,Industrial,50.95,,EUR,2.0,2,Delivered
ORD-103622,"Aug 29, 2025", Nordfrakt ,Rotterdam,NL,Geneva,CH,Standard,E-Commerce,31.93,75.65,EUR,4.0,4,Delivered
ORD-104060,19/05/2025, Nordfrakt ,Gothenburg,SE,Gothenburg,SE,Standard,E-Commerce,18.46,47.42,USD,2.0,4,Delivered
ORD-103412,30/06/2025,Baltica Log.,Hamburg,DE,Brno,CZ,Economy,E-Commerce,54.73,63.23,EUR,6.0,7,Delivered
ORD-101119,2025-11-26 00:00:00,MERIDIAN EXPRESS,Hamburg,DE,Madrid,ES,Standard,Retail,14.81,57.23,USD,5.0,4,Delayed
ORD-100456,21/05/2025,Vantage Freight,Gothenburg,SE,Helsinki,FI,Standard,E-Commerce,32.64,1282.73,SEK,4.0,4,Delivered
ORD-100904,2025-11-07 00:00:00,Baltica Log.,Gothenburg,SE,Krakow,PL,Express,Industrial,39.34,184.79,EUR,3.0,2,Delayed
ORD-100289,17/11/2025,Vantage Freight,Rotterdam,NL,Prague,CZ,Economy,Industrial,23.44,50.02,EUR,6.0,7,DELIVERED
ORD-102686,2025-07-14,Nordfrakt,Milan,IT,Aarhus,DK,Standard,E-Commerce,11.81,50.21,EUR,3.0,4,Delivered
ORD-101106,"Jul 13, 2025",nordfrakt,Gothenburg,SE,Amsterdam,NL,Economy,Retail,17.68,38.99,EUR,3.0,7,Delivered
ORD-101052,"Dec 01, 2025",baltica,Rotterdam,NL,Zurich,CH,Economy,E-Commerce,13.26,56.09,USD,7.0,7,Delivered
ORD-104095,26/12/2025, Nordfrakt ,Gothenburg,SE,Gothenburg,SE,Standard,E-Commerce,28.88,76.26,EUR,2.0,4,Delivered
ORD-103941,2025-08-19 00:00:00,Baltica Logistics A/S,Barcelona,ES,Vienna,AT,Economy,E-Commerce,39.04,53.13,EUR,6.0,7,Delivered
ORD-102978,04/08/2025,Meridian Expr,Rotterdam,NL,Copenhagen,DK,Standard,Industrial,60.82,63.14,EUR,2.0,4,Delivered
ORD-104057,17/12/2025,kestrel,Gothenburg,SE,Rome,IT,Economy,Wholesale,31.93,70.05,EUR,7.0,7,Delivered
ORD-104835,15/12/2025,MERIDIAN EXPRESS,Milan,IT,Bergen,NO,Standard,E-Commerce,28.33,80.02,EUR,3.0,4,Delivered
ORD-102040,07/08/2025,Kestrel Parcel,Gothenburg,SE,Berlin,DE,Express,Industrial,36.12,166.77,EUR,2.0,2,Delivered
ORD-104811,14/07/2025,Baltica Logistics A/S,Rotterdam,NL,Aarhus,DK,Standard,Industrial,17.16,68.36,EUR,2.0,4,Delivered
ORD-104002,"Mar 20, 2025",Nordfrakt AB,Hamburg,DE,Vienna,AT,Standard,E-Commerce,11.22,52.49,EUR,,4,Delivered
ORD-100801,"Aug 13, 2025",kestrel,Barcelona,ES,Frankfurt,DE,Economy,Wholesale,31.15,60.71,EUR,4.0,7,Delivered
ORD-103288,04/06/2025,Vantage Freight,Rotterdam,NL,Brno,CZ,Economy,Wholesale,25.12,48.52,EUR,4.0,7,Delivered
ORD-104170,2025-09-22 00:00:00,Kestrel Parcel,Hamburg,DE,Frankfurt,DE,Express,Wholesale,41.52,193.5,EUR,2.0,2,Delivered
ORD-100532,26/05/2025,baltica,Milan,IT,Frankfurt,DE,Express,Retail,33.66,171.66,EUR,2.0,2,Delivered
ORD-102745,"Oct 09, 2025",Baltica Logistics A/S,Gothenburg,SE,Brno,CZ,Express,Retail,24.67,124.5,USD,2.0,2,Delivered
ORD-102474,27/04/2025,Baltica Log.,Gothenburg,SE,Frankfurt,DE,Standard,Wholesale,32.54,95.29,USD,3.0,4,Delivered
ORD-100991,2025-12-29 00:00:00,vantage freight,Hamburg,DE,Aarhus,DK,Standard,Wholesale,27.49,75.1,EUR,3.0,4,Delivered
ORD-104225,2025-06-06 00:00:00,MERIDIAN EXPRESS,Rotterdam,NL,Eindhoven,NL,Standard,E-Commerce,13.34,51.76,EUR,2.0,4,Delivered
ORD-100603,2025-05-13 00:00:00,Hanseatic Line,Rotterdam,NL,Gdansk,PL,Standard,E-Commerce,21.81,77.18,EUR,5.0,4,Delayed
ORD-100539,2025-03-12,Vantage Freight,Hamburg,DE,Rome,IT,Standard,Wholesale,7.8,50.65,EUR,4.0,4,Delivered
ORD-102015,"Aug 25, 2025",MERIDIAN EXPRESS,Gothenburg,SE,Cologne,DE,Standard,E-Commerce,24.13,68.65,EUR,3.0,4,DELIVERED
ORD-103586,2025-11-04,Meridian Expr,Milan,IT, Frankfurt ,DE,Standard,Industrial,20.57,79.95,EUR,3.0,4,Delivered
ORD-104402,2025-10-06 00:00:00,Nordfrakt AB,Rotterdam,NL,Stockholm,SE,Standard,Wholesale,23.9,49.14,EUR,2.0,4,DELIVERED
ORD-103795,2025-07-29 00:00:00, Meridian Express,Barcelona,ES,Warsaw,PL,Standard,Retail,6.9,53.81,EUR,,4,Cancelled
ORD-102185,"Aug 06, 2025",Meridian Expr,Gothenburg,SE,Amsterdam,NL,Standard,Wholesale,20.72,65.57,EUR,2.0,4,Delivered
ORD-103597,30/12/2025,Nordfrakt,Gothenburg,SE,Turin,IT,Standard,E-Commerce,22.13,76.37,EUR,6.0,4,Delayed
ORD-100743,28/07/2025, Nordfrakt ,Barcelona,ES,Amsterdam,NL,Express,Retail,8.4,101.61,EUR,2.0,2,Delivered
ORD-100262,12/08/2025,Vantage,Hamburg,DE,Bergen,NO,Standard,Retail,80.95,131.35,EUR,3.0,4,Delivered
ORD-103682,27/06/2025,nordfrakt,Gothenburg,SE,Lyon,FR,Express,E-Commerce,24.82,134.35,USD,3.0,2,Delayed
ORD-104416,"Nov 14, 2025",vantage freight,Gothenburg,SE,Warsaw,PL,Standard,Retail,7.56,63.45,EUR,4.0,4,Delivered
ORD-103110,22/12/2025,Nordfrakt AB,Gothenburg,SE,Frankfurt,DE,Standard,E-Commerce,13.18,74.43,EUR,4.0,4,Delivered
ORD-101373,2025-10-17 00:00:00, Meridian Express,Rotterdam,NL,Amsterdam,NL,Economy,Industrial,10.47,25.94,USD,3.0,7,Delivered
ORD-104912,14/03/2025,kestrel,Milan,IT,Zurich,CH,Standard,Wholesale,34.77,58.0,EUR,6.0,4,Delayed
ORD-102621,02/10/2025,Nordfrakt,Barcelona,ES,Copenhagen,DK,Standard,Wholesale,24.69,69.26,USD,2.0,4,Delivered
ORD-102945,2025-04-28,nordfrakt,Barcelona,ES, Rome ,IT,Economy,E-Commerce,12.77,39.09,USD,6.0,7,DELIVERED
ORD-101430,2025-11-14,Vantage,Hamburg,DE,Graz,AT,Standard,Wholesale,12.49,60.28,EUR,4.0,4,Delivered
ORD-101530,2025-04-21,Meridian Express,Rotterdam,NL,Rome,IT,Economy,Industrial,100.56,94.59,EUR,6.0,7,Delivered
ORD-100789,"Mar 07, 2025",Meridian Express,Milan,IT,Berlin,DE,Standard,Retail,13.45,69.74,EUR,3.0,4,Delivered
ORD-100181,23/05/2025,nordfrakt,Gothenburg,SE,Manchester,GB,Standard,Retail,6.17,49.38,EUR,4.0,4,Delivered
ORD-103128,2025-12-02,vantage freight,Rotterdam,NL,Tampere,FI,Express,E-Commerce,10.67,115.36,EUR,2.0,2,Delivered
ORD-101031,03/06/2025,Nordfrakt AB,Hamburg,DE,Munich,DE,Standard,E-Commerce,36.51,100.2,EUR,3.0,4,Delivered
ORD-100997,"Sep 15, 2025",MERIDIAN EXPRESS,Gothenburg,SE,Gdansk,PL,Economy,Retail,6.62,40.7,EUR,6.0,7,Delivered
ORD-102320,24/04/2025,Baltica Log.,Rotterdam,NL,Frankfurt,DE,Standard,Industrial,8.93,64.09,EUR,3.0,4,Delivered
ORD-104054,"Mar 04, 2025",Meridian Expr,Hamburg,DE,Gdansk,PL,Express,Industrial,7.44,72.62,EUR,2.0,2,Delivered
ORD-101498,12/11/2025,Kestrel Parcel,Hamburg,DE,Valencia,ES,Express,Wholesale,42.49,165.06,EUR,4.0,2,Delayed
ORD-103118,2025-03-13 00:00:00,Baltica Log.,Gothenburg,SE,Cologne,DE,Economy,Wholesale,20.68,53.5,USD,4.0,7,Delivered
ORD-101900,19/12/2025,Meridian Expr,Gothenburg,SE,Krakow,PL,Economy,Retail,31.79,53.49,EUR,6.0,7,DELIVERED
ORD-103085,2025-09-15 00:00:00,Vantage,Milan,IT,Madrid,ES,Express,E-Commerce,79.84,3258.02,SEK,2.0,2,Delivered
ORD-103877,14/07/2025,KESTREL PARCEL,Gothenburg,SE,Vienna,AT,Economy,Retail,19.26,40.61,EUR,5.0,7,Delivered
ORD-100198,2025-09-03,Vantage Freight,Milan,IT,Brno,CZ,Economy,Retail,26.62,59.06,EUR,5.0,7,Delivered
ORD-103735,2025-06-20,HANSEATIC,Hamburg,DE,Bergen,NO,Economy,Retail,17.09,29.45,EUR,6.0,7,Delivered
ORD-103413,21/04/2025,Vantage,Rotterdam,NL,Gdansk,PL,Express,Retail,22.81,104.76,USD,2.0,2,Delivered
ORD-100101,2025-06-18,Vantage Freight Ltd,Rotterdam,NL,Malmo,SE,Economy,E-Commerce,35.81,49.44,EUR,3.0,7,Delivered
ORD-100694,21/04/2025,baltica,Hamburg,DE, Krakow ,PL,Express,Wholesale,11.17,86.93,EUR,3.0,2,Delayed
ORD-102461,"Jun 27, 2025",KESTREL PARCEL,Hamburg,DE,Oslo,NO,Standard,E-Commerce,15.03,53.44,EUR,3.0,4,Delivered
ORD-104129,20/10/2025,Nordfrakt AB,Milan,IT,Berlin,DE,Economy,Retail,28.18,52.36,USD,4.0,7,Delivered
ORD-104852,2025-04-28 00:00:00,Nordfrakt,Gothenburg,SE,Munich,DE,Economy,Industrial,50.05,92.24,USD,5.0,7,Delivered
ORD-103087,,Nordfrakt AB,Gothenburg,SE,London,GB,Economy,Retail,32.04,49.25,EUR,5.0,7,Delivered
ORD-101113,2025-08-08 00:00:00,KESTREL PARCEL,Gothenburg,SE,Madrid,ES,Standard,E-Commerce,10.99,63.13,EUR,4.0,4,Delivered
ORD-100748,2025-08-19 00:00:00,Vantage Freight Ltd,Gothenburg,SE,Gdansk,PL,Standard,E-Commerce,16.67,72.02,EUR,3.0,4,Delivered
ORD-104820,22/12/2025, Nordfrakt ,Gothenburg,SE,Zurich,CH,Standard,Industrial,13.77,52.3,EUR,4.0,4,Delivered
ORD-104679,"Apr 07, 2025",Meridian Express,Gothenburg,SE,Lyon,FR,Economy,Industrial,24.94,50.13,EUR,4.0,7,Delivered
ORD-101634,"Oct 14, 2025",Nordfrakt,Milan,IT,Munich,DE,Standard,Industrial,18.41,72.83,USD,3.0,4,Delivered
ORD-100704,2025-05-12,vantage freight,Hamburg,DE,London,GB,Economy,Retail,17.58,39.08,USD,7.0,7,Delivered
ORD-101332,2025-10-20,Meridian Expr,Hamburg,DE,Berlin,DE,Express,Industrial,20.15,120.56,EUR,2.0,2,Delivered
ORD-102523,"Oct 07, 2025",hanseatic line,Gothenburg,SE,Copenhagen,DK,Economy,Industrial,9.07,39.19,EUR,4.0,7,Delivered
ORD-100379,2025-07-23,Baltica Log.,Rotterdam,NL,Warsaw,PL,Standard,Industrial,22.4,82.22,EUR,5.0,4,DELAYED
ORD-102629,24/03/2025,KESTREL PARCEL,Hamburg,DE,Berlin,DE,Express,Wholesale,20.11,143.96,USD,3.0,2,Delayed
ORD-101399,2025-08-12, Meridian Express,Gothenburg,SE,Vienna,AT,Standard,Retail,24.75,52.79,EUR,4.0,4,Delivered
ORD-104447,2025-06-13, Nordfrakt ,Gothenburg,SE,Bergen,NO,Express,Wholesale,19.06,97.58,EUR,2.0,2,Delivered
ORD-101438,2025-08-23 00:00:00,MERIDIAN EXPRESS,Rotterdam,NL,Zurich,CH,Economy,Industrial,33.89,653.55,SEK,4.0,7,Delivered
ORD-103321,2025-05-28,nordfrakt,Gothenburg,SE,Warsaw,PL,Standard,Retail,86.75,124.82,EUR,4.0,4,Delivered
ORD-100240,2025-05-16 00:00:00,Nordfrakt AB,Hamburg,DE,Krakow,PL,Express,Wholesale,32.99,148.38,EUR,3.0,2,Delayed
ORD-100949,31/07/2025,Meridian Express,Barcelona,ES,Munich,DE,Standard,Retail,34.51,76.25,EUR,3.0,4,Delivered
ORD-104983,"Oct 07, 2025",Kestrel Parcel,Milan,IT,Turin,IT,Standard,Industrial,5.19,50.07,USD,5.0,4,Delayed
ORD-100455,30/12/2025,KESTREL PARCEL,Hamburg,DE,Oslo,NO,Standard,Industrial,13.31,,USD,2.0,4,Delivered
ORD-102869,2025-06-21,Nordfrakt,Milan,IT,Brno,CZ,Economy,Wholesale,15.3,,EUR,5.0,7,Delivered
ORD-100727,"Apr 18, 2025",Baltica Logistics A/S,Barcelona,ES,Amsterdam,NL,Standard,Wholesale,24.66,57.86,EUR,2.0,4,Delivered
ORD-103372,"Aug 18, 2025",Vantage Freight,Gothenburg,SE,Malmo,SE,Express,Wholesale,6.64,70.94,EUR,1.0,2,Delivered
ORD-103289,"Jun 10, 2025",Kestrel Parcels AB,Hamburg,DE,Manchester,GB,Standard,Industrial,19.3,62.07,EUR,4.0,4,Delivered
ORD-100927,,Meridian Express,Gothenburg,SE,Madrid,ES,Economy,Wholesale,33.34,66.02,EUR,6.0,7,Delivered
ORD-100822,2025-05-14 00:00:00,MERIDIAN EXPRESS,Milan,IT,Bergen,NO,Standard,Retail,79.19,167.4,EUR,4.0,4,Delivered
ORD-104321,2025-11-03,Meridian Expr,Gothenburg,SE,Prague,CZ,Express,E-Commerce,24.37,155.78,USD,2.0,2,Delivered
ORD-100196,2025-09-05 00:00:00,Baltica Log.,Barcelona,ES,Graz,AT,Economy,Industrial,47.26,77.69,USD,4.0,7,Delivered
ORD-104401,2025-05-05,HANSEATIC,Hamburg,DE,Brno,CZ,Standard,Industrial,14.59,57.07,EUR,6.0,4,Delayed
ORD-102741,2025-04-23,KESTREL PARCEL,Hamburg,DE,Manchester,GB,Standard,Retail,34.63,85.45,EUR,5.0,4,Delayed
ORD-103636,22/12/2025,baltica,Gothenburg,SE,London,GB,Express,Retail,26.92,160.18,EUR,2.0,2,Delivered
ORD-101677,"Oct 17, 2025",Vantage Freight,Gothenburg,SE,Zurich,CH,Economy,E-Commerce,14.26,610.99,SEK,5.0,7,Delivered
ORD-102132,2025-12-11 00:00:00,KESTREL PARCEL,Hamburg,DE,Gdansk,PL,Economy,Wholesale,28.73,678.29,SEK,7.0,7,Delivered
ORD-102558,18/03/2025,baltica,Gothenburg,SE,Malmo,SE,Economy,Retail,21.19,39.11,USD,3.0,7,Delivered
ORD-100716,2025-12-10 00:00:00,kestrel,Gothenburg,SE,Krakow,PL,Standard,Retail,10.29,70.7,USD,5.0,4,Delayed
ORD-101364,30/12/2025,nordfrakt,Rotterdam,NL,Amsterdam,NL,Standard,Wholesale,12.16,52.96,USD,3.0,4,Delivered
ORD-103728,"Sep 04, 2025",Kestrel Parcels AB,Rotterdam,NL,Oslo,NO,Standard,Wholesale,7.06,52.21,USD,3.0,4,Delivered
ORD-100636,2025-07-08,Meridian Expr,Hamburg,DE,Turin,IT,Express,Retail,16.35,101.57,EUR,2.0,2,Delivered
ORD-100430,16/04/2025, Meridian Express,Rotterdam,NL,Valencia,ES,Standard,E-Commerce,45.38,104.44,EUR,4.0,4,Delivered
ORD-100720,"May 16, 2025",Baltica Logistics A/S,Milan,IT,Warsaw,PL,Standard,Wholesale,9.23,,EUR,4.0,4,Delivered
ORD-100795,2025-08-11 00:00:00,baltica,Rotterdam,NL,Aarhus,DK,Standard,Industrial,63.71,123.6,EUR,3.0,4,Delivered
ORD-103122,2025-11-14 00:00:00,Nordfrakt,Gothenburg,SE,Gothenburg,SE,Express,E-Commerce,8.4,85.18,EUR,2.0,2,Delivered
ORD-100267,2025-09-08,Meridian Expr,Rotterdam,NL,Marseille,FR,Standard,E-Commerce,25.33,72.38,EUR,4.0,4,Delivered
ORD-101806,2025-03-05 00:00:00,kestrel,Milan,IT,Munich,DE,Express,Industrial,19.08,121.53,USD,2.0,2,Delivered
ORD-101536,2025-05-26, Nordfrakt ,Gothenburg,SE,Prague,CZ,Standard,E-Commerce,61.81,128.08,EUR,3.0,4,Delivered
ORD-100099,16/05/2025, Meridian Express,Rotterdam,NL,Paris,FR,Standard,Wholesale,20.85,79.43,EUR,3.0,4,Delivered
ORD-104426,2025-07-20 00:00:00,HANSEATIC,Rotterdam,NL,Krakow,PL,Standard,Wholesale,21.29,79.4,USD,6.0,4,Delayed
ORD-100279,15/04/2025,Vantage,Gothenburg,SE,Oslo,NO,Standard,Wholesale,59.35,139.31,USD,4.0,4,Delivered
ORD-100619,2025-05-16 00:00:00,kestrel,Hamburg,DE,Malmo,SE,Standard,E-Commerce,21.23,73.87,EUR,2.0,4,Delivered
ORD-102417,21/07/2025,Meridian Express,Rotterdam,NL,Gdansk,PL,Economy,E-Commerce,16.22,46.28,EUR,6.0,7,Delivered
ORD-104664,"Aug 19, 2025",Nordfrakt,Hamburg,DE,Berlin,DE,Standard,E-Commerce,62.0,127.05,EUR,3.0,4,Delivered
ORD-102296,02/06/2025,Vantage Freight Ltd,Hamburg,DE,Geneva,CH,Standard,Wholesale,32.12,101.16,EUR,3.0,4,Delivered
ORD-100987,21/08/2025,KESTREL PARCEL,Rotterdam,NL,Helsinki,FI,Standard,Retail,12.32,60.75,EUR,6.0,4,Delayed
ORD-103053,15/09/2025,MERIDIAN EXPRESS,Barcelona,ES,Cologne,DE,Standard,E-Commerce,14.92,72.23,USD,3.0,4,Delivered
ORD-103464,2025-09-14,MERIDIAN EXPRESS,Rotterdam,NL,Frankfurt,DE,Standard,Wholesale,20.58,52.52,USD,3.0,4,Delivered
ORD-100717,2025-11-26,Kestrel Parcel,Gothenburg,SE,Gothenburg,SE,Express,Industrial,31.66,170.59,EUR,2.0,2,Delivered
ORD-101837,2025-08-15 00:00:00,Nordfrakt AB,Gothenburg,SE,Krakow,PL,Standard,E-Commerce,59.36,113.23,USD,6.0,4,Delayed
ORD-102765,2025-12-19 00:00:00,Baltica Logistics,Hamburg,DE,Cologne,DE,Express,E-Commerce,70.85,235.49,EUR,2.0,2,Delivered
ORD-100887,16/06/2025, Meridian Express,Gothenburg,SE,Brno,CZ,Express,Wholesale,41.11,231.3,USD,2.0,2,Delivered
ORD-103560,2025-04-07, Nordfrakt ,Gothenburg,SE,Turin,IT,Economy,Industrial,7.65,42.6,EUR,5.0,7,DELIVERED
ORD-102050,03/06/2025,vantage freight,Barcelona,ES,Berlin,DE,Standard,Retail,24.06,62.65,EUR,3.0,4,Delivered
ORD-103898,14/08/2025,MERIDIAN EXPRESS,Hamburg,DE,Stockholm,SE,Standard,Industrial,15.91,48.68,EUR,2.0,4,Delivered
ORD-100527,18/05/2025,Vantage Freight,Rotterdam,NL,Stockholm,SE,Standard,Retail,20.54,57.98,EUR,2.0,4,DELIVERED
ORD-101441,"Dec 08, 2025",HANSEATIC,Rotterdam,NL,Brno,CZ,Express,E-Commerce,12.54,,USD,5.0,2,Delayed
ORD-104494,"Aug 18, 2025",Nordfrakt AB,Gothenburg,SE,Frankfurt,DE,Standard,Industrial,29.32,78.41,EUR,2.0,4,DELIVERED
ORD-101772,"Sep 16, 2025",Baltica Logistics,Milan,IT,Zurich,CH,Express,Retail,3.5,94.71,EUR,3.0,2,Delayed
ORD-104319,2025-03-24 00:00:00,Meridian Expr,Hamburg,DE,Copenhagen,DK,Standard,Wholesale,52.89,114.37,USD,2.0,4,Delivered
ORD-102166,"Aug 21, 2025",Meridian Express,Gothenburg,SE,Paris,FR,Economy,E-Commerce,32.01,45.62,EUR,4.0,7,Delivered
ORD-103591,2025-08-11,Baltica Logistics A/S,Gothenburg,SE,Amsterdam,NL,Express,Retail,32.59,184.97,EUR,2.0,2,Delivered
ORD-103115,2025-12-01,Hanseatic Lines,Rotterdam,NL,Paris,FR,Standard,Retail,28.12,76.45,EUR,6.0,4,Delayed
ORD-100524,"Aug 22, 2025",Vantage Freight,Gothenburg,SE,Berlin,DE,Standard,E-Commerce,21.06,59.47,EUR,3.0,4,Delivered
ORD-103808,10/12/2025, Meridian Express,Hamburg,DE,Geneva,CH,Standard,Wholesale,17.72,63.82,EUR,4.0,4,Delivered
ORD-101284,2025-09-26 00:00:00,MERIDIAN EXPRESS,Hamburg,DE,Turin,IT,Economy,Retail,31.34,47.62,EUR,4.0,7,Delivered
ORD-104253,03/09/2025,Meridian Expr,Rotterdam,NL,Brno,CZ,Standard,Industrial,12.95,62.53,EUR,4.0,4,Delivered
ORD-101094,28/08/2025,baltica,Gothenburg,SE,Krakow,PL,Economy,Retail,29.75,644.3,SEK,5.0,7,Delivered
ORD-101183,2025-11-03 00:00:00,nordfrakt,Barcelona,ES,Copenhagen,DK,Express,Wholesale,13.04,102.55,EUR,2.0,2,Delivered
ORD-100224,,Nordfrakt,Rotterdam,NL,Vienna,AT,Standard,Retail,7.91,50.37,USD,3.0,4,Delivered
ORD-103028,02/07/2025, Nordfrakt ,Milan,IT,Vienna,AT,Express,E-Commerce,46.23,1868.8,EUR,2.0,2,Delivered
ORD-103851,2025-03-26 00:00:00,Vantage,Rotterdam,NL,Stockholm,SE,Standard,Industrial,34.96,54.75,USD,2.0,4,Delivered
ORD-104627,"Jun 08, 2025", Meridian Express,Milan,IT,Frankfurt,DE,Express,Wholesale,16.62,110.73,EUR,2.0,2,Delivered
ORD-104310,2025-12-11 00:00:00,kestrel,Gothenburg,SE, Berlin ,DE,Economy,Retail,68.46,103.0,EUR,5.0,7,Delivered
ORD-101371,2025-09-05 00:00:00,Nordfrakt,Milan,IT,Tampere,FI,Standard,Industrial,27.25,71.83,USD,5.0,4,Delayed
ORD-104130,2025-03-05 00:00:00,Meridian Expr,Rotterdam,NL,Munich,DE,Standard,Industrial,8.55,47.01,EUR,2.0,4,Delivered
ORD-100684,2025-06-01,Meridian Expr,Gothenburg,SE,Cologne,DE,Express,Industrial,18.56,107.01,EUR,2.0,2,In Transit
ORD-104894,2025-11-20 00:00:00,nordfrakt,Rotterdam,NL,Geneva,CH,Economy,Wholesale,57.41,72.25,EUR,6.0,7,Delivered
ORD-104882,2025-12-01 00:00:00,kestrel,Rotterdam,NL,Gdansk,PL,Express,Industrial,55.89,208.36,EUR,3.0,2,Delayed
ORD-100632,2025-10-27,Vantage Freight Ltd,Gothenburg,SE,Zurich,CH,Economy,Industrial,18.12,49.84,EUR,4.0,7,Delivered
ORD-101306,"Jul 18, 2025",Vantage Freight,Gothenburg,SE,Tampere,FI,Economy,E-Commerce,8.04,32.31,EUR,6.0,7,Delivered
ORD-103113,,baltica,Gothenburg,SE,Valencia,ES,Express,Wholesale,40.83,204.94,EUR,3.0,2,Delayed
ORD-103986,2025-08-18,kestrel,Barcelona,ES,Aarhus,DK,Standard,Retail,28.65,71.93,EUR,2.0,4,DELIVERED
ORD-100745,2025-09-16 00:00:00,KESTREL PARCEL,Barcelona,ES,Munich,DE,Express,Wholesale,53.27,167.51,EUR,2.0,2,Delivered
ORD-100141,26/06/2025,vantage freight,Gothenburg,SE,Valencia,ES,Economy,Industrial,12.25,42.07,EUR,6.0,7,Delivered
ORD-101115,2025-11-25,Kestrel Parcel,Gothenburg,SE,Berlin,DE,Express,E-Commerce,46.37,216.83,EUR,2.0,2,Delivered
ORD-103668,20/10/2025,nordfrakt,Rotterdam,NL,Zurich,CH,Express,Industrial,141.3,3871.73,SEK,2.0,2,Delivered
ORD-100200,2025-09-18 00:00:00,Baltica Log.,Hamburg,DE,Oslo,NO,Standard,Retail,8.66,52.36,EUR,4.0,4,Delivered
ORD-102713,"Dec 11, 2025",Hanseatic Line,Hamburg,DE,Malmo,SE,Standard,E-Commerce,59.28,102.26,EUR,3.0,4,Delivered
ORD-103503,2025-06-19 00:00:00,KESTREL PARCEL,Rotterdam,NL,Aarhus,DK,Standard,Industrial,18.03,66.39,EUR,2.0,4,Delivered
ORD-102607,"Jul 21, 2025",Hanseatic Lines,Gothenburg,SE,Vienna,AT,Economy,Industrial,20.35,49.28,EUR,7.0,7,Delivered
ORD-104735,"Oct 16, 2025",Vantage Freight,Hamburg,DE,Rome,IT,Economy,Industrial,57.79,94.77,EUR,5.0,7,Delivered
ORD-103371,"Jul 09, 2025",MERIDIAN EXPRESS,Hamburg,DE,Eindhoven,NL,Standard,Wholesale,18.52,57.52,EUR,2.0,4,Delivered
ORD-102561,13/09/2025,Nordfrakt,Milan,IT,Warsaw,PL,Express,Industrial,13.84,105.34,EUR,2.0,2,Delivered
ORD-104733,23/07/2025,MERIDIAN EXPRESS,Rotterdam,NL,Frankfurt,DE,Economy,Industrial,15.99,40.03,USD,4.0,7,Delivered
ORD-103820,"May 09, 2025",Kestrel Parcels AB,Rotterdam,NL,Gothenburg,SE,Economy,Industrial,32.24,50.08,EUR,4.0,7,In Transit
ORD-104325,2025-10-02 00:00:00,baltica,Gothenburg,SE,Turin,IT,Standard,Wholesale,19.86,93.62,EUR,3.0,4,Delivered
ORD-103873,"Nov 17, 2025",nordfrakt,Rotterdam,NL, Gothenburg ,SE,Express,Wholesale,28.12,110.28,EUR,1.0,2,DELIVERED
ORD-103690,2025-10-07 00:00:00,kestrel,Rotterdam,NL,Berlin,DE,Standard,Wholesale,16.22,58.42,USD,4.0,4,Delivered
ORD-104093,"Oct 31, 2025", Nordfrakt ,Barcelona,ES,Amsterdam,NL,Standard,Retail,21.28,71.63,EUR,2.0,4,In Transit
ORD-102750,2025-07-14,Nordfrakt AB,Gothenburg,SE,Marseille,FR,Standard,Retail,19.42,79.86,USD,3.0,4,Delivered
ORD-103538,2025-12-15 00:00:00,Vantage,Rotterdam,NL,Zurich,CH,Standard,Industrial,18.04,61.17,EUR,4.0,4,Delivered
ORD-102019,2025-11-09,Vantage Freight Ltd,Milan,IT,Helsinki,FI,Standard,Retail,12.27,75.63,USD,4.0,4,Delivered
ORD-101050,05/12/2025,Kestrel Parcels AB,Gothenburg,SE,Zurich,CH,Economy,E-Commerce,25.06,48.64,EUR,8.0,7,Delayed
ORD-103328,2025-10-02 00:00:00,Vantage Freight,Rotterdam,NL,Gdansk,PL,Express,E-Commerce,13.15,1312.92,SEK,2.0,2,Delivered
ORD-100592,2025-07-10,Vantage,Gothenburg,SE,Zurich,CH,Economy,Industrial,36.13,63.65,USD,5.0,7,Delivered
ORD-103203,2025-05-16,Meridian Express,Gothenburg,SE,Cologne,DE,Express,E-Commerce,34.76,159.6,EUR,1.0,2,Delivered
ORD-104650,2025-10-06,vantage freight,Milan,IT,Amsterdam,NL,Express,Retail,15.72,95.94,USD,1.0,2,Delivered
ORD-102788,"Mar 03, 2025",Vantage Freight Ltd,Rotterdam,NL,Gothenburg,SE,Economy,Wholesale,27.4,54.72,EUR,3.0,7,Delivered
ORD-100163,2025-10-10,Vantage Freight,Gothenburg,SE,Amsterdam,NL,Express,E-Commerce,19.08,87.74,EUR,2.0,2,Delivered
ORD-101409,"Aug 03, 2025", Meridian Express,Gothenburg,SE,Aarhus,DK,Economy,Wholesale,31.49,57.82,EUR,3.0,7,Delivered
ORD-104919,"Dec 15, 2025",baltica,Milan,IT,Gdansk,PL,Standard,Retail,49.04,119.32,EUR,5.0,4,Delayed
ORD-101354,2025-06-30, Nordfrakt ,Hamburg,DE,Gothenburg,SE,Economy,E-Commerce,4.84,21.02,EUR,3.0,7,DELIVERED
ORD-102923,22/12/2025,Baltica Log.,Milan,IT,Amsterdam,NL,Economy,Wholesale,42.78,71.19,EUR,4.0,7,Delivered
ORD-101930,"Apr 21, 2025",Vantage,Rotterdam,NL,Tampere,FI,Standard,Retail,55.91,108.73,EUR,5.0,4,Delayed
ORD-102306,2025-08-26 00:00:00,Meridian Expr,Hamburg,DE, Cologne ,DE,Economy,Industrial,48.1,60.81,EUR,5.0,7,Delivered
ORD-100418,2025-08-10 00:00:00,Nordfrakt,Gothenburg,SE,Tampere,FI,Standard,E-Commerce,25.7,87.17,EUR,4.0,4,Delivered
ORD-100283,2025-11-25,MERIDIAN EXPRESS,Rotterdam,NL,Aarhus,DK,Standard,Wholesale,49.7,114.19,EUR,,4,Cancelled
ORD-101720,2025-04-18,Hanseatic Line,Hamburg,DE,Aarhus,DK,Express,Wholesale,21.0,141.5,USD,3.0,2,Delayed
ORD-100871,19/06/2025,Baltica Logistics A/S,Gothenburg,SE,Eindhoven,NL,Standard,Retail,31.25,795.76,SEK,3.0,4,Delivered
ORD-102976,2025-11-27,Hanseatic Lines,Milan,IT,Prague,CZ,Economy,Wholesale,36.86,62.13,EUR,6.0,7,Delivered
ORD-100314,14/07/2025,Kestrel Parcel,Gothenburg,SE,Frankfurt,DE,Standard,Retail,40.96,83.62,EUR,4.0,4,Delivered
ORD-101696,13/11/2025,Meridian Expr,Rotterdam,NL, Valencia ,ES,Economy,Industrial,27.89,66.19,EUR,6.0,7,Delivered
ORD-102990,"Nov 06, 2025",Meridian Expr,Gothenburg,SE,Prague,CZ,Economy,Retail,18.05,,EUR,4.0,7,Delivered
ORD-102345,2025-07-21 00:00:00,nordfrakt,Hamburg,DE,Amsterdam,NL,Standard,Wholesale,16.95,48.82,EUR,2.0,4,Delivered
ORD-101469,2025-04-03 00:00:00,MERIDIAN EXPRESS,Gothenburg,SE,Zurich,CH,Express,Wholesale,16.17,138.92,EUR,2.0,2,Delivered
ORD-103811,31/10/2025, Nordfrakt ,Gothenburg,SE,Lyon,FR,Standard,Industrial,19.75,56.45,EUR,4.0,4,In Transit
ORD-100399,18/08/2025,Baltica Log.,Gothenburg,SE,Helsinki,FI,Express,Wholesale,13.93,,SEK,3.0,2,Delayed
ORD-104081,04/08/2025,Hanseatic Lines,Gothenburg,SE,Gdansk,PL,Standard,Retail,11.18,63.36,EUR,5.0,4,Delayed
ORD-103037,2025-05-26 00:00:00,Baltica Logistics A/S,Rotterdam,NL,Malmo,SE,Economy,Wholesale,25.01,37.88,EUR,4.0,7,Delivered
ORD-104460,2025-04-26, Nordfrakt ,Hamburg,DE,Copenhagen,DK,Standard,E-Commerce,44.8,102.82,EUR,3.0,4,Delivered
ORD-100375,2025-04-21,Baltica Logistics A/S,Gothenburg,SE,Munich,DE,Standard,Retail,17.18,54.0,EUR,3.0,4,Delivered
ORD-100883,26/05/2025,Kestrel Parcels AB,Milan,IT,Turin,IT,Standard,Wholesale,3.47,42.76,EUR,5.0,4,Delayed
ORD-102762,"Sep 17, 2025",Vantage Freight Ltd,Barcelona,ES,Oslo,NO,Economy,Retail,20.23,39.77,EUR,4.0,7,Delivered
ORD-100008,2025-06-19 00:00:00,Nordfrakt AB,Milan,IT,Madrid,ES,Standard,Retail,4.19,59.14,EUR,4.0,4,Delivered
ORD-102055,2025-09-18 00:00:00,Vantage Freight Ltd,Rotterdam,NL,Frankfurt,DE,Standard,Industrial,70.93,133.08,USD,3.0,4,Delivered
ORD-100898,"Apr 08, 2025",Vantage,Gothenburg,SE,Geneva,CH,Economy,Industrial,51.05,61.19,EUR,5.0,7,Delivered
ORD-102190,2025-09-16 00:00:00,Nordfrakt,Hamburg,DE,Manchester,GB,Standard,E-Commerce,17.63,58.05,EUR,3.0,4,Delivered
ORD-102679,2025-09-22 00:00:00,nordfrakt,Rotterdam,NL,Rome,IT,Express,E-Commerce,4.13,95.14,EUR,2.0,2,Delivered
ORD-100508,2025-07-26 00:00:00,Nordfrakt,Barcelona,ES,Frankfurt,DE,Standard,Industrial,11.21,57.21,USD,3.0,4,Delivered
ORD-104313,23/04/2025,Vantage Freight,Gothenburg,SE,Marseille,FR,Economy,E-Commerce,20.83,427.59,SEK,4.0,7,Delivered
ORD-100546,"Oct 22, 2025",Nordfrakt AB,Rotterdam,NL,Berlin,DE,Express,E-Commerce,29.54,1506.47,SEK,2.0,2,Delivered
ORD-103061,2025-08-18 00:00:00,Nordfrakt AB,Rotterdam,NL,Manchester,GB,Standard,Industrial,23.94,61.45,EUR,4.0,4,Delivered
ORD-102865,2025-03-20,Kestrel Parcel,Milan,IT, Frankfurt ,DE,Standard,Wholesale,5.75,47.49,USD,4.0,4,Delivered
ORD-104737,"Sep 18, 2025", Meridian Express,Rotterdam,NL,Graz,AT,Standard,Retail,26.07,87.99,EUR,3.0,4,Delivered
ORD-101550,2025-08-04 00:00:00,Vantage Freight,Barcelona,ES,Berlin,DE,Standard,Retail,18.44,65.81,EUR,3.0,4,Delivered
ORD-103887,"Jun 05, 2025",kestrel,Rotterdam,NL,Turin,IT,Standard,Industrial,17.72,85.19,USD,4.0,4,Delivered
ORD-103834,2025-05-17,Vantage Freight Ltd,Rotterdam,NL,Stockholm,SE,Economy,E-Commerce,15.46,34.51,USD,3.0,7,Delivered
ORD-103335,03/07/2025,Meridian Expr,Milan,IT,Madrid,ES,Economy,Wholesale,61.28,100.06,EUR,6.0,7,Delivered
ORD-103477,2025-12-17,Kestrel Parcel,Gothenburg,SE,Geneva,CH,Express,E-Commerce,33.26,185.45,USD,3.0,2,Delayed
ORD-102867,2025-05-26,Kestrel Parcels AB,Barcelona,ES,Copenhagen,DK,Economy,Industrial,34.93,83.77,USD,5.0,7,Delivered
ORD-101854,2025-04-28,Nordfrakt AB,Rotterdam,NL,Tampere,FI,Express,E-Commerce,20.61,108.82,EUR,3.0,2,Delayed
ORD-102685,,Kestrel Parcel,Gothenburg,SE,Zurich,CH,Express,Industrial,21.03,112.48,EUR,3.0,2,Delayed
ORD-101158,2025-09-29 00:00:00,Vantage Freight Ltd,Barcelona,ES,Tampere,FI,Express,E-Commerce,26.37,131.97,EUR,2.0,2,Delivered
ORD-102422,"Apr 28, 2025",Hanseatic Lines,Barcelona,ES,Gothenburg,SE,Standard,Industrial,24.98,78.21,USD,3.0,4,Delivered
ORD-100507,2025-07-15 00:00:00,Vantage Freight Ltd,Hamburg,DE,Rome,IT,Economy,E-Commerce,18.2,38.49,EUR,5.0,7,Delivered
ORD-102134,2025-10-28,Kestrel Parcel,Barcelona,ES, Malmo ,SE,Standard,E-Commerce,18.75,63.19,EUR,2.0,4,Delivered
ORD-102900,2025-12-04 00:00:00,Baltica Log.,Gothenburg,SE,Manchester,GB,Standard,Wholesale,33.36,101.14,EUR,5.0,4,Delayed
ORD-103433,2025-09-01,Kestrel Parcel,Gothenburg,SE,Geneva,CH,Standard,E-Commerce,7.82,54.11,USD,4.0,4,Delivered
ORD-100300,"Sep 16, 2025",Nordfrakt,Rotterdam,NL,Brno,CZ,Standard,Retail,6.39,51.06,EUR,4.0,4,Delivered
ORD-102441,2025-03-03,Baltica Log.,Gothenburg,SE,Malmo,SE,Economy,E-Commerce,9.23,31.67,EUR,3.0,7,Delivered
ORD-101703,"Jun 18, 2025", Nordfrakt ,Gothenburg,SE,Prague,CZ,Standard,Wholesale,9.43,53.22,USD,4.0,4,Delivered
ORD-102584,2025-09-09,Baltica Logistics,Rotterdam,NL,Gdansk,PL,Standard,E-Commerce,6.77,62.32,EUR,4.0,4,Delivered
ORD-103903,2025-03-07 00:00:00,hanseatic line,Hamburg,DE,Geneva,CH,Standard,Retail,5.6,53.61,USD,6.0,4,Delayed
ORD-103565,2025-07-22 00:00:00,Kestrel Parcels AB,Gothenburg,SE,Graz,AT,Standard,Retail,14.72,66.14,EUR,4.0,4,Delivered
ORD-104662,26/05/2025,Baltica Log.,Gothenburg,SE,Gdansk,PL,Standard,Wholesale,20.68,66.13,EUR,3.0,4,Delivered
ORD-100862,2025-05-06,nordfrakt,Gothenburg,SE,Cologne,DE,Standard,E-Commerce,40.08,79.03,EUR,4.0,4,Delivered
ORD-104763,"Jul 09, 2025",Meridian Express,Milan,IT,Graz,AT,Standard,Industrial,30.35,81.78,USD,4.0,4,Delivered
ORD-104397,2025-07-20 00:00:00,Kestrel Parcel,Gothenburg,SE, Copenhagen ,DK,Standard,Wholesale,17.28,688.68,SEK,2.0,4,DELIVERED
ORD-102128,"Apr 07, 2025",Kestrel Parcel,Gothenburg,SE,Bergen,NO,Economy,Industrial,5.82,31.99,EUR,6.0,7,Delivered
ORD-102852,2025-05-02 00:00:00,kestrel,Hamburg,DE, Geneva ,CH,Standard,Wholesale,37.32,110.65,USD,5.0,4,Delayed
ORD-103527,2025-04-19, Nordfrakt ,Hamburg,DE,Oslo,NO,Standard,Retail,44.68,99.47,EUR,,4,Delivered
ORD-103034,24/04/2025,HANSEATIC,Barcelona,ES,Malmo,SE,Economy,Retail,11.63,26.44,EUR,3.0,7,Delivered
ORD-100396,25/03/2025,KESTREL PARCEL,Gothenburg,SE,Copenhagen,DK,Standard,Retail,16.57,687.12,SEK,3.0,4,Delivered
ORD-100928,2025-10-16 00:00:00,HANSEATIC,Gothenburg,SE,Lyon,FR,Express,Industrial,50.05,,EUR,3.0,2,Delayed
ORD-100281,2025-11-23, Nordfrakt ,Gothenburg,SE,Brno,CZ,Standard,E-Commerce,6.29,62.26,EUR,3.0,4,Delivered
ORD-101578,2025-05-02,Baltica Log.,Hamburg,DE,Geneva,CH,Standard,Retail,41.57,112.35,EUR,4.0,4,Delivered
ORD-102776,12/12/2025,kestrel,Gothenburg,SE,Brno,CZ,Standard,Industrial,11.82,58.54,EUR,5.0,4,Delayed
ORD-100461,19/05/2025,Nordfrakt,Rotterdam,NL,Gdansk,PL,Economy,Retail,15.11,34.07,EUR,6.0,7,Delivered
ORD-100897,2025-03-31 00:00:00,hanseatic line,Hamburg,DE,Oslo,NO,Standard,Retail,48.76,105.73,EUR,5.0,4,Delayed
ORD-103561,2025-06-02 00:00:00,hanseatic line,Hamburg,DE,Gothenburg,SE,Economy,Retail,63.91,70.45,EUR,5.0,7,Delivered
ORD-103786,06/06/2025,Nordfrakt,Hamburg,DE,Amsterdam,NL,Standard,Industrial,5.0,41.36,EUR,2.0,4,Delivered
ORD-100802,09/12/2025, Meridian Express,Barcelona,ES,Marseille,FR,Standard,Wholesale,13.24,60.04,EUR,4.0,4,Delivered
ORD-104419,27/04/2025,nordfrakt,Barcelona,ES,Amsterdam,NL,Express,Industrial,35.43,139.65,EUR,1.0,2,Delivered
ORD-101051,17/09/2025,Baltica Log.,Rotterdam,NL,Amsterdam,NL,Express,Wholesale,75.85,231.49,EUR,2.0,2,DELIVERED
ORD-101341,2025-05-15 00:00:00, Nordfrakt ,Rotterdam,NL,Copenhagen,DK,Economy,E-Commerce,19.73,35.82,EUR,3.0,7,Delivered
ORD-100939,2025-12-05,Kestrel Parcels AB,Gothenburg,SE,Aarhus,DK,Express,Wholesale,22.4,116.21,EUR,2.0,2,Delivered
ORD-100069,"Nov 13, 2025",Vantage,Milan,IT,Amsterdam,NL,Economy,Wholesale,21.45,46.77,EUR,4.0,7,Delivered
ORD-104944,20/03/2025,KESTREL PARCEL,Barcelona,ES,Oslo,NO,Economy,E-Commerce,27.73,615.86,SEK,5.0,7,Delivered
ORD-102383,02/10/2025,Vantage Freight Ltd,Gothenburg,SE,Prague,CZ,Standard,Retail,25.41,85.25,EUR,4.0,4,Delivered
ORD-101271,2025-04-29,nordfrakt,Hamburg,DE,Frankfurt,DE,Express,Wholesale,20.95,115.25,EUR,2.0,2,Delivered
ORD-101325,"Jun 11, 2025",Vantage Freight,Barcelona,ES,Berlin,DE,Standard,Industrial,65.07,118.6,EUR,3.0,4,Delivered
ORD-104605,2025-11-14,MERIDIAN EXPRESS,Hamburg,DE,Gothenburg,SE,Standard,Wholesale,27.69,60.59,EUR,2.0,4,Delivered
ORD-100571,2025-10-15 00:00:00,KESTREL PARCEL,Gothenburg,SE,Cologne,DE,Standard,Retail,16.69,53.24,EUR,3.0,4,Delivered
ORD-100118,2025-07-14,Nordfrakt AB,Milan,IT,Tampere,FI,Express,E-Commerce,14.62,120.05,EUR,2.0,2,Delivered
ORD-103443,2025-06-29, Nordfrakt ,Hamburg,DE,Madrid,ES,Economy,Retail,4.81,376.42,SEK,6.0,7,Delivered
ORD-104985,2025-03-28 00:00:00,MERIDIAN EXPRESS,Rotterdam,NL,Gdansk,PL,Express,E-Commerce,36.28,164.31,USD,2.0,2,Delivered
ORD-104195,2025-11-27 00:00:00,Baltica Logistics A/S,Gothenburg,SE,Amsterdam,NL,Standard,E-Commerce,10.16,52.56,EUR,3.0,4,Delivered
ORD-101991,2025-10-27,Vantage Freight Ltd,Hamburg,DE,Amsterdam,NL,Express,Industrial,38.05,154.91,EUR,2.0,2,Delivered
ORD-100276,12/11/2025,vantage freight,Barcelona,ES,Graz,AT,Economy,E-Commerce,17.28,635.83,SEK,6.0,7,Delivered
ORD-101358,28/04/2025, Nordfrakt ,Hamburg,DE,Gothenburg,SE,Economy,E-Commerce,82.11,101.9,EUR,3.0,7,Delivered
ORD-101916,2025-08-02 00:00:00,Hanseatic Lines,Hamburg,DE,Oslo,NO,Standard,Retail,90.06,109.41,EUR,5.0,4,Delayed
ORD-104684,"Dec 09, 2025",Baltica Logistics,Gothenburg,SE,Helsinki,FI,Standard,Industrial,59.78,143.68,EUR,5.0,4,Delayed
ORD-104003,2025-11-03,Vantage Freight Ltd,Gothenburg,SE,Tampere,FI,Standard,Industrial,51.45,,USD,6.0,4,Delayed
ORD-102537,01/12/2025, Nordfrakt ,Gothenburg,SE,Paris,FR,Standard,Industrial,22.08,73.29,EUR,3.0,4,Delivered
ORD-101212,2025-11-08 00:00:00,Nordfrakt,Gothenburg,SE, Amsterdam ,NL,Standard,Industrial,19.5,68.2,EUR,3.0,4,Delivered
ORD-104841,07/05/2025, Nordfrakt ,Gothenburg,SE,Oslo,NO,Express,Wholesale,12.25,113.52,EUR,2.0,2,Delivered
ORD-100193,15/09/2025,Meridian Express,Gothenburg,SE,Cologne,DE,Standard,E-Commerce,4.1,50.05,USD,2.0,4,Delivered
ORD-100495,13/10/2025,Nordfrakt AB,Gothenburg,SE,Frankfurt,DE,Economy,Wholesale,19.32,36.76,EUR,5.0,7,Delivered
ORD-103474,2025-08-11,kestrel,Hamburg,DE,Berlin,DE,Standard,Retail,27.96,70.74,EUR,4.0,4,Delivered
ORD-103059,"Jul 29, 2025",MERIDIAN EXPRESS,Gothenburg,SE,Amsterdam,NL,Standard,E-Commerce,30.67,82.26,EUR,3.0,4,Delivered
ORD-101787,24/04/2025,Vantage Freight,Milan,IT,Lyon,FR,Economy,Wholesale,29.47,50.96,EUR,,7,Delivered
ORD-101740,"Oct 23, 2025",Vantage,Gothenburg,SE,Gothenburg,SE,Standard,Wholesale,60.07,120.33,USD,1.0,4,Delivered
ORD-101255,"Apr 16, 2025",Vantage,Gothenburg,SE,Zurich,CH,Economy,Industrial,11.33,40.7,EUR,5.0,7,Delivered
ORD-104312,2025-09-08 00:00:00,vantage freight,Rotterdam,NL,Malmo,SE,Standard,Retail,5.33,47.53,EUR,2.0,4,In Transit
ORD-102735,16/05/2025,Nordfrakt AB,Milan,IT,Krakow,PL,Standard,Industrial,29.13,698.6,EUR,4.0,4,Delivered
ORD-101308,14/10/2025,Nordfrakt AB,Gothenburg,SE,Paris,FR,Standard,Retail,32.82,73.94,EUR,3.0,4,Delivered
ORD-102201,05/03/2025,Vantage,Milan,IT,Vienna,AT,Express,Wholesale,33.74,174.05,EUR,2.0,2,DELIVERED
ORD-102731,12/12/2025,Nordfrakt AB,Rotterdam,NL,Warsaw,PL,Standard,Industrial,22.01,73.46,EUR,7.0,4,Delayed
ORD-100135,2025-08-14,Baltica Logistics A/S,Milan,IT,Bergen,NO,Express,Wholesale,61.87,2995.31,SEK,2.0,2,Delivered
ORD-104196,,Nordfrakt,Barcelona,ES,Frankfurt,DE,Standard,Retail,47.05,105.32,EUR,3.0,4,Delivered
ORD-101812,,Vantage Freight,Hamburg,DE,Frankfurt,DE,Standard,Wholesale,10.61,50.63,EUR,3.0,4,Delivered
ORD-103758,2025-04-14,Nordfrakt,Hamburg,DE,Helsinki,FI,Express,Retail,5.62,104.91,USD,2.0,2,In Transit
ORD-102587,2025-08-25 00:00:00,Vantage,Rotterdam,NL,Vienna,AT,Standard,Retail,12.17,48.9,EUR,4.0,4,Delivered
ORD-103710,"Sep 14, 2025",Hanseatic Lines,Rotterdam,NL, Malmo ,SE,Standard,E-Commerce,33.6,74.29,EUR,3.0,4,Delivered
ORD-103305,2025-07-18 00:00:00,Vantage Freight,Rotterdam,NL,Tampere,FI,Economy,Retail,40.92,72.08,EUR,5.0,7,Delivered
ORD-102242,2025-11-04 00:00:00, Nordfrakt ,Rotterdam,NL,Tampere,FI,Standard,Retail,45.45,107.44,EUR,5.0,4,Delayed
ORD-100754,30/12/2025,Vantage,Hamburg,DE,Berlin,DE,Standard,Retail,20.64,56.14,EUR,3.0,4,Delivered
ORD-102341,03/10/2025,MERIDIAN EXPRESS,Rotterdam,NL,Turin,IT,Express,E-Commerce,20.91,118.67,EUR,2.0,2,Delivered
ORD-101847,2025-12-23 00:00:00,hanseatic line,Rotterdam,NL,Malmo,SE,Standard,Retail,13.52,55.29,USD,3.0,4,Delivered
ORD-104464,31/10/2025,Vantage Freight,Rotterdam,NL,Warsaw,PL,Economy,E-Commerce,16.86,514.48,SEK,5.0,7,Delivered
ORD-101770,2025-09-02 00:00:00,baltica,Gothenburg,SE,Rome,IT,Standard,E-Commerce,20.83,80.98,EUR,4.0,4,Delivered
ORD-102305,2025-04-22,Hanseatic Lines,Gothenburg,SE,Paris,FR,Standard,Industrial,27.61,856.7,SEK,5.0,4,Delayed
ORD-102992,2025-06-15 00:00:00,MERIDIAN EXPRESS,Rotterdam,NL,Amsterdam,NL,Express,Retail,3.17,69.63,EUR,2.0,2,Delivered
ORD-100971,"Oct 16, 2025", Nordfrakt ,Gothenburg,SE,Bergen,NO,Economy,E-Commerce,34.62,52.24,EUR,4.0,7,Delivered
ORD-101379,2025-12-22 00:00:00,vantage freight,Gothenburg,SE,Madrid,ES,Standard,Industrial,2.82,53.39,EUR,4.0,4,DELIVERED
ORD-100545,"Mar 31, 2025",MERIDIAN EXPRESS,Rotterdam,NL,Gdansk,PL,Economy,Retail,39.86,68.12,USD,6.0,7,Delivered
ORD-100515,2025-04-27,Vantage,Rotterdam,NL,Bergen,NO,Express,Retail,12.88,88.83,EUR,1.0,2,Delivered
ORD-101285,27/03/2025,Baltica Log.,Rotterdam,NL,Cologne,DE,Standard,E-Commerce,9.54,45.86,USD,4.0,4,Delivered
ORD-104562,"Mar 12, 2025",Nordfrakt AB,Rotterdam,NL,Rome,IT,Express,E-Commerce,34.88,153.84,EUR,2.0,2,Delivered
ORD-104739,2025-12-12,baltica,Gothenburg,SE,Malmo,SE,Standard,E-Commerce,17.21,66.14,EUR,2.0,4,Delivered
ORD-100017,,baltica,Hamburg,DE,Malmo,SE,Standard,E-Commerce,29.88,68.18,USD,3.0,4,Delivered
ORD-101151,2025-12-03,vantage freight,Hamburg,DE, Prague ,CZ,Standard,E-Commerce,59.13,92.28,EUR,2.0,4,Delivered
ORD-100778,27/07/2025,nordfrakt,Gothenburg,SE,Eindhoven,NL,Express,Wholesale,6.26,55.42,EUR,2.0,2,Delivered
ORD-100252,2025-06-12,Kestrel Parcels AB,Rotterdam,NL,Munich,DE,Standard,E-Commerce,24.17,70.07,EUR,3.0,4,Delivered
ORD-100643,20/11/2025,Baltica Logistics A/S,Hamburg,DE,Copenhagen,DK,Express,Retail,27.05,139.49,EUR,2.0,2,Delivered
ORD-102338,24/03/2025, Nordfrakt ,Gothenburg,SE, Amsterdam ,NL,Standard,Retail,10.24,42.66,EUR,3.0,4,Delivered
ORD-103005,2025-09-22 00:00:00,baltica,Gothenburg,SE,Rome,IT,Economy,E-Commerce,37.11,57.34,EUR,8.0,7,Delayed
ORD-104366,2025-06-02,nordfrakt,Rotterdam,NL,Krakow,PL,Standard,Industrial,38.73,104.22,EUR,5.0,4,Delayed
ORD-102684,2025-12-03 00:00:00,MERIDIAN EXPRESS,Hamburg,DE,Gothenburg,SE,Standard,Industrial,54.49,106.67,EUR,2.0,4,Delivered
ORD-102449,03/06/2025,baltica,Gothenburg,SE,Munich,DE,Economy,E-Commerce,24.5,40.23,EUR,5.0,7,Delivered
ORD-104394,"Dec 05, 2025",Vantage Freight Ltd,Milan,IT,Eindhoven,NL,Standard,Wholesale,54.02,114.73,USD,,4,Delivered
ORD-101511,2025-07-04 00:00:00, Nordfrakt ,Rotterdam,NL,Rome,IT,Economy,Retail,16.2,48.49,EUR,,7,Cancelled
ORD-101010,2025-07-28 00:00:00,vantage freight,Rotterdam,NL,Helsinki,FI,Standard,Industrial,7.32,743.33,SEK,4.0,4,Delivered
ORD-102218,2025-08-05, Nordfrakt ,Hamburg,DE,Valencia,ES,Economy,E-Commerce,57.07,936.1,EUR,5.0,7,Delivered
ORD-103562,2025-10-17,Nordfrakt,Milan,IT,Cologne,DE,Economy,Industrial,23.53,56.95,USD,4.0,7,Delivered
ORD-102373,"Oct 06, 2025",KESTREL PARCEL,Hamburg,DE,Munich,DE,Standard,Retail,20.84,58.53,EUR,4.0,4,Delivered
ORD-104848,2025-05-26 00:00:00,Baltica Logistics,Rotterdam,NL,Gothenburg,SE,Economy,E-Commerce,3.72,28.7,EUR,3.0,7,Delivered
ORD-100902,"Jun 30, 2025",Vantage Freight,Hamburg,DE,Stockholm,SE,Standard,Industrial,130.15,264.65,USD,2.0,4,Delivered
ORD-101585,2025-08-22,Nordfrakt,Rotterdam,NL,Gdansk,PL,Economy,Wholesale,47.09,85.61,EUR,6.0,7,Delivered
ORD-102791,"May 26, 2025",Vantage,Gothenburg,SE,Prague,CZ,Express,E-Commerce,36.17,162.92,EUR,2.0,2,Delivered
ORD-103650,05/05/2025,Vantage Freight,Hamburg,DE,Geneva,CH,Standard,E-Commerce,33.92,106.12,USD,4.0,4,Delivered
ORD-104251,2025-09-29,vantage freight,Rotterdam,NL,Zurich,CH,Economy,Wholesale,31.04,51.26,EUR,6.0,7,Delivered
ORD-104595,24/03/2025,KESTREL PARCEL,Gothenburg,SE,Geneva,CH,Standard,Wholesale,22.09,80.0,EUR,5.0,4,Delayed
ORD-103692,2025-06-16,Meridian Express,Gothenburg,SE,Valencia,ES,Economy,Industrial,18.57,51.29,EUR,7.0,7,Delivered
ORD-101130,2025-10-10 00:00:00,Nordfrakt,Rotterdam,NL,Madrid,ES,Economy,Wholesale,99.99,159.01,USD,4.0,7,Delivered
ORD-103829,2025-05-22 00:00:00, Nordfrakt ,Rotterdam,NL,Malmo,SE,Standard,Retail,19.7,52.33,EUR,2.0,4,Delivered
ORD-100847,2025-03-31,vantage freight,Milan,IT,Rome,IT,Standard,Wholesale,11.59,57.17,EUR,3.0,4,Delivered
ORD-103956,"Dec 12, 2025",Vantage Freight Ltd,Gothenburg,SE,Graz,AT,Standard,Wholesale,14.8,63.65,EUR,4.0,4,Delivered
ORD-104384,"Sep 29, 2025",Nordfrakt,Gothenburg,SE,Gdansk,PL,Economy,Retail,10.33,33.95,EUR,5.0,7,Delivered
ORD-104070,"Apr 23, 2025",Meridian Expr,Gothenburg,SE,Malmo,SE,Standard,E-Commerce,7.16,37.88,EUR,2.0,4,Delivered
ORD-102645,"Mar 04, 2025",Baltica Logistics A/S,Gothenburg,SE,Geneva,CH,Economy,Wholesale,39.21,68.51,EUR,6.0,7,Delivered
ORD-104099,"Sep 01, 2025",Nordfrakt AB,Rotterdam,NL,Gothenburg,SE,Standard,Wholesale,8.67,44.67,EUR,2.0,4,Delivered
ORD-101465,01/05/2025,Baltica Log.,Rotterdam,NL,Lyon,FR,Express,Retail,8.28,98.78,EUR,2.0,2,Delivered
ORD-104179,"Nov 12, 2025",hanseatic line,Barcelona,ES,Madrid,ES,Standard,Wholesale,30.89,93.95,EUR,6.0,4,Delayed
ORD-100442,2025-05-12 00:00:00, Meridian Express,Barcelona,ES,London,GB,Express,E-Commerce,12.31,127.93,EUR,1.0,2,Delivered
ORD-102594,15/08/2025,Baltica Logistics,Gothenburg,SE, Krakow ,PL,Express,Wholesale,9.35,97.78,EUR,3.0,2,Delayed
ORD-103083,"Jul 11, 2025",Baltica Logistics A/S,Rotterdam,NL,Geneva,CH,Standard,Wholesale,13.94,66.4,EUR,5.0,4,Delayed
ORD-104794,2025-10-06 00:00:00, Meridian Express,Gothenburg,SE,Malmo,SE,Standard,Industrial,14.01,47.6,EUR,2.0,4,Delivered
ORD-100907,"Jun 04, 2025", Nordfrakt ,Hamburg,DE,Malmo,SE,Standard,Retail,14.69,655.45,SEK,2.0,4,Delivered
ORD-101776,"Sep 01, 2025",Kestrel Parcel,Milan,IT,Stockholm,SE,Economy,Industrial,10.29,351.37,SEK,3.0,7,Delivered
ORD-100234,26/11/2025,Kestrel Parcel,Barcelona,ES,Stockholm,SE,Standard,Industrial,3.72,32.28,EUR,3.0,4,Delivered
ORD-100149,02/04/2025,vantage freight,Barcelona,ES,Marseille,FR,Express,E-Commerce,24.55,131.46,EUR,2.0,2,Delivered
ORD-102270,"Aug 25, 2025", Nordfrakt ,Barcelona,ES,Eindhoven,NL,Standard,Retail,26.51,78.82,USD,2.0,4,Delivered
ORD-101919,"Dec 16, 2025", Nordfrakt ,Barcelona,ES,Malmo,SE,Standard,Wholesale,17.97,53.22,EUR,2.0,4,Delivered
ORD-102391,"Jun 16, 2025",Baltica Logistics,Gothenburg,SE,Aarhus,DK,Express,Wholesale,35.51,155.69,EUR,2.0,2,Delivered
ORD-101769,17/06/2025,Nordfrakt AB,Hamburg,DE,Amsterdam,NL,Standard,Retail,20.63,63.26,EUR,3.0,4,Delivered
ORD-100278,"Apr 07, 2025",Meridian Expr,Hamburg,DE,Lyon,FR,Economy,Industrial,18.79,41.52,EUR,4.0,7,Delivered
ORD-103854,2025-11-20 00:00:00,Meridian Express,Gothenburg,SE,Brno,CZ,Standard,Industrial,54.33,138.37,EUR,4.0,4,Delivered
ORD-100026,07/10/2025,Baltica Logistics,Hamburg,DE,Valencia,ES,Standard,E-Commerce,50.27,121.64,USD,4.0,4,Delivered
ORD-101871,2025-06-23 00:00:00,Vantage Freight,Rotterdam,NL,Gdansk,PL,Standard,Wholesale,17.86,67.13,USD,5.0,4,Delayed
ORD-100582,"Apr 28, 2025",Vantage Freight,Rotterdam,NL,Helsinki,FI,Standard,Industrial,32.69,105.55,USD,4.0,4,Delivered
ORD-101736,"Dec 02, 2025",Nordfrakt AB,Hamburg,DE,Graz,AT,Economy,Industrial,23.77,54.05,USD,6.0,7,Delivered
ORD-103724,2025-03-05, Meridian Express,Milan,IT,Cologne,DE,Standard,Wholesale,9.1,55.2,EUR,2.0,4,Delivered
ORD-104043,2025-04-29,Vantage Freight,Gothenburg,SE,Amsterdam,NL,Standard,E-Commerce,7.27,39.57,EUR,2.0,4,Delivered
ORD-101463,"Mar 28, 2025",Meridian Express,Rotterdam,NL,Oslo,NO,Economy,Industrial,30.62,48.57,EUR,4.0,7,Delivered
ORD-101428,"Jul 25, 2025",Baltica Log.,Rotterdam,NL,Gothenburg,SE,Express,Wholesale,30.02,111.51,EUR,1.0,2,Delivered
ORD-103944,2025-05-11 00:00:00,nordfrakt,Gothenburg,SE,Marseille,FR,Standard,E-Commerce,3.07,437.19,SEK,3.0,4,Delivered
ORD-104517,02/04/2025, Nordfrakt ,Gothenburg,SE,Gdansk,PL,Standard,Retail,17.85,53.87,EUR,4.0,4,Delivered
ORD-100504,29/07/2025, Meridian Express,Milan,IT,Valencia,ES,Standard,E-Commerce,11.82,62.57,EUR,4.0,4,Delivered
ORD-100057,2025-05-26 00:00:00, Meridian Express,Gothenburg,SE,Malmo,SE,Economy,Retail,16.89,38.68,EUR,3.0,7,Delivered
ORD-104455,06/04/2025,Nordfrakt,Gothenburg,SE,Valencia,ES,Standard,Industrial,48.85,131.96,USD,3.0,4,Delivered
ORD-101472,2025-11-03,Baltica Log.,Barcelona,ES, Graz ,AT,Express,Wholesale,1.72,94.0,EUR,2.0,2,Delivered
ORD-102321,"Mar 20, 2025",Baltica Logistics,Barcelona,ES,Oslo,NO,Economy,E-Commerce,110.62,132.85,EUR,6.0,7,Delivered
ORD-103277,14/07/2025,Baltica Logistics A/S,Milan,IT,Gothenburg,SE,Economy,E-Commerce,46.45,70.21,EUR,3.0,7,Delivered
ORD-101453,2025-07-14 00:00:00,Meridian Express,Barcelona,ES,Gothenburg,SE,Standard,Industrial,23.57,66.74,EUR,2.0,4,Delivered
ORD-101589,2025-03-17,Hanseatic Lines,Rotterdam,NL,Vienna,AT,Express,Industrial,20.84,130.63,USD,2.0,2,Delivered
ORD-102873,2025-06-30,Kestrel Parcel,Rotterdam,NL,Lyon,FR,Express,Industrial,8.62,80.19,EUR,3.0,2,DELAYED
ORD-104971,"Sep 27, 2025",Baltica Logistics,Milan,IT,Cologne,DE,Standard,Retail,20.62,52.02,EUR,4.0,4,Delivered
ORD-102881,"Jul 08, 2025",Vantage Freight,Gothenburg,SE,Cologne,DE,Standard,Industrial,16.95,885.78,SEK,3.0,4,Delivered
ORD-104788,2025-08-18,nordfrakt,Rotterdam,NL,Geneva,CH,Standard,Industrial,11.0,58.44,USD,,4,Delivered
ORD-100833,19/05/2025,vantage freight,Gothenburg,SE,Gothenburg,SE,Express,Retail,20.65,95.53,EUR,1.0,2,Delivered
ORD-103550,2025-10-28,kestrel,Barcelona,ES,Malmo,SE,Standard,E-Commerce,30.06,72.55,EUR,2.0,4,Delivered
ORD-102799,06/10/2025,Nordfrakt,Hamburg,DE,Tampere,FI,Express,Retail,24.68,146.43,USD,2.0,2,Delivered
ORD-101164,09/12/2025,Nordfrakt AB,Hamburg,DE,Oslo,NO,Standard,Industrial,7.34,58.68,EUR,4.0,4,Delivered
ORD-104655,17/06/2025,Vantage Freight Ltd,Hamburg,DE,Prague,CZ,Standard,Retail,15.93,50.93,EUR,3.0,4,DELIVERED
ORD-102775,"Aug 13, 2025",Nordfrakt,Hamburg,DE,Gothenburg,SE,Economy,Retail,15.78,35.15,EUR,3.0,7,Delivered
ORD-100542,2025-06-15, Meridian Express,Gothenburg,SE,Copenhagen,DK,Express,E-Commerce,29.15,170.71,EUR,1.0,2,Delivered
ORD-101491,2025-11-24,Vantage Freight,Rotterdam,NL,Munich,DE,Express,Retail,30.14,143.15,EUR,2.0,2,Delivered
ORD-103324,"Oct 24, 2025",Baltica Logistics A/S,Gothenburg,SE,Frankfurt,DE,Standard,Industrial,35.74,94.53,USD,3.0,4,Delivered
ORD-103987,2025-04-09 00:00:00,Vantage,Gothenburg,SE,Geneva,CH,Standard,Retail,20.29,79.7,EUR,3.0,4,Delivered
ORD-104289,2025-08-17,Vantage,Barcelona,ES,Gothenburg,SE,Economy,Industrial,61.37,86.48,USD,3.0,7,Delivered
ORD-103133,2025-04-14 00:00:00,kestrel,Milan,IT,Graz,AT,Standard,Wholesale,27.98,993.63,SEK,4.0,4,In Transit
ORD-100565,2025-07-08 00:00:00, Meridian Express,Rotterdam,NL,Warsaw,PL,Standard,Wholesale,43.54,80.94,EUR,4.0,4,Delivered
ORD-103900,2025-12-10, Nordfrakt ,Gothenburg,SE,Gdansk,PL,Standard,Industrial,74.75,127.19,EUR,4.0,4,Delivered
ORD-100613,29/09/2025,kestrel,Gothenburg,SE, Cologne ,DE,Standard,Industrial,6.84,58.37,USD,3.0,4,Delivered
ORD-104212,"Oct 15, 2025", Nordfrakt ,Milan,IT,Stockholm,SE,Economy,Retail,36.57,34.94,EUR,3.0,7,Delivered
ORD-102911,2025-04-21, Meridian Express,Gothenburg,SE,Tampere,FI,Express,Retail,5.34,109.2,USD,3.0,2,Delayed
ORD-104738,2025-09-09 00:00:00,HANSEATIC,Gothenburg,SE,Helsinki,FI,Standard,Retail,11.59,65.33,EUR,6.0,4,Delayed
ORD-101978,2025-04-01 00:00:00,Vantage Freight Ltd,Milan,IT,Berlin,DE,Standard,Wholesale,18.65,62.73,EUR,2.0,4,Delivered
ORD-103504,"Mar 10, 2025",HANSEATIC,Gothenburg,SE,Geneva,CH,Economy,E-Commerce,10.8,39.42,USD,7.0,7,Delivered
ORD-102508,10/10/2025,Baltica Logistics,Barcelona,ES,Aarhus,DK,Express,Wholesale,13.12,89.19,EUR,-2.0,2,Delivered
ORD-103951,29/06/2025,vantage freight,Barcelona,ES,Copenhagen,DK,Express,Industrial,34.42,180.17,EUR,2.0,2,Delivered
ORD-101693,2025-10-03,Baltica Logistics,Milan,IT,Berlin,DE,Standard,Retail,4.0,43.87,EUR,3.0,4,Delivered
ORD-101617,"Dec 04, 2025",MERIDIAN EXPRESS,Milan,IT,Oslo,NO,Express,Industrial,47.31,212.59,EUR,2.0,2,DELIVERED
ORD-100032,"Apr 21, 2025", Meridian Express,Gothenburg,SE,Warsaw,PL,Economy,E-Commerce,37.58,76.24,EUR,7.0,7,Delivered
ORD-102199,2025-06-02,Meridian Expr,Gothenburg,SE,Krakow,PL,Standard,E-Commerce,13.59,69.13,EUR,3.0,4,Delivered
ORD-100114,2025-12-03,Baltica Log.,Hamburg,DE,Madrid,ES,Standard,Wholesale,21.76,92.88,EUR,6.0,4,Delayed
ORD-103016,"Dec 18, 2025",baltica,Milan,IT,Berlin,DE,Standard,E-Commerce,16.8,51.31,EUR,4.0,4,Delivered
ORD-100820,2025-03-14,Meridian Expr,Gothenburg,SE,Rome,IT,Express,Wholesale,41.98,233.27,USD,2.0,2,Delivered
ORD-103992,16/05/2025,Nordfrakt AB,Gothenburg,SE,Copenhagen,DK,Economy,Wholesale,14.69,32.34,EUR,5.0,7,Delivered
ORD-101098,2025-03-24, Nordfrakt ,Barcelona,ES,Manchester,GB,Economy,Retail,13.83,50.35,EUR,5.0,7,In Transit
ORD-101363,2025-06-19 00:00:00, Nordfrakt ,Gothenburg,SE,Cologne,DE,Standard,Industrial,31.48,76.63,EUR,2.0,4,In Transit
ORD-103038,2025-08-04 00:00:00,Meridian Express,Gothenburg,SE,Valencia,ES,Economy,Industrial,59.71,97.54,EUR,7.0,7,Delivered
ORD-102981,03/04/2025,nordfrakt,Hamburg,DE,Zurich,CH,Express,E-Commerce,66.12,272.44,EUR,2.0,2,Delivered
ORD-104485,2025-09-19 00:00:00,Kestrel Parcels AB,Hamburg,DE,Brno,CZ,Standard,Wholesale,3.1,52.05,USD,4.0,4,Delivered
ORD-102091,2025-08-27 00:00:00,vantage freight,Barcelona,ES,Eindhoven,NL,Express,E-Commerce,33.22,154.3,EUR,1.0,2,Delivered
ORD-101851,2025-07-18,kestrel,Rotterdam,NL,Munich,DE,Standard,E-Commerce,29.44,71.31,EUR,4.0,4,Delivered
ORD-101522,"Jun 16, 2025", Nordfrakt ,Hamburg,DE,Graz,AT,Express,Industrial,13.68,130.89,EUR,2.0,2,Delivered
ORD-100217,2025-04-22,Baltica Logistics,Gothenburg,SE,Warsaw,PL,Standard,Retail,23.69,97.03,USD,4.0,4,Delivered
ORD-103276,2025-04-09 00:00:00,baltica,Hamburg,DE,Munich,DE,Economy,Wholesale,12.25,41.84,USD,5.0,7,Delivered
ORD-100189,2025-08-13,kestrel,Milan,IT,Brno,CZ,Express,Retail,75.46,203.64,EUR,2.0,2,Delivered
ORD-103816,2025-11-04,Baltica Log.,Gothenburg,SE, Malmo ,SE,Standard,Retail,12.03,41.78,EUR,3.0,4,Delivered
ORD-101621,03/03/2025,kestrel,Gothenburg,SE,Cologne,DE,Economy,E-Commerce,27.35,59.5,EUR,4.0,7,Delivered
ORD-100553,2025-08-22,Nordfrakt,Rotterdam,NL,Gothenburg,SE,Standard,E-Commerce,61.15,1148.57,SEK,2.0,4,Delivered
ORD-100404,"Dec 01, 2025",baltica,Milan,IT,Stockholm,SE,Express,Wholesale,16.07,1220.0,SEK,1.0,2,Delivered
ORD-100666,2025-12-02, Meridian Express,Hamburg,DE,Cologne,DE,Economy,Wholesale,33.55,63.53,EUR,5.0,7,Delivered
ORD-102501,2025-04-24,Meridian Expr,Gothenburg,SE,Gothenburg,SE,Standard,E-Commerce,25.65,78.91,USD,2.0,4,Delivered
ORD-103655,2025-11-20,Nordfrakt,Rotterdam,NL,Gothenburg,SE,Express,Industrial,10.96,90.41,EUR,1.0,2,Delivered
ORD-102204,05/11/2025,nordfrakt,Rotterdam,NL,Frankfurt,DE,Standard,Industrial,34.19,75.12,EUR,3.0,4,Delivered
ORD-100485,2025-07-06 00:00:00,nordfrakt,Milan,IT,Frankfurt,DE,Standard,Wholesale,29.96,91.25,EUR,3.0,4,Delivered
ORD-103453,2025-09-08, Meridian Express,Rotterdam,NL,Prague,CZ,Standard,E-Commerce,39.23,86.99,EUR,3.0,4,Delivered
ORD-103513,2025-05-19 00:00:00,MERIDIAN EXPRESS,Milan,IT,Amsterdam,NL,Standard,Retail,35.48,86.5,EUR,2.0,4,Delivered
ORD-103180,"Jul 01, 2025",hanseatic line,Hamburg,DE,Manchester,GB,Express,Wholesale,24.23,127.49,EUR,3.0,2,Delayed
ORD-104220,2025-05-01,Kestrel Parcel,Hamburg,DE,Graz,AT,Standard,E-Commerce,10.42,582.61,SEK,3.0,4,Delivered
ORD-103941,2025-08-19 00:00:00,Baltica Logistics A/S,Barcelona,ES,Vienna,AT,Economy,E-Commerce,39.04,53.13,EUR,6.0,7,Delivered
ORD-100158,,Kestrel Parcel,Rotterdam,NL,Brno,CZ,Standard,Retail,28.78,88.09,EUR,4.0,4,Delivered
ORD-102253,01/12/2025,kestrel,Rotterdam,NL,Rome,IT,Standard,Industrial,71.9,148.56,EUR,5.0,4,Delayed
ORD-104740,2025-07-24,Meridian Expr,Hamburg,DE,Frankfurt,DE,Express,Retail,10.26,101.08,EUR,2.0,2,Delivered
ORD-101123,14/07/2025,KESTREL PARCEL,Gothenburg,SE,Stockholm,SE,Standard,Wholesale,18.28,60.34,EUR,2.0,4,Delivered
ORD-104349,2025-09-10,Nordfrakt,Milan,IT,Madrid,ES,Standard,Retail,41.66,100.75,EUR,4.0,4,Delivered
ORD-102462,"Nov 17, 2025",Vantage Freight,Gothenburg,SE,Copenhagen,DK,Economy,Industrial,34.65,66.55,EUR,3.0,7,Delivered
ORD-100555,"Dec 02, 2025",MERIDIAN EXPRESS,Gothenburg,SE,Turin,IT,Economy,Industrial,42.8,87.7,EUR,7.0,7,Delivered
ORD-102326,"Sep 04, 2025",Nordfrakt,Gothenburg,SE,Berlin,DE,Standard,Retail,5.87,47.54,EUR,3.0,4,Delivered
ORD-102807,"Aug 18, 2025",vantage freight,Rotterdam,NL,Munich,DE,Standard,Wholesale,13.44,68.95,EUR,3.0,4,Delivered
ORD-104345,"Dec 01, 2025",Meridian Expr,Hamburg,DE,Frankfurt,DE,Standard,Retail,26.4,79.23,EUR,4.0,4,Delivered
ORD-102311,2025-04-07 00:00:00,Baltica Logistics A/S,Rotterdam,NL, Helsinki ,FI,Express,E-Commerce,28.57,166.18,USD,2.0,2,Delivered
ORD-101455,"Apr 07, 2025",Nordfrakt AB,Milan,IT,Amsterdam,NL,Standard,Industrial,30.44,82.01,EUR,2.0,4,Delivered
ORD-104126,2025-03-26 00:00:00,Hanseatic Lines,Rotterdam,NL, Vienna ,AT,Standard,Wholesale,35.06,82.47,USD,7.0,4,Delayed
ORD-104772,"Jun 06, 2025", Meridian Express,Gothenburg,SE, Marseille ,FR,Standard,E-Commerce,33.14,92.63,EUR,4.0,4,Delivered
ORD-100326,2025-07-08 00:00:00,baltica,Gothenburg,SE,Lyon,FR,Standard,Retail,29.76,93.49,EUR,4.0,4,DELIVERED
ORD-102209,2025-05-15 00:00:00,KESTREL PARCEL,Barcelona,ES,Tampere,FI,Express,Industrial,22.04,124.48,EUR,3.0,2,Delayed
ORD-103567,24/05/2025,baltica,Gothenburg,SE,Vienna,AT,Economy,E-Commerce,27.4,62.81,EUR,4.0,7,Delivered
ORD-103499,2025-11-03,nordfrakt,Barcelona,ES,Eindhoven,NL,Standard,E-Commerce,28.4,90.89,EUR,3.0,4,Delivered
ORD-101419,"Nov 17, 2025",Nordfrakt AB,Gothenburg,SE,Vienna,AT,Standard,E-Commerce,29.86,80.19,USD,3.0,4,In Transit
ORD-103806,26/04/2025, Nordfrakt ,Barcelona,ES,Gothenburg,SE,Standard,E-Commerce,16.01,55.35,EUR,,4,Delivered
ORD-100992,2025-06-17,Vantage Freight Ltd,Hamburg,DE,Graz,AT,Economy,Retail,12.33,39.66,EUR,5.0,7,Delivered
ORD-101830,11/09/2025,Meridian Express,Gothenburg,SE,Eindhoven,NL,Standard,Wholesale,14.07,50.36,EUR,3.0,4,Delivered
ORD-102179,"Nov 06, 2025",Vantage,Hamburg,DE,Marseille,FR,Economy,Wholesale,12.25,33.83,EUR,5.0,7,Delivered
ORD-104924,2025-08-29 00:00:00,Kestrel Parcel,Hamburg,DE,Lyon,FR,Express,Wholesale,63.58,246.41,EUR,3.0,2,Delayed
ORD-101939,2025-06-23 00:00:00,vantage freight,Rotterdam,NL,Eindhoven,NL,Express,Industrial,25.96,,EUR,1.0,2,Delivered
ORD-100751,21/05/2025,Nordfrakt AB,Gothenburg,SE,Gdansk,PL,Economy,Retail,42.05,62.28,EUR,6.0,7,Delivered
ORD-104659,"Nov 29, 2025",nordfrakt,Gothenburg,SE,Oslo,NO,Economy,E-Commerce,9.85,37.72,EUR,5.0,7,Delivered
ORD-102193,"Jun 29, 2025",kestrel,Barcelona,ES,Amsterdam,NL,Standard,E-Commerce,39.63,97.17,EUR,2.0,4,Delivered
ORD-101016,29/09/2025,Vantage,Gothenburg,SE,Amsterdam,NL,Standard,Industrial,54.88,100.77,EUR,3.0,4,Delivered
ORD-104736,"Apr 03, 2025", Nordfrakt ,Gothenburg,SE,Zurich,CH,Standard,Wholesale,37.34,88.99,EUR,4.0,4,Delivered
ORD-102003,2025-11-07,Nordfrakt AB,Hamburg,DE,Brno,CZ,Standard,E-Commerce,18.97,81.49,EUR,5.0,4,Delayed
ORD-102315,2025-03-03 00:00:00,Nordfrakt,Gothenburg,SE,Rome,IT,Standard,Retail,14.6,63.91,EUR,4.0,4,Delivered
ORD-101724,2025-12-19 00:00:00,Vantage Freight,Rotterdam,NL,Paris,FR,Express,Wholesale,27.1,142.45,EUR,2.0,2,Delivered
ORD-100010,15/12/2025,Meridian Expr,Gothenburg,SE,Geneva,CH,Standard,E-Commerce,14.11,84.21,USD,4.0,4,Delivered
ORD-100978,"Sep 09, 2025",Meridian Expr,Hamburg,DE,Copenhagen,DK,Standard,E-Commerce,62.67,102.68,EUR,2.0,4,Delivered
ORD-101611,2025-05-19 00:00:00,Nordfrakt AB,Rotterdam,NL,Warsaw,PL,Economy,Retail,2.82,36.43,USD,6.0,7,Delivered
ORD-104491,2025-06-17 00:00:00,Baltica Log.,Gothenburg,SE,Cologne,DE,Standard,Wholesale,38.34,84.85,EUR,4.0,4,Delivered
ORD-104452,18/11/2025,Kestrel Parcels AB,Gothenburg,SE,London,GB,Standard,E-Commerce,30.57,89.62,USD,5.0,4,Delayed
ORD-102075,2025-10-13,Baltica Logistics,Hamburg,DE,Brno,CZ,Economy,Wholesale,12.09,30.43,USD,5.0,7,Delivered
ORD-100110,31/07/2025,nordfrakt,Gothenburg,SE,Marseille,FR,Express,E-Commerce,37.77,148.96,EUR,2.0,2,Delivered
ORD-104108,"Dec 08, 2025",Nordfrakt,Milan,IT,Madrid,ES,Express,E-Commerce,58.53,274.61,EUR,3.0,2,Delayed
ORD-104283,2025-10-27,kestrel,Rotterdam,NL,Lyon,FR,Standard,Retail,28.7,88.91,EUR,5.0,4,Delayed
ORD-101190,"Oct 15, 2025",Meridian Express,Gothenburg,SE,Valencia,ES,Express,Retail,84.27,3334.16,SEK,3.0,2,Delayed
ORD-104606,2025-07-10 00:00:00,KESTREL PARCEL,Hamburg,DE, Amsterdam ,NL,Standard,Industrial,50.69,108.97,EUR,3.0,4,Delivered
ORD-101479,2025-10-15 00:00:00, Meridian Express,Rotterdam,NL,Gothenburg,SE,Economy,Industrial,57.87,66.22,USD,3.0,7,Delivered
ORD-103187,2025-10-08,Meridian Expr,Gothenburg,SE,Helsinki,FI,Standard,Industrial,28.58,920.33,SEK,3.0,4,Delivered
ORD-102420,"Jul 21, 2025",Vantage Freight,Gothenburg,SE,Helsinki,FI,Express,Wholesale,44.68,247.59,EUR,3.0,2,Delayed
ORD-101906,2025-08-11,Kestrel Parcel,Gothenburg,SE,Berlin,DE,Standard,Retail,31.87,73.39,EUR,4.0,4,Delivered
ORD-104424,2025-08-20 00:00:00,Nordfrakt,Barcelona,ES,Madrid,ES,Express,Industrial,28.09,156.8,EUR,2.0,2,Delivered
ORD-101298,"Dec 17, 2025",Meridian Express,Rotterdam,NL,Brno,CZ,Economy,Industrial,80.44,100.94,EUR,5.0,7,Delivered
ORD-102072,2025-10-08 00:00:00, Meridian Express,Hamburg,DE,Bergen,NO,Economy,Wholesale,48.21,45.67,EUR,4.0,7,Delivered
ORD-103355,29/10/2025, Nordfrakt ,Hamburg,DE,Amsterdam,NL,Standard,E-Commerce,35.3,86.48,EUR,,4,Cancelled
ORD-100071,"Jun 13, 2025", Meridian Express,Gothenburg,SE,Marseille,FR,Express,Retail,56.34,215.78,USD,2.0,2,Delivered
ORD-103618,"Oct 27, 2025",baltica,Milan,IT,Copenhagen,DK,Economy,Wholesale,10.84,28.64,EUR,3.0,7,Delivered
ORD-101852,2025-11-05 00:00:00,Hanseatic Line,Hamburg,DE,Paris,FR,Economy,E-Commerce,54.22,93.01,EUR,10.0,7,Delayed
ORD-102409,"Mar 15, 2025",Nordfrakt AB,Gothenburg,SE,Zurich,CH,Standard,Retail,15.6,63.22,USD,3.0,4,Delivered
ORD-100184,28/11/2025,Baltica Log.,Rotterdam,NL, Munich ,DE,Standard,E-Commerce,30.83,78.2,USD,3.0,4,Delivered
ORD-100386,2025-04-07, Nordfrakt ,Rotterdam,NL,Geneva,CH,Standard,Industrial,10.93,64.44,EUR,4.0,4,Delivered
ORD-101719,09/12/2025,baltica,Rotterdam,NL,Lyon,FR,Standard,E-Commerce,27.98,1109.94,SEK,4.0,4,Delivered
ORD-100468,"Jun 09, 2025",Vantage,Hamburg,DE,Munich,DE,Standard,Industrial,47.89,106.68,USD,3.0,4,Delivered
ORD-103015,08/11/2025,Nordfrakt AB,Hamburg,DE,Graz,AT,Standard,Industrial,68.37,145.26,EUR,3.0,4,Delivered
ORD-100536,2025-11-06 00:00:00,baltica,Hamburg,DE,Warsaw,PL,Economy,Wholesale,25.63,47.32,EUR,7.0,7,Delivered
ORD-100341,2025-08-07 00:00:00,nordfrakt,Hamburg,DE,Amsterdam,NL,Express,Wholesale,19.44,119.51,EUR,2.0,2,Delivered
ORD-103843,2025-08-12,Meridian Expr,Rotterdam,NL,Lyon,FR,Express,E-Commerce,25.72,123.79,EUR,2.0,2,Delivered
ORD-101995,02/03/2025,Vantage Freight Ltd,Rotterdam,NL,Prague,CZ,Standard,E-Commerce,21.77,72.48,EUR,4.0,4,Delivered
ORD-103340,2025-12-23 00:00:00,Meridian Expr,Hamburg,DE,Valencia,ES,Economy,Retail,18.09,55.01,EUR,5.0,7,Delivered
ORD-102894,22/07/2025,Nordfrakt AB,Hamburg,DE,Lyon,FR,Economy,Wholesale,11.0,32.04,EUR,4.0,7,Delivered
ORD-101927,"May 08, 2025",Nordfrakt AB,Rotterdam,NL, Turin ,IT,Economy,Industrial,8.88,464.93,SEK,5.0,7,Delivered
ORD-104063,"Dec 08, 2025", Nordfrakt ,Gothenburg,SE,Aarhus,DK,Standard,Retail,16.49,53.54,EUR,2.0,4,Delivered
ORD-101083,"Dec 31, 2025",Baltica Logistics,Hamburg,DE,Paris,FR,Standard,Wholesale,6.81,56.34,EUR,4.0,4,Delivered
ORD-100749,2025-05-26 00:00:00,MERIDIAN EXPRESS,Gothenburg,SE,Paris,FR,Standard,Wholesale,27.75,91.88,EUR,3.0,4,Delivered
ORD-103145,29/12/2025,Nordfrakt AB,Barcelona,ES,Berlin,DE,Standard,Wholesale,6.0,49.61,EUR,3.0,4,Delivered
ORD-102289,15/10/2025, Meridian Express,Gothenburg,SE,Stockholm,SE,Standard,Industrial,39.53,109.04,EUR,2.0,4,Delivered
ORD-101853,"May 28, 2025", Nordfrakt ,Gothenburg,SE,Malmo,SE,Economy,Wholesale,10.5,394.79999999999995,USD,4.0,7,Delivered
ORD-101603,"Aug 22, 2025",Vantage,Rotterdam,NL,Frankfurt,DE,Economy,Industrial,55.66,917.52,SEK,5.0,7,Delivered
ORD-104250,"Oct 16, 2025",Hanseatic Lines,Milan,IT, Munich ,DE,Economy,Retail,22.61,46.21,EUR,5.0,7,Delivered
ORD-103294,2025-06-16 00:00:00,Nordfrakt,Barcelona,ES,Bergen,NO,Standard,Retail,19.37,63.55,EUR,4.0,4,Delivered
ORD-104911,2025-12-22, Meridian Express,Rotterdam,NL,Frankfurt,DE,Express,Industrial,19.31,1196.2,USD,1.0,2,Delivered
ORD-104853,07/04/2025,Vantage,Hamburg,DE, Graz ,AT,Standard,Retail,42.47,90.44,EUR,2.0,4,DELIVERED
ORD-101531,06/03/2025,MERIDIAN EXPRESS,Gothenburg,SE,Lyon,FR,Express,Industrial,6.91,89.87,EUR,2.0,2,DELIVERED
ORD-101387,2025-08-26,nordfrakt,Barcelona,ES,Valencia,ES,Standard,Retail,16.64,73.84,EUR,5.0,4,Delayed
ORD-102742,"Dec 08, 2025",Nordfrakt,Rotterdam,NL,Zurich,CH,Economy,Retail,33.59,47.08,EUR,6.0,7,Delivered
ORD-101251,"Oct 13, 2025",vantage freight,Barcelona,ES,Frankfurt,DE,Standard,Wholesale,7.18,53.83,EUR,,4,Cancelled
ORD-100568,,Meridian Express,Rotterdam,NL,Madrid,ES,Express,E-Commerce,42.51,258.06,EUR,2.0,2,Delivered
ORD-104392,"Mar 07, 2025",nordfrakt,Hamburg,DE,Gothenburg,SE,Economy,E-Commerce,8.87,31.0,EUR,3.0,7,Delivered
ORD-100655,"Dec 18, 2025",Nordfrakt AB,Barcelona,ES,Gdansk,PL,Express,E-Commerce,10.74,136.3,USD,3.0,2,Delayed
ORD-104443,04/11/2025,MERIDIAN EXPRESS,Gothenburg,SE,Malmo,SE,Economy,E-Commerce,16.32,37.52,EUR,3.0,7,Delivered
ORD-103643,2025-11-26,Vantage Freight,Milan,IT,Marseille,FR,Standard,Wholesale,26.7,80.27,EUR,3.0,4,Delivered
ORD-102738,26/11/2025,Nordfrakt AB,Barcelona,ES, Munich ,DE,Standard,Wholesale,30.99,101.82,EUR,2.0,4,Delivered
ORD-101987,"Jun 25, 2025",nordfrakt,Hamburg,DE,Marseille,FR,Standard,Retail,6.26,34.45,EUR,4.0,4,Delivered
ORD-100845,2025-03-03,Kestrel Parcels AB,Milan,IT,Graz,AT,Standard,Industrial,19.8,54.48,EUR,4.0,4,Delivered
ORD-102568,25/09/2025,Kestrel Parcel,Milan,IT,Valencia,ES,Standard,Industrial,29.02,752.15,SEK,5.0,4,Delayed
ORD-100108,2025-11-14,nordfrakt,Gothenburg,SE,Malmo,SE,Express,E-Commerce,9.48,77.26,EUR,1.0,2,Delivered
ORD-100151,2025-08-04,Nordfrakt AB,Hamburg,DE,Brno,CZ,Standard,E-Commerce,32.19,89.64,EUR,3.0,4,Delivered
ORD-103675,"Oct 24, 2025",Hanseatic Line,Gothenburg,SE,Rome,IT,Standard,Wholesale,13.84,44.86,EUR,5.0,4,Delayed
ORD-104374,2025-08-14 00:00:00,Meridian Express,Gothenburg,SE,Munich,DE,Standard,Industrial,5.23,50.41,EUR,3.0,4,Delivered
ORD-102084,2025-05-12,Baltica Logistics,Gothenburg,SE,Amsterdam,NL,Express,E-Commerce,34.82,116.51,EUR,2.0,2,Delivered
ORD-102073,04/09/2025,baltica,Rotterdam,NL,Eindhoven,NL,Standard,Retail,3.3,45.53,EUR,2.0,4,Delivered
ORD-103617,2025-10-13,Vantage Freight,Gothenburg,SE,Frankfurt,DE,Standard,Wholesale,32.73,66.74,EUR,,4,Cancelled
ORD-100397,"Jun 16, 2025", Meridian Express,Hamburg,DE,Graz,AT,Standard,Industrial,11.6,55.3,EUR,3.0,4,Delivered
ORD-100166,2025-08-24,Meridian Expr,Barcelona,ES,Helsinki,FI,Economy,Retail,41.41,62.39,EUR,5.0,7,Delivered
ORD-101642,"Nov 03, 2025",Meridian Express,Gothenburg,SE,Tampere,FI,Standard,Wholesale,7.85,70.31,USD,5.0,4,Delayed
ORD-100142,2025-07-30,nordfrakt,Rotterdam,NL,London,GB,Standard,E-Commerce,22.1,71.6,EUR,4.0,4,Delivered
ORD-101240,2025-12-04, Meridian Express,Gothenburg,SE,Copenhagen,DK,Standard,Industrial,20.92,65.02,EUR,2.0,4,Delivered
ORD-102223,"Oct 19, 2025",Meridian Expr,Milan,IT,Aarhus,DK,Economy,Wholesale,48.77,745.6,SEK,3.0,7,In Transit
ORD-100237,"Oct 24, 2025",Vantage Freight,Rotterdam,NL,Valencia,ES,Standard,E-Commerce,15.96,56.05,USD,,4,Cancelled
ORD-101021,09/04/2025,Nordfrakt AB,Hamburg,DE,Bergen,NO,Standard,E-Commerce,51.75,89.26,USD,3.0,4,DELIVERED
ORD-104144,2025-05-12 00:00:00,Vantage Freight,Rotterdam,NL,Cologne,DE,Economy,E-Commerce,20.8,36.59,EUR,5.0,7,Delivered
ORD-104461,2025-09-03,baltica,Barcelona,ES,Brno,CZ,Economy,Industrial,15.87,457.59,SEK,6.0,7,Delivered
ORD-104398,2025-04-08,hanseatic line,Gothenburg,SE,Gothenburg,SE,Standard,Retail,11.5,54.84,USD,3.0,4,Delivered
ORD-102455,17/11/2025,nordfrakt,Rotterdam,NL,Lyon,FR,Economy,Retail,27.5,47.92,EUR,6.0,7,Delivered
ORD-101697,22/05/2025,nordfrakt,Milan,IT,Copenhagen,DK,Standard,Wholesale,6.49,50.29,EUR,2.0,4,Delivered
ORD-102733,26/06/2025,nordfrakt,Hamburg,DE,Lyon,FR,Standard,E-Commerce,7.61,50.52,USD,3.0,4,Delivered
ORD-103754,21/03/2025,Kestrel Parcel,Barcelona,ES,Graz,AT,Standard,Industrial,49.93,111.71,EUR,3.0,4,Delivered
ORD-103209,2025-07-08,Kestrel Parcels AB,Rotterdam,NL,Prague,CZ,Standard,Retail,13.5,71.06,USD,5.0,4,DELAYED
ORD-104202,2025-09-05,Meridian Express,Milan,IT,Stockholm,SE,Standard,Industrial,50.57,109.9,USD,2.0,4,Delivered
ORD-101582,"Dec 08, 2025", Meridian Express,Gothenburg,SE,Malmo,SE,Express,Industrial,17.74,111.73,EUR,1.0,2,Delivered
ORD-101226,"Apr 28, 2025",Baltica Log.,Gothenburg,SE,Aarhus,DK,Standard,Industrial,31.42,74.67,EUR,2.0,4,Delivered
ORD-103172,,Baltica Logistics,Rotterdam,NL, Frankfurt ,DE,Economy,Wholesale,3.47,26.92,EUR,5.0,7,Delivered
ORD-101267,2025-09-22, Nordfrakt ,Rotterdam,NL,Lyon,FR,Economy,Retail,11.45,41.2,EUR,5.0,7,DELIVERED
ORD-101443,2025-10-24,Nordfrakt AB,Hamburg,DE,Copenhagen,DK,Economy,Industrial,18.22,39.48,EUR,4.0,7,Delivered
ORD-100959,2025-10-13 00:00:00,MERIDIAN EXPRESS,Rotterdam,NL,Malmo,SE,Standard,Wholesale,33.8,954.94,SEK,2.0,4,Delivered
ORD-104078,"Jul 14, 2025",vantage freight,Milan,IT,Vienna,AT,Standard,Industrial,22.46,84.56,EUR,3.0,4,Delivered
ORD-100185,"Oct 31, 2025",hanseatic line,Gothenburg,SE,Krakow,PL,Standard,Wholesale,33.02,87.44,EUR,8.0,4,Delayed
ORD-100096,2025-07-10,nordfrakt,Rotterdam,NL,Vienna,AT,Express,E-Commerce,18.53,85.08,EUR,3.0,2,DELAYED
ORD-104747,2025-07-16,Baltica Logistics,Hamburg,DE,Prague,CZ,Economy,Industrial,15.02,34.86,EUR,5.0,7,Delivered
ORD-102510,2025-06-18 00:00:00,nordfrakt,Gothenburg,SE,Paris,FR,Standard,Wholesale,25.55,70.83,EUR,4.0,4,Delivered
ORD-100669,2025-05-12,vantage freight,Barcelona,ES,Rome,IT,Economy,E-Commerce,22.18,35.98,EUR,6.0,7,DELIVERED
ORD-102925,"Jun 09, 2025",Meridian Express,Hamburg,DE,Copenhagen,DK,Standard,Industrial,5.94,33.11,EUR,2.0,4,Delivered
ORD-102820,"Dec 22, 2025",MERIDIAN EXPRESS,Milan,IT, Marseille ,FR,Economy,Industrial,2.48,34.29,USD,5.0,7,Delivered
ORD-101659,2025-07-18,Meridian Express,Milan,IT,Copenhagen,DK,Standard,Wholesale,24.49,61.96,EUR,2.0,4,Delivered
ORD-102888,"May 21, 2025",kestrel,Rotterdam,NL,Tampere,FI,Express,E-Commerce,10.56,58.47,EUR,2.0,2,Delivered
ORD-104741,10/11/2025,nordfrakt,Gothenburg,SE,Marseille,FR,Standard,Retail,16.02,65.68,EUR,3.0,4,DELIVERED
ORD-103746,"Nov 03, 2025",Baltica Log.,Gothenburg,SE,Gothenburg,SE,Express,Wholesale,15.78,112.71,EUR,1.0,2,Delivered
ORD-103070,20/10/2025,Baltica Logistics A/S,Hamburg,DE,Bergen,NO,Economy,Wholesale,15.38,52.1,USD,6.0,7,Delivered
ORD-102764,2025-06-23 00:00:00,Baltica Logistics A/S,Hamburg,DE,Frankfurt,DE,Express,Industrial,58.39,180.15,EUR,2.0,2,Delivered
ORD-102575,"Aug 28, 2025",Vantage Freight Ltd,Gothenburg,SE,Krakow,PL,Express,Industrial,34.16,179.72,EUR,2.0,2,Delivered
ORD-104607,2025-11-24, Meridian Express,Gothenburg,SE,Lyon,FR,Economy,Industrial,14.47,36.83,EUR,3.0,7,Delivered
ORD-101152,"Oct 23, 2025",Vantage Freight Ltd,Milan,IT,Madrid,ES,Standard,Retail,18.39,78.26,EUR,4.0,4,Delivered
ORD-103178,27/06/2025, Nordfrakt ,Gothenburg,SE,Cologne,DE,Express,Wholesale,44.74,184.75,EUR,2.0,2,Delivered
ORD-104644,"Mar 15, 2025",kestrel,Milan,IT,Manchester,GB,Economy,Industrial,8.65,39.6,USD,6.0,7,Delivered
ORD-100943,2025-11-17 00:00:00, Meridian Express,Rotterdam,NL,Oslo,NO,Express,Retail,8.65,983.24,SEK,2.0,2,Delivered
ORD-103988,2025-10-14,Vantage Freight Ltd,Gothenburg,SE,Geneva,CH,Standard,Retail,54.26,147.3,EUR,3.0,4,Delivered
ORD-101926,"Sep 15, 2025",Baltica Log.,Milan,IT,Madrid,ES,Standard,E-Commerce,8.56,561.55,SEK,6.0,4,Delayed
ORD-104880,2025-09-25,MERIDIAN EXPRESS,Milan,IT,Turin,IT,Standard,Retail,15.69,741.05,SEK,3.0,4,Delivered
ORD-102252,2025-07-12,Nordfrakt AB,Rotterdam,NL,London,GB,Standard,Wholesale,31.87,88.1,EUR,4.0,4,Delivered
ORD-102136,2025-12-24 00:00:00,Nordfrakt,Gothenburg,SE,Brno,CZ,Standard,Wholesale,25.11,78.39,EUR,4.0,4,Delivered
ORD-104925,"Apr 21, 2025",Kestrel Parcels AB,Rotterdam,NL,Gothenburg,SE,Economy,Retail,25.94,46.77,EUR,4.0,7,Delivered
ORD-104115,2025-11-17,Meridian Expr,Gothenburg,SE,London,GB,Economy,Retail,20.37,58.11,EUR,6.0,7,Delivered
ORD-104167,2025-06-08 00:00:00,Vantage Freight Ltd,Gothenburg,SE,Zurich,CH,Express,E-Commerce,25.21,144.58,EUR,2.0,2,Delivered
ORD-101478,07/07/2025,Vantage Freight Ltd,Barcelona,ES,Vienna,AT,Standard,E-Commerce,24.79,89.34,USD,,4,Delivered
ORD-100338,2025-06-20,Vantage Freight Ltd,Rotterdam,NL,Amsterdam,NL,Standard,Industrial,19.41,50.6,EUR,3.0,4,Delivered
ORD-102011,"Oct 02, 2025",Vantage Freight,Gothenburg,SE,Valencia,ES,Economy,Retail,2.77,31.53,EUR,9.0,7,Delayed
ORD-100253,29/08/2025,MERIDIAN EXPRESS,Hamburg,DE,Tampere,FI,Standard,Retail,3.91,472.93,SEK,3.0,4,Delivered
ORD-100320,24/08/2025,Kestrel Parcel,Barcelona,ES,Frankfurt,DE,Standard,Industrial,24.09,74.51,USD,3.0,4,DELIVERED
ORD-103621,2025-07-01 00:00:00,nordfrakt,Gothenburg,SE,Bergen,NO,Express,Retail,6.39,98.47,USD,2.0,2,Delivered
ORD-101084,19/06/2025,Baltica Logistics,Rotterdam,NL,Stockholm,SE,Economy,Wholesale,24.88,53.32,EUR,2.0,7,Delivered
ORD-101191,2025-07-31,Vantage Freight Ltd,Gothenburg,SE,Lyon,FR,Economy,Industrial,22.32,547.42,SEK,3.0,7,Delivered
ORD-100620,2025-10-25, Meridian Express,Gothenburg,SE,Tampere,FI,Economy,Wholesale,23.19,50.15,USD,6.0,7,Delivered
ORD-102978,04/08/2025,Meridian Expr,Rotterdam,NL,Copenhagen,DK,Standard,Industrial,60.82,63.14,EUR,2.0,4,Delivered
ORD-101777,2025-05-29,Baltica Log.,Milan,IT,Gdansk,PL,Standard,Wholesale,36.66,118.17,EUR,4.0,4,Delivered
ORD-100577,"Dec 15, 2025",kestrel,Hamburg,DE, Cologne ,DE,Standard,Retail,16.17,66.92,EUR,4.0,4,Delivered
ORD-101805,"Mar 25, 2025",Vantage,Gothenburg,SE,Lyon,FR,Standard,Retail,47.21,111.64,EUR,3.0,4,DELIVERED
ORD-104361,,Baltica Log.,Hamburg,DE,Cologne,DE,Standard,Wholesale,18.2,65.88,EUR,4.0,4,Delivered
ORD-100270,11/08/2025,nordfrakt,Hamburg,DE,Gothenburg,SE,Economy,Retail,34.75,54.4,EUR,3.0,7,Delivered
ORD-100170,28/04/2025,MERIDIAN EXPRESS,Gothenburg,SE,Helsinki,FI,Standard,Retail,25.04,83.72,EUR,4.0,4,Delivered
ORD-103076,"Apr 29, 2025",vantage freight,Rotterdam,NL,Bergen,NO,Standard,Wholesale,27.94,80.84,EUR,3.0,4,DELIVERED
ORD-101815,30/04/2025,kestrel,Rotterdam,NL,Aarhus,DK,Standard,E-Commerce,4.84,31.56,EUR,3.0,4,Delivered
ORD-104991,12/12/2025,Kestrel Parcel,Barcelona,ES,Bergen,NO,Standard,Industrial,23.43,85.52,EUR,4.0,4,Delivered
ORD-104197,"May 08, 2025",Vantage Freight,Hamburg,DE,Madrid,ES,Economy,Retail,24.77,64.09,USD,5.0,7,Delivered
ORD-101496,2025-12-29,Nordfrakt,Rotterdam,NL,Malmo,SE,Standard,Wholesale,7.47,39.07,EUR,2.0,4,Delivered
ORD-103847,"Sep 14, 2025", Meridian Express,Hamburg,DE,London,GB,Express,E-Commerce,23.01,133.21,EUR,2.0,2,Delivered
ORD-103827,"Dec 29, 2025",MERIDIAN EXPRESS,Barcelona,ES,London,GB,Standard,Industrial,53.33,122.73,EUR,3.0,4,Delivered
ORD-101786,2025-06-17, Meridian Express,Rotterdam,NL,Amsterdam,NL,Standard,E-Commerce,33.03,76.8,EUR,3.0,4,Delivered
ORD-102170,12/03/2025,kestrel,Barcelona,ES,Lyon,FR,Express,Wholesale,14.35,103.63,EUR,3.0,2,Delayed
ORD-102301,2025-05-19 00:00:00,vantage freight,Gothenburg,SE,Aarhus,DK,Standard,Wholesale,32.38,82.06,EUR,2.0,4,Delivered
ORD-102466,13/08/2025,hanseatic line,Barcelona,ES,Aarhus,DK,Express,Industrial,33.83,168.79,EUR,2.0,2,Delivered
ORD-100295,"Dec 11, 2025",vantage freight,Gothenburg,SE,Gothenburg,SE,Standard,Wholesale,44.78,110.38,EUR,2.0,4,Delivered
ORD-100053,2025-11-12,baltica,Milan,IT,Warsaw,PL,Express,Wholesale,42.71,192.51,EUR,,2,Delayed
ORD-104084,"Dec 01, 2025",Kestrel Parcels AB,Milan,IT,Valencia,ES,Economy,Retail,80.16,136.35,USD,8.0,7,Delayed
ORD-104506,"Aug 07, 2025",Vantage Freight,Rotterdam,NL,Geneva,CH,Standard,Wholesale,51.24,108.0,EUR,4.0,4,DELIVERED
ORD-103014,2025-11-24,nordfrakt,Hamburg,DE,Aarhus,DK,Standard,E-Commerce,38.3,82.76,USD,3.0,4,Delivered
ORD-102727,24/03/2025,Meridian Expr,Barcelona,ES,Gdansk,PL,Express,Retail,33.33,178.73,EUR,2.0,2,DELIVERED
ORD-102006,2025-10-27,MERIDIAN EXPRESS,Gothenburg,SE,Turin,IT,Express,Retail,13.56,94.96,EUR,3.0,2,Delayed
ORD-100365,2025-12-10 00:00:00,HANSEATIC,Gothenburg,SE,Rome,IT,Standard,E-Commerce,37.65,95.44,EUR,6.0,4,Delayed
ORD-104487,"Jul 18, 2025",Kestrel Parcels AB,Hamburg,DE,Bergen,NO,Express,Wholesale,10.85,838.71,SEK,2.0,2,Delivered
ORD-102949,2025-12-11,Vantage Freight,Rotterdam,NL,Turin,IT,Standard,Industrial,5.23,551.3000000000001,EUR,5.0,4,Delayed
ORD-101487,2025-03-03,Baltica Logistics A/S,Rotterdam,NL,Madrid,ES,Standard,Industrial,28.91,913.57,SEK,5.0,4,Delayed
ORD-101351,"Oct 02, 2025",Meridian Expr,Hamburg,DE,Malmo,SE,Economy,E-Commerce,16.13,37.38,USD,2.0,7,Delivered
ORD-100291,2025-07-25 00:00:00,Kestrel Parcel,Rotterdam,NL,Eindhoven,NL,Standard,Wholesale,30.66,62.31,EUR,3.0,4,Delivered
ORD-103548,2025-08-18 00:00:00,Vantage Freight Ltd,Barcelona,ES,Geneva,CH,Economy,Industrial,17.4,44.01,USD,6.0,7,Delivered
ORD-100389,26/05/2025,kestrel,Milan,IT, Madrid ,ES,Express,Industrial,5.07,105.68,USD,3.0,2,Delayed
ORD-104390,"Jun 08, 2025", Nordfrakt ,Gothenburg,SE,Gdansk,PL,Standard,Industrial,68.44,142.35,EUR,4.0,4,Delivered
ORD-101870,2025-03-24 00:00:00,Hanseatic Lines,Rotterdam,NL,Marseille,FR,Standard,E-Commerce,29.23,85.22,USD,5.0,4,Delayed
ORD-100247,2025-10-15,Baltica Logistics A/S,Rotterdam,NL,Stockholm,SE,Standard,Retail,15.86,53.44,EUR,2.0,4,Delivered
ORD-102759,2025-10-22,Nordfrakt,Milan,IT, Berlin ,DE,Economy,Wholesale,8.41,48.22,USD,3.0,7,Delivered
ORD-103635,2025-11-15 00:00:00,Vantage Freight,Hamburg,DE,Stockholm,SE,Standard,Wholesale,29.99,81.28,EUR,2.0,4,Delivered
ORD-100410,2025-06-04, Nordfrakt ,Gothenburg,SE,Eindhoven,NL,Express,Industrial,36.2,144.06,USD,2.0,2,Delivered
ORD-102005,2025-05-12,Vantage,Rotterdam,NL,Geneva,CH,Standard,Industrial,83.32,192.01,EUR,3.0,4,Delivered
ORD-104825,2025-10-15 00:00:00,Vantage,Gothenburg,SE,Geneva,CH,Standard,Retail,22.82,77.82,EUR,4.0,4,Delivered
ORD-101894,2025-05-13 00:00:00,nordfrakt,Barcelona,ES,Geneva,CH,Express,Industrial,13.49,110.66,EUR,2.0,2,Delivered
ORD-101184,2025-10-17 00:00:00,Hanseatic Lines,Hamburg,DE,London,GB,Standard,Industrial,5.73,51.68,EUR,6.0,4,Delayed
ORD-104451,"Jul 18, 2025",KESTREL PARCEL,Gothenburg,SE,Cologne,DE,Standard,Retail,37.49,91.48,USD,4.0,4,Delivered
ORD-100832,04/11/2025,vantage freight,Rotterdam,NL,Paris,FR,Express,Retail,14.88,128.02,EUR,2.0,2,Delivered
ORD-101803,21/07/2025,Baltica Logistics,Gothenburg,SE,Zurich,CH,Standard,Industrial,33.7,86.01,USD,5.0,4,Delayed
ORD-104117,"May 11, 2025",Hanseatic Lines,Hamburg,DE,Turin,IT,Economy,Retail,16.91,39.67,EUR,8.0,7,Delayed
ORD-104505,2025-09-24 00:00:00,MERIDIAN EXPRESS,Gothenburg,SE,Tampere,FI,Express,Wholesale,8.64,113.71,USD,2.0,2,Delivered
ORD-101075,29/05/2025,Kestrel Parcel,Barcelona,ES,Oslo,NO,Economy,Wholesale,34.59,53.9,EUR,3.0,7,Delivered
ORD-104186,24/07/2025,baltica,Milan,IT,Zurich,CH,Economy,E-Commerce,38.02,71.63,USD,5.0,7,Delivered
ORD-102439,2025-04-07,Baltica Logistics,Milan,IT,Madrid,ES,Standard,Wholesale,29.06,101.84,USD,4.0,4,Delivered
ORD-100769,"Sep 23, 2025",Baltica Logistics,Hamburg,DE,Vienna,AT,Economy,E-Commerce,15.46,33.71,EUR,6.0,7,Delivered
ORD-103514,"Jul 23, 2025",MERIDIAN EXPRESS,Gothenburg,SE,Malmo,SE,Standard,Industrial,44.2,,EUR,2.0,4,Delivered
ORD-101946,2025-05-26, Nordfrakt ,Hamburg,DE,Aarhus,DK,Economy,E-Commerce,29.62,62.02,USD,3.0,7,Delivered
ORD-100752,"Apr 17, 2025",Vantage Freight Ltd,Gothenburg,SE,Amsterdam,NL,Standard,Industrial,31.21,87.29,USD,3.0,4,Delivered
ORD-104410,"May 06, 2025",MERIDIAN EXPRESS,Barcelona,ES,Krakow,PL,Express,E-Commerce,3.22,91.03,EUR,3.0,2,Delayed
ORD-104190,2025-10-22 00:00:00,Vantage Freight,Gothenburg,SE,Vienna,AT,Standard,Retail,35.8,85.07,USD,3.0,4,Delivered
ORD-104953,2025-05-19 00:00:00,Baltica Logistics A/S,Gothenburg,SE,Aarhus,DK,Standard,Industrial,37.29,69.95,EUR,2.0,4,Delivered
ORD-104146,2025-10-14,Baltica Logistics,Hamburg,DE, Valencia ,ES,Express,Retail,49.99,222.1,EUR,3.0,2,Delayed
ORD-101135,2025-04-01 00:00:00,Nordfrakt AB,Hamburg,DE,Gdansk,PL,Standard,Retail,11.07,55.33,EUR,4.0,4,Delivered
ORD-103311,2025-10-07,Nordfrakt AB,Rotterdam,NL,Copenhagen,DK,Economy,Industrial,15.93,37.3,USD,2.0,7,Delivered
ORD-104029,"Oct 14, 2025",Meridian Expr,Hamburg,DE, Vienna ,AT,Standard,Retail,5.06,45.16,EUR,3.0,4,Delivered
ORD-104552,2025-04-24 00:00:00,KESTREL PARCEL,Rotterdam,NL,Helsinki,FI,Standard,Wholesale,28.7,98.83,USD,4.0,4,Delivered
ORD-102643,2025-11-11 00:00:00,vantage freight,Milan,IT,Oslo,NO,Economy,Wholesale,7.85,33.62,USD,4.0,7,Delivered
ORD-103765,2025-10-13 00:00:00,Vantage Freight Ltd,Gothenburg,SE,Bergen,NO,Standard,E-Commerce,86.8,1423.6,SEK,3.0,4,Delivered
ORD-103893,2025-06-19,Meridian Expr,Rotterdam,NL,Zurich,CH,Standard,Retail,17.19,72.88,EUR,3.0,4,Delivered
ORD-102495,"Jun 23, 2025",Meridian Expr,Milan,IT,Graz,AT,Express,Industrial,13.8,1497.76,SEK,3.0,2,Delayed
ORD-102068,2025-08-29 00:00:00,Nordfrakt,Rotterdam,NL,Turin,IT,Economy,Industrial,56.61,1040.72,SEK,5.0,7,Delivered
ORD-103959,"Jun 27, 2025",Hanseatic Line,Hamburg,DE,Oslo,NO,Standard,Retail,42.7,94.7,EUR,,4,Cancelled
ORD-103579,2025-04-14,nordfrakt,Rotterdam,NL,Marseille,FR,Standard,Wholesale,40.81,90.35,USD,3.0,4,Delivered
ORD-102059,"Oct 08, 2025",Vantage Freight,Gothenburg,SE,Copenhagen,DK,Standard,Wholesale,52.83,99.76,EUR,2.0,4,Delivered
ORD-102811,2025-08-05 00:00:00, Meridian Express,Gothenburg,SE,Lyon,FR,Economy,Industrial,30.67,62.17,USD,4.0,7,Delivered
ORD-104109,"Aug 25, 2025",baltica,Gothenburg,SE,Rome,IT,Economy,E-Commerce,5.66,30.32,EUR,5.0,7,Delivered
ORD-101073,2025-12-15,Vantage,Hamburg,DE,Eindhoven,NL,Standard,Wholesale,13.54,56.73,EUR,3.0,4,Delivered
ORD-101753,03/10/2025,Vantage Freight Ltd,Barcelona,ES,Graz,AT,Economy,Industrial,42.8,77.84,USD,6.0,7,Delivered
ORD-101159,"Sep 03, 2025",vantage freight,Gothenburg,SE,Lyon,FR,Economy,Wholesale,16.69,416.26,SEK,5.0,7,Delivered
ORD-102958,2025-12-08,Nordfrakt AB,Hamburg,DE,Madrid,ES,Standard,Retail,22.17,74.07,USD,3.0,4,Delivered
ORD-101238,"Aug 11, 2025",Vantage,Milan,IT,Berlin,DE,Economy,E-Commerce,9.06,35.42,EUR,4.0,7,Delivered
ORD-102398,2025-07-17 00:00:00,baltica,Gothenburg,SE,Cologne,DE,Express,Wholesale,49.41,237.32,EUR,2.0,2,Delivered
ORD-103892,2025-10-26,Nordfrakt AB,Gothenburg,SE,Madrid,ES,Economy,Industrial,37.21,59.1,EUR,5.0,7,Delivered
ORD-104951,"Mar 28, 2025",Kestrel Parcel,Rotterdam,NL,Amsterdam,NL,Standard,Wholesale,27.01,59.06,EUR,4.0,4,DELIVERED
ORD-101513,2025-08-29,nordfrakt,Rotterdam,NL,Krakow,PL,Standard,Retail,53.93,1003.15,SEK,5.0,4,Delayed
ORD-102196,2025-08-07 00:00:00,Meridian Expr,Rotterdam,NL,Graz,AT,Standard,Wholesale,24.26,66.9,EUR,4.0,4,Delivered
ORD-104160,2025-10-08 00:00:00,vantage freight,Gothenburg,SE,Rome,IT,Standard,Industrial,11.07,50.9,EUR,3.0,4,Delivered
ORD-101068,,Nordfrakt AB,Gothenburg,SE,Cologne,DE,Express,E-Commerce,16.28,121.15,EUR,2.0,2,Delivered
ORD-104149,"Oct 01, 2025",Nordfrakt AB,Gothenburg,SE,Frankfurt,DE,Express,Retail,40.63,170.77,EUR,2.0,2,Delivered
ORD-100076,2025-08-29,nordfrakt,Gothenburg,SE,Krakow,PL,Express,Wholesale,33.22,172.13,EUR,2.0,2,Delivered
ORD-102659,"May 28, 2025",MERIDIAN EXPRESS,Milan,IT,Stockholm,SE,Economy,E-Commerce,61.29,77.66,EUR,3.0,7,Delivered
ORD-101799,2025-12-12,nordfrakt,Gothenburg,SE,Vienna,AT,Economy,E-Commerce,19.48,47.4,USD,8.0,7,Delayed
ORD-104854,2025-03-31,Nordfrakt,Gothenburg,SE,Frankfurt,DE,Standard,E-Commerce,28.15,49.06,EUR,3.0,4,Delivered
ORD-102785,"May 05, 2025",Baltica Log.,Rotterdam,NL,Gdansk,PL,Economy,Industrial,4.2,38.3,USD,8.0,7,Delayed
ORD-101038,2025-10-26 00:00:00,Kestrel Parcel,Rotterdam,NL,Prague,CZ,Express,Retail,33.09,,EUR,2.0,2,Delivered
ORD-101959,2025-06-11,MERIDIAN EXPRESS,Gothenburg,SE,Brno,CZ,Standard,Industrial,60.46,129.52,EUR,3.0,4,Delivered
ORD-104133,"Dec 01, 2025",nordfrakt,Milan,IT,Marseille,FR,Standard,Wholesale,4.8,54.31,EUR,4.0,4,Delivered
ORD-102505,"May 05, 2025",kestrel,Gothenburg,SE,Brno,CZ,Standard,E-Commerce,37.85,86.86,EUR,5.0,4,DELAYED
ORD-100626,2025-09-02,Kestrel Parcels AB,Barcelona,ES,Helsinki,FI,Economy,E-Commerce,99.68,1631.05,SEK,9.0,7,Delayed
ORD-103065,2025-12-29,nordfrakt,Milan,IT,Valencia,ES,Standard,Industrial,15.47,76.52,EUR,5.0,4,Delayed
ORD-103849,2025-07-02,Meridian Express,Gothenburg,SE,Copenhagen,DK,Standard,E-Commerce,29.82,77.06,EUR,2.0,4,Delivered
ORD-101099,"Oct 27, 2025",Nordfrakt AB,Gothenburg,SE,Stockholm,SE,Standard,E-Commerce,17.5,57.51,USD,2.0,4,Delivered
ORD-104535,04/12/2025,vantage freight,Gothenburg,SE,Amsterdam,NL,Standard,Industrial,20.2,64.89,EUR,3.0,4,Delivered
ORD-101908,2025-03-21 00:00:00,Vantage Freight,Hamburg,DE,Munich,DE,Economy,Industrial,47.09,82.12,EUR,3.0,7,Delivered
ORD-104335,"Oct 20, 2025",Nordfrakt AB,Milan,IT,Lyon,FR,Standard,Wholesale,30.53,86.65,EUR,3.0,4,Delivered
ORD-102680,05/05/2025,Kestrel Parcels AB,Hamburg,DE,Stockholm,SE,Express,Industrial,36.33,,EUR,1.0,2,DELIVERED
ORD-103529,05/05/2025,Kestrel Parcels AB,Gothenburg,SE,Oslo,NO,Standard,Retail,2.69,44.11,USD,4.0,4,Delivered
ORD-101910,10/04/2025,nordfrakt,Gothenburg,SE,Marseille,FR,Economy,E-Commerce,17.39,52.7,USD,4.0,7,Delivered
ORD-104457,"Mar 22, 2025", Nordfrakt ,Milan,IT,Paris,FR,Express,Retail,19.77,132.1,EUR,2.0,2,Delivered
ORD-102933,25/10/2025,Vantage Freight Ltd,Gothenburg,SE,Gothenburg,SE,Express,Retail,18.54,95.06,EUR,1.0,2,Delivered
ORD-100309,29/04/2025,Baltica Logistics,Barcelona,ES,Geneva,CH,Economy,Industrial,19.28,54.35,EUR,4.0,7,Delivered
ORD-101412,16/07/2025,Baltica Logistics A/S,Rotterdam,NL,Lyon,FR,Express,E-Commerce,38.93,188.56,EUR,2.0,2,Delivered
ORD-100484,"Nov 10, 2025",kestrel,Gothenburg,SE,Madrid,ES,Economy,Industrial,31.5,58.14,USD,,7,Delivered
ORD-104624,"Oct 02, 2025",Baltica Logistics A/S,Barcelona,ES,Frankfurt,DE,Express,Industrial,38.78,194.78,EUR,3.0,2,Delayed
ORD-100367,2025-08-21 00:00:00,Baltica Logistics A/S,Hamburg,DE,Marseille,FR,Standard,Retail,37.57,1005.82,SEK,3.0,4,Delivered
ORD-103441,2025-03-14 00:00:00,Nordfrakt,Gothenburg,SE,Gdansk,PL,Express,E-Commerce,15.08,110.67,EUR,3.0,2,Delayed
ORD-100441,2025-08-13 00:00:00,Vantage,Milan,IT,Geneva,CH,Express,Wholesale,18.4,100.36,EUR,2.0,2,Delivered
ORD-101593,"Mar 11, 2025",Nordfrakt,Rotterdam,NL, Gdansk ,PL,Economy,Industrial,39.82,57.55,EUR,6.0,7,Delivered
ORD-102263,09/12/2025,Vantage Freight,Gothenburg,SE,Brno,CZ,Standard,Retail,36.53,102.61,EUR,4.0,4,Delivered
ORD-100896,2025-12-05 00:00:00,Vantage Freight Ltd,Gothenburg,SE,Malmo,SE,Standard,Industrial,19.75,63.38,EUR,2.0,4,Delivered
ORD-101541,2025-07-11,Meridian Express,Milan,IT,Zurich,CH,Standard,Industrial,23.37,71.77,USD,4.0,4,Delivered
ORD-101404,2025-06-06,Vantage,Gothenburg,SE, Cologne ,DE,Standard,Wholesale,7.47,60.56,EUR,3.0,4,Delivered
ORD-103470,"Jul 01, 2025",Kestrel Parcels AB,Rotterdam,NL,Paris,FR,Standard,E-Commerce,10.73,49.91,EUR,5.0,4,Delayed
ORD-104235,2025-03-22 00:00:00, Nordfrakt ,Gothenburg,SE,Brno,CZ,Express,Industrial,20.84,145.61,EUR,2.0,2,Delivered
ORD-104948,2025-07-24,Hanseatic Line,Hamburg,DE, Frankfurt ,DE,Standard,Wholesale,22.49,59.53,EUR,3.0,4,Delivered
ORD-102031,2025-06-06 00:00:00,nordfrakt,Gothenburg,SE,Graz,AT,Standard,Wholesale,11.25,66.65,EUR,3.0,4,DELIVERED
ORD-100945,2025-05-05,Vantage Freight Ltd,Gothenburg,SE,Turin,IT,Standard,Wholesale,40.18,101.75,EUR,4.0,4,Delivered
ORD-101689,21/04/2025,Baltica Log.,Hamburg,DE,Tampere,FI,Express,Industrial,41.51,212.51,EUR,2.0,2,Delivered
ORD-104240,2025-09-01 00:00:00,Nordfrakt AB,Hamburg,DE,Copenhagen,DK,Standard,E-Commerce,7.38,39.51,USD,2.0,4,Delivered
ORD-100072,2025-11-10 00:00:00,baltica,Gothenburg,SE,Krakow,PL,Economy,Retail,49.19,70.96,EUR,6.0,7,Delivered
ORD-104188,2025-03-24,Baltica Log.,Rotterdam,NL, Cologne ,DE,Economy,Wholesale,70.24,102.26,EUR,5.0,7,Delivered
ORD-100994,2025-12-16,Meridian Express,Rotterdam,NL,Malmo,SE,Standard,Retail,39.74,,USD,2.0,4,Delivered
ORD-102137,"Mar 13, 2025",Vantage,Milan,IT,Geneva,CH,Economy,Industrial,10.32,48.05,USD,5.0,7,Delivered
ORD-102065,2025-12-05,Hanseatic Line,Gothenburg,SE,Aarhus,DK,Economy,Industrial,6.78,37.14,EUR,7.0,7,Delivered
ORD-104633,"Jun 04, 2025",Vantage Freight,Gothenburg,SE,Valencia,ES,Standard,Wholesale,32.84,102.4,USD,4.0,4,Delivered
ORD-104843,2025-06-17,Nordfrakt AB,Barcelona,ES,Madrid,ES,Economy,E-Commerce,5.14,33.58,EUR,7.0,7,DELIVERED
ORD-101775,2025-05-12,Meridian Express,Hamburg,DE,Munich,DE,Economy,Retail,33.65,66.4,EUR,4.0,7,Delivered
ORD-104031,,Vantage Freight,Gothenburg,SE, Turin ,IT,Standard,Wholesale,4.24,54.93,EUR,3.0,4,Delivered
ORD-100838,"Mar 10, 2025",MERIDIAN EXPRESS,Gothenburg,SE,Frankfurt,DE,Express,Wholesale,14.07,91.96,EUR,2.0,2,Delivered
ORD-103362,2025-03-26,Meridian Express,Rotterdam,NL,Bergen,NO,Standard,E-Commerce,54.67,105.22,EUR,4.0,4,Delivered
ORD-101903,15/07/2025, Meridian Express,Milan,IT,Malmo,SE,Express,E-Commerce,50.67,170.05,EUR,1.0,2,Delivered
ORD-100298,04/08/2025,MERIDIAN EXPRESS,Rotterdam,NL,Helsinki,FI,Express,Wholesale,11.41,132.76,USD,3.0,2,Delayed
ORD-101899,03/09/2025,Vantage Freight Ltd,Hamburg,DE,Prague,CZ,Express,Wholesale,33.51,174.46,EUR,3.0,2,Delayed
ORD-101293,"Mar 03, 2025",Meridian Express,Gothenburg,SE,Aarhus,DK,Standard,E-Commerce,9.12,40.16,EUR,3.0,4,Delivered
ORD-100266,2025-11-03 00:00:00,Vantage Freight Ltd,Hamburg,DE,Rome,IT,Economy,Wholesale,41.14,66.23,EUR,7.0,7,Delivered
ORD-101029,2025-09-01 00:00:00,Baltica Log.,Rotterdam,NL,Stockholm,SE,Standard,Wholesale,68.89,123.42,USD,2.0,4,Delivered
ORD-104030,2025-12-23,Baltica Logistics A/S,Hamburg,DE,Rome,IT,Standard,Industrial,15.49,72.76,USD,5.0,4,Delayed
ORD-103390,2025-07-17 00:00:00, Nordfrakt ,Barcelona,ES,Malmo,SE,Economy,Retail,21.69,41.06,EUR,3.0,7,Delivered
ORD-101914,28/08/2025, Nordfrakt ,Rotterdam,NL,Prague,CZ,Economy,Industrial,21.88,37.9,EUR,5.0,7,Delivered
ORD-103215,"Jul 24, 2025",Kestrel Parcel,Barcelona,ES,Marseille,FR,Standard,Industrial,15.84,61.13,EUR,5.0,4,Delayed
ORD-104300,"Jul 30, 2025",Baltica Logistics,Hamburg,DE,Berlin,DE,Standard,E-Commerce,7.93,505.54,SEK,3.0,4,Delivered
ORD-101609,2025-05-09,Baltica Logistics,Rotterdam,NL, Stockholm ,SE,Economy,Retail,58.61,72.92,EUR,3.0,7,Delivered
ORD-101785,2025-07-14 00:00:00,Kestrel Parcel,Hamburg,DE,Copenhagen,DK,Express,Industrial,18.61,106.42,EUR,1.0,2,Delivered
ORD-101936,22/09/2025,Vantage,Gothenburg,SE, Oslo ,NO,Economy,E-Commerce,3.21,32.42,EUR,3.0,7,Delivered
ORD-104058,2025-06-23 00:00:00,vantage freight,Gothenburg,SE,Gothenburg,SE,Standard,Retail,19.16,60.13,USD,2.0,4,Delivered
ORD-103853,"Sep 10, 2025",Baltica Logistics,Rotterdam,NL,Geneva,CH,Standard,Wholesale,19.01,77.4,USD,4.0,4,Delivered
ORD-103181,"Jun 16, 2025",Meridian Expr,Hamburg,DE,Frankfurt,DE,Standard,Industrial,52.46,116.06,EUR,3.0,4,Delivered
ORD-102927,2025-08-24,Baltica Logistics,Hamburg,DE,Malmo,SE,Economy,Retail,31.85,69.47,EUR,3.0,7,Delivered
ORD-103221,"Jul 17, 2025",Baltica Logistics,Hamburg,DE,Malmo,SE,Standard,E-Commerce,5.26,40.19,EUR,2.0,4,Delivered
ORD-101431,2025-06-10,Hanseatic Line,Hamburg,DE,Berlin,DE,Standard,Industrial,44.31,92.1,EUR,5.0,4,DELAYED
ORD-103981,18/04/2025,Vantage Freight,Rotterdam,NL,Rome,IT,Standard,Industrial,19.31,64.13,EUR,4.0,4,Delivered
ORD-100112,2025-12-31,Nordfrakt AB,Barcelona,ES,Rome,IT,Economy,Industrial,6.15,39.95,EUR,6.0,7,Delivered
ORD-102365,"Apr 17, 2025",kestrel,Gothenburg,SE,Cologne,DE,Express,Retail,21.92,103.05,EUR,2.0,2,Delivered
ORD-101321,"Jul 29, 2025",Nordfrakt AB,Rotterdam,NL,Frankfurt,DE,Express,Wholesale,22.24,131.32,EUR,2.0,2,Delivered
ORD-104021,2025-03-27,Meridian Expr,Gothenburg,SE, Marseille ,FR,Express,E-Commerce,34.41,212.84,EUR,2.0,2,Delivered
ORD-102576,2025-07-28 00:00:00,kestrel,Gothenburg,SE,Madrid,ES,Standard,Retail,61.87,1675.53,SEK,6.0,4,Delayed
ORD-100947,2025-05-13 00:00:00,vantage freight,Hamburg,DE,Madrid,ES,Standard,Industrial,55.58,156.69,EUR,4.0,4,Delivered
ORD-101587,12/04/2025,Baltica Logistics A/S,Milan,IT,Madrid,ES,Express,E-Commerce,46.85,191.81,EUR,3.0,2,DELAYED
ORD-101177,16/06/2025,Meridian Expr,Hamburg,DE,Munich,DE,Economy,Wholesale,3.45,201.20000000000002,EUR,4.0,7,Delivered
ORD-102641,"Nov 28, 2025",Hanseatic Lines,Rotterdam,NL,Gdansk,PL,Standard,Retail,10.83,68.62,USD,6.0,4,Delayed
ORD-102592,2025-12-18 00:00:00,Baltica Log.,Gothenburg,SE, Madrid ,ES,Economy,Wholesale,24.65,59.68,EUR,7.0,7,Delivered
ORD-103744,"Jul 11, 2025",KESTREL PARCEL,Milan,IT,Malmo,SE,Standard,E-Commerce,28.47,62.87,EUR,3.0,4,Delivered
ORD-103931,"Apr 11, 2025", Nordfrakt ,Milan,IT,Rome,IT,Economy,Industrial,25.16,49.39,EUR,7.0,7,Delivered
ORD-101614,2025-04-03 00:00:00,HANSEATIC,Milan,IT,Warsaw,PL,Standard,Retail,7.74,53.33,EUR,7.0,4,Delayed
ORD-102156,30/10/2025,Kestrel Parcels AB,Barcelona,ES, Eindhoven ,NL,Economy,Wholesale,4.17,30.05,USD,4.0,7,Delivered
ORD-101742,06/11/2025,Vantage Freight,Barcelona,ES,Stockholm,SE,Standard,Wholesale,8.53,54.74,EUR,2.0,4,Delivered
ORD-104623,13/04/2025,Kestrel Parcel,Rotterdam,NL,Oslo,NO,Standard,E-Commerce,52.74,84.48,EUR,4.0,4,Delivered
ORD-103449,2025-11-28 00:00:00, Meridian Express,Hamburg,DE,Gothenburg,SE,Standard,E-Commerce,6.79,609.99,SEK,3.0,4,Delivered
ORD-103510,,nordfrakt,Gothenburg,SE,Eindhoven,NL,Standard,Industrial,34.62,75.19,EUR,2.0,4,Delivered
ORD-102089,2025-03-11 00:00:00, Meridian Express,Barcelona,ES,Stockholm,SE,Standard,Retail,45.34,76.16,EUR,2.0,4,DELIVERED
ORD-104473,2025-05-14 00:00:00, Meridian Express,Hamburg,DE,Marseille,FR,Economy,E-Commerce,23.98,44.75,EUR,4.0,7,DELIVERED
ORD-102162,"Oct 08, 2025", Nordfrakt ,Milan,IT,London,GB,Standard,Industrial,30.06,75.21,EUR,4.0,4,Delivered
ORD-101923,"Oct 27, 2025",Kestrel Parcels AB,Gothenburg,SE,Malmo,SE,Economy,Wholesale,19.84,42.35,EUR,3.0,7,In Transit
ORD-102996,"Aug 13, 2025",Kestrel Parcels AB,Barcelona,ES,Valencia,ES,Economy,Industrial,18.12,46.96,EUR,6.0,7,Delivered
ORD-104353,13/10/2025, Meridian Express,Hamburg,DE,Brno,CZ,Economy,Wholesale,41.02,745.08,SEK,5.0,7,Delivered
ORD-102369,05/06/2025, Meridian Express,Hamburg,DE,Manchester,GB,Standard,Industrial,33.74,105.38,EUR,3.0,4,Delivered
ORD-103212,2025-09-04 00:00:00,hanseatic line,Barcelona,ES, Paris ,FR,Standard,Retail,37.51,86.24,EUR,5.0,4,Delayed
ORD-101109,2025-03-25,Vantage Freight,Hamburg,DE,Cologne,DE,Express,E-Commerce,2.62,73.32,EUR,1.0,2,Delivered
ORD-101224,2025-10-15 00:00:00,MERIDIAN EXPRESS,Rotterdam,NL,Stockholm,SE,Standard,Industrial,44.03,82.11,EUR,2.0,4,Delivered
ORD-104217,04/09/2025, Nordfrakt ,Gothenburg,SE,Manchester,GB,Standard,Wholesale,4.21,42.76,EUR,4.0,4,Delivered
ORD-103732,2025-10-07,Baltica Logistics,Rotterdam,NL,Turin,IT,Economy,E-Commerce,15.4,639.34,SEK,6.0,7,Delivered
ORD-100525,18/08/2025, Nordfrakt ,Hamburg,DE,Tampere,FI,Standard,Industrial,53.02,126.96,USD,4.0,4,Delivered
ORD-103369,2025-05-05,vantage freight,Barcelona,ES,Malmo,SE,Standard,Industrial,21.46,68.03,EUR,1.0,4,Delivered
ORD-104404,"Jul 22, 2025", Meridian Express,Milan,IT,Helsinki,FI,Economy,E-Commerce,74.74,89.33,EUR,6.0,7,In Transit
ORD-103020,"Sep 08, 2025",Hanseatic Line,Rotterdam,NL,Geneva,CH,Express,Industrial,31.23,172.37,EUR,3.0,2,Delayed
ORD-100506,"Dec 17, 2025",nordfrakt,Gothenburg,SE,Krakow,PL,Economy,Wholesale,55.84,937.66,SEK,7.0,7,Delivered
ORD-102062,"May 22, 2025",kestrel,Barcelona,ES,Tampere,FI,Standard,Wholesale,3.58,36.24,EUR,5.0,4,Delayed
ORD-103398,05/03/2025,nordfrakt,Gothenburg,SE,Oslo,NO,Economy,Retail,7.58,26.88,EUR,4.0,7,Delivered
ORD-101449,2025-04-28,MERIDIAN EXPRESS,Hamburg,DE,Malmo,SE,Economy,E-Commerce,52.35,56.28,EUR,3.0,7,Delivered
ORD-101264,2025-07-09,hanseatic line,Rotterdam,NL,Gothenburg,SE,Express,Industrial,19.85,108.87,EUR,2.0,2,DELIVERED
ORD-104431,2025-04-18,baltica,Rotterdam,NL,Zurich,CH,Standard,Wholesale,23.31,918.84,SEK,4.0,4,Delivered
ORD-103452,2025-11-04,HANSEATIC,Rotterdam,NL,Vienna,AT,Standard,Retail,20.59,864.17,SEK,5.0,4,Delayed
ORD-102424,08/09/2025,KESTREL PARCEL,Gothenburg,SE,Stockholm,SE,Standard,Retail,9.53,48.74,EUR,2.0,4,Delivered
ORD-100857,2025-04-01 00:00:00,Nordfrakt,Rotterdam,NL,Eindhoven,NL,Standard,Industrial,27.62,89.39,EUR,2.0,4,Delivered
ORD-102551,25/08/2025, Meridian Express,Hamburg,DE,Stockholm,SE,Standard,E-Commerce,49.54,101.92,EUR,2.0,4,Delivered
ORD-100046,2025-10-31 00:00:00,Vantage Freight,Rotterdam,NL,Munich,DE,Standard,Industrial,13.96,50.02,EUR,2.0,4,Delivered
ORD-102314,03/07/2025,Meridian Expr,Hamburg,DE,Turin,IT,Economy,Industrial,32.5,53.22,EUR,4.0,7,Delivered
ORD-100232,"Mar 11, 2025",vantage freight,Rotterdam,NL,Geneva,CH,Standard,E-Commerce,41.2,95.02,USD,3.0,4,Delivered
ORD-100941,08/10/2025,Meridian Expr,Hamburg,DE, Malmo ,SE,Express,Industrial,15.51,107.56,EUR,1.0,2,Delivered
ORD-104676,31/12/2025,nordfrakt,Barcelona,ES,Tampere,FI,Standard,Wholesale,22.05,87.88,EUR,5.0,4,Delayed
ORD-104885,2025-06-20 00:00:00,Baltica Logistics,Hamburg,DE,Gdansk,PL,Economy,Industrial,12.86,460.24,SEK,5.0,7,Delivered
ORD-104360,2025-03-05,Nordfrakt,Rotterdam,NL,Paris,FR,Standard,Industrial,23.34,74.13,EUR,3.0,4,Delivered
ORD-103681,"Mar 18, 2025",Vantage,Milan,IT,Graz,AT,Standard,Industrial,25.34,80.32,EUR,4.0,4,Delivered
ORD-103902,"Dec 05, 2025", Meridian Express,Gothenburg,SE,Bergen,NO,Economy,Wholesale,14.07,43.01,EUR,5.0,7,Delivered
ORD-102221,2025-05-26 00:00:00,Vantage,Hamburg,DE,Krakow,PL,Standard,Wholesale,18.62,52.78,EUR,4.0,4,Delivered
ORD-101165,27/04/2025,nordfrakt,Rotterdam,NL,Valencia,ES,Express,Retail,89.46,307.93,EUR,2.0,2,Delivered
ORD-100204,07/11/2025,Nordfrakt AB,Rotterdam,NL,Amsterdam,NL,Standard,Retail,52.92,126.33,EUR,3.0,4,Delivered
ORD-104114,07/08/2025,Meridian Express,Milan,IT,Frankfurt,DE,Express,Industrial,26.25,1366.13,SEK,2.0,2,DELIVERED
ORD-103705,2025-12-01 00:00:00,Baltica Logistics,Hamburg,DE,Malmo,SE,Standard,Wholesale,22.43,501.59999999999997,EUR,2.0,4,Delivered
ORD-104458,2025-05-03,Hanseatic Line,Barcelona,ES,Stockholm,SE,Standard,Wholesale,54.57,120.65,EUR,2.0,4,Delivered
ORD-103693,2025-08-27,Kestrel Parcel,Hamburg,DE,Berlin,DE,Standard,E-Commerce,41.8,95.19,EUR,2.0,4,In Transit
ORD-102729,"Nov 09, 2025",hanseatic line,Rotterdam,NL,Stockholm,SE,Standard,Industrial,46.6,95.56,EUR,4.0,4,Delivered
ORD-101600,2025-08-13,kestrel,Milan,IT,Munich,DE,Standard,E-Commerce,26.11,93.71,EUR,3.0,4,Delivered
ORD-100086,"Apr 23, 2025",Hanseatic Lines,Rotterdam,NL,Lyon,FR,Standard,Wholesale,5.37,49.6,EUR,6.0,4,Delayed
ORD-103240,2025-06-23, Nordfrakt ,Hamburg,DE,Stockholm,SE,Economy,Industrial,7.89,34.73,EUR,,7,Delivered
ORD-100621,18/11/2025,Baltica Log.,Hamburg,DE,Graz,AT,Standard,E-Commerce,20.5,,EUR,3.0,4,Delivered
ORD-103466,2025-12-21 00:00:00,KESTREL PARCEL,Hamburg,DE,Gdansk,PL,Standard,Wholesale,27.54,78.79,EUR,3.0,4,Delivered
ORD-100364,05/05/2025,Nordfrakt AB,Rotterdam,NL,Prague,CZ,Express,E-Commerce,34.27,143.06,EUR,2.0,2,Delivered
ORD-101292,2025-10-30,Vantage,Milan,IT,Gdansk,PL,Economy,E-Commerce,32.69,67.66,EUR,5.0,7,Delivered
ORD-102979,2025-11-17,Vantage Freight Ltd,Rotterdam,NL,Paris,FR,Standard,Industrial,14.63,63.13,EUR,4.0,4,Delivered
ORD-102948,2025-12-17, Nordfrakt ,Barcelona,ES,Oslo,NO,Standard,E-Commerce,32.67,85.81,EUR,4.0,4,Delivered
ORD-103667,2025-06-09, Meridian Express,Rotterdam,NL,Graz,AT,Economy,Wholesale,18.27,44.94,EUR,4.0,7,Delivered
ORD-103918,"Apr 03, 2025",nordfrakt,Rotterdam,NL,London,GB,Express,Wholesale,11.41,97.08,EUR,2.0,2,Delivered
ORD-104499,2025-09-08,Vantage Freight,Rotterdam,NL,Munich,DE,Standard,Retail,63.52,108.51,EUR,3.0,4,Delivered
ORD-104906,2025-08-04,hanseatic line,Rotterdam,NL, Stockholm ,SE,Express,Wholesale,10.05,87.55,EUR,1.0,2,Delivered
ORD-102866,2025-08-21 00:00:00,Vantage Freight,Rotterdam,NL,Stockholm,SE,Economy,E-Commerce,53.35,68.01,EUR,3.0,7,Delivered
ORD-100220,2025-05-12,HANSEATIC,Gothenburg,SE,Warsaw,PL,Standard,Retail,8.01,57.74,USD,5.0,4,DELAYED
ORD-104034,"Oct 20, 2025",Meridian Express,Rotterdam,NL,Gothenburg,SE,Standard,Wholesale,23.83,54.3,EUR,2.0,4,Delivered
ORD-104764,"Oct 27, 2025",kestrel,Rotterdam,NL,Paris,FR,Express,Retail,27.89,121.19,EUR,3.0,2,Delayed
ORD-102007,2025-05-23, Nordfrakt ,Milan,IT,Frankfurt,DE,Standard,Industrial,9.19,48.62,EUR,4.0,4,Delivered
ORD-101192,2025-06-02,Vantage,Rotterdam,NL,Paris,FR,Economy,Retail,22.94,38.27,EUR,5.0,7,Delivered
ORD-103701,"Jul 07, 2025",nordfrakt,Rotterdam,NL,Zurich,CH,Standard,E-Commerce,19.11,70.1,USD,3.0,4,Delivered
ORD-100563,2025-06-08 00:00:00, Nordfrakt ,Hamburg,DE,Brno,CZ,Standard,Industrial,33.45,92.56,USD,4.0,4,Delivered
ORD-104387,2025-04-02 00:00:00,baltica,Rotterdam,NL,Bergen,NO,Express,E-Commerce,7.64,81.57,USD,2.0,2,Delivered
ORD-102538,2025-12-17 00:00:00,Vantage Freight,Gothenburg,SE,Bergen,NO,Standard,E-Commerce,5.31,47.36,USD,4.0,4,Delivered
ORD-100522,16/06/2025,nordfrakt,Milan,IT,Brno,CZ,Standard,Industrial,34.55,113.52,USD,4.0,4,Delivered
ORD-104022,2025-12-23 00:00:00,nordfrakt,Gothenburg,SE,Tampere,FI,Express,Industrial,12.6,126.28,EUR,3.0,2,Delayed
ORD-103231,25/06/2025,Vantage Freight Ltd,Rotterdam,NL,Gdansk,PL,Standard,Industrial,21.18,58.45,USD,3.0,4,Delivered
ORD-102919,2025-09-24,Baltica Logistics,Hamburg,DE,Malmo,SE,Economy,E-Commerce,42.58,54.4,USD,3.0,7,Delivered
ORD-103741,2025-08-14 00:00:00,Baltica Logistics A/S,Hamburg,DE, Paris ,FR,Express,Industrial,36.45,205.43,USD,2.0,2,Delivered
ORD-102657,2025-07-28 00:00:00, Nordfrakt ,Milan,IT,Paris,FR,Standard,E-Commerce,12.25,41.64,EUR,3.0,4,Delivered
ORD-104939,2025-09-02,Baltica Logistics A/S,Hamburg,DE,Stockholm,SE,Standard,E-Commerce,19.23,54.2,EUR,2.0,4,DELIVERED
ORD-103227,24/09/2025,KESTREL PARCEL,Gothenburg,SE,Amsterdam,NL,Economy,E-Commerce,69.12,97.25,USD,5.0,7,Delivered
ORD-102526,13/11/2025,Vantage Freight,Rotterdam,NL,Valencia,ES,Economy,Industrial,67.97,118.2,EUR,7.0,7,Delivered
ORD-101650,2025-06-13,Hanseatic Line,Gothenburg,SE,Geneva,CH,Standard,Wholesale,45.12,118.78,USD,6.0,4,Delayed
ORD-100551,2025-10-03,Vantage,Rotterdam,NL,Marseille,FR,Standard,E-Commerce,25.84,662.51,SEK,3.0,4,Delivered
ORD-101635,2025-12-20 00:00:00,nordfrakt,Rotterdam,NL,Oslo,NO,Economy,E-Commerce,45.86,66.93,EUR,5.0,7,Delivered
ORD-101816,07/07/2025,Meridian Express,Milan,IT,Brno,CZ,Standard,E-Commerce,17.95,61.88,EUR,3.0,4,Delivered
ORD-100755,"Oct 27, 2025",nordfrakt,Gothenburg,SE,Aarhus,DK,Standard,Industrial,43.59,76.06,EUR,2.0,4,Delivered
ORD-102634,2025-04-15 00:00:00,Vantage Freight Ltd,Rotterdam,NL,Geneva,CH,Standard,Wholesale,7.82,56.77,EUR,3.0,4,Delivered
ORD-101327,16/04/2025,Nordfrakt,Gothenburg,SE,Gdansk,PL,Standard,E-Commerce,27.35,84.14,EUR,4.0,4,Delivered
ORD-104296,2025-10-31,Vantage Freight,Gothenburg,SE,Amsterdam,NL,Standard,Retail,40.12,87.94,EUR,2.0,4,Delivered
ORD-100043,2025-09-11 00:00:00,Vantage Freight,Rotterdam,NL,Malmo,SE,Express,Industrial,29.41,162.97,USD,1.0,2,Delivered
ORD-100480,"Aug 06, 2025",Hanseatic Line,Rotterdam,NL,Prague,CZ,Standard,Wholesale,19.17,82.17,EUR,6.0,4,Delayed
ORD-104630,2025-05-21 00:00:00,Vantage,Rotterdam,NL,Tampere,FI,Express,Wholesale,59.08,273.24,EUR,2.0,2,Delivered
ORD-103659,2025-11-26 00:00:00,Nordfrakt,Hamburg,DE,Valencia,ES,Economy,Wholesale,34.72,50.39,EUR,6.0,7,Delivered
ORD-100654,2025-12-29 00:00:00, Nordfrakt ,Gothenburg,SE,Copenhagen,DK,Standard,E-Commerce,25.33,82.29,EUR,2.0,4,Delivered
ORD-104519,22/10/2025,nordfrakt,Hamburg,DE,Aarhus,DK,Economy,E-Commerce,15.38,30.1,EUR,3.0,7,Delivered
ORD-100464,2025-03-04 00:00:00,Hanseatic Lines,Hamburg,DE,Vienna,AT,Economy,Retail,26.49,65.23,EUR,8.0,7,Delayed
ORD-101033,"Aug 20, 2025",Kestrel Parcel,Hamburg,DE,Berlin,DE,Express,E-Commerce,23.48,109.01,EUR,2.0,2,DELIVERED
ORD-100065,26/08/2025,vantage freight,Hamburg,DE,Paris,FR,Economy,Industrial,24.05,50.08,EUR,5.0,7,Delivered
ORD-101432,2025-06-02 00:00:00,Nordfrakt AB,Rotterdam,NL, Graz ,AT,Economy,Industrial,15.56,34.23,USD,4.0,7,Delivered
ORD-103476,26/12/2025,Meridian Expr,Barcelona,ES,Brno,CZ,Economy,Industrial,19.07,52.35,EUR,6.0,7,Delivered
ORD-104954,2025-09-23 00:00:00,Kestrel Parcels AB,Milan,IT, Paris ,FR,Economy,Wholesale,21.74,45.84,EUR,5.0,7,DELIVERED
ORD-104916,"Apr 28, 2025",nordfrakt,Barcelona,ES,Turin,IT,Express,Industrial,66.9,267.26,EUR,2.0,2,Delivered
ORD-101780,"Mar 26, 2025",Nordfrakt AB,Gothenburg,SE,Berlin,DE,Express,Wholesale,18.73,114.42,EUR,1.0,2,Delivered
ORD-102109,2025-08-03 00:00:00,Hanseatic Lines,Hamburg,DE,Malmo,SE,Economy,Retail,19.18,30.98,EUR,4.0,7,Delivered
ORD-104900,08/09/2025,MERIDIAN EXPRESS,Hamburg,DE,Gothenburg,SE,Economy,E-Commerce,7.13,25.19,EUR,3.0,7,DELIVERED
ORD-103406,2025-09-12,KESTREL PARCEL,Gothenburg,SE,Malmo,SE,Standard,E-Commerce,12.35,47.83,EUR,2.0,4,Delivered
ORD-104508,24/07/2025,Meridian Expr,Hamburg,DE,Gothenburg,SE,Standard,E-Commerce,10.88,474.21,SEK,2.0,4,Delivered
ORD-103023,2025-06-18,Vantage Freight Ltd,Milan,IT,Frankfurt,DE,Standard,Retail,10.45,43.1,EUR,3.0,4,Delivered
ORD-103637,2025-11-30 00:00:00,Nordfrakt,Gothenburg,SE,Cologne,DE,Express,Retail,30.19,147.86,EUR,2.0,2,Delivered
ORD-104815,2025-08-11,Nordfrakt AB,Gothenburg,SE,Rome,IT,Economy,Retail,34.25,58.01,EUR,5.0,7,Delivered
ORD-103236,2025-09-16 00:00:00, Nordfrakt ,Rotterdam,NL,Copenhagen,DK,Express,Retail,8.94,94.75,EUR,1.0,2,Delivered
ORD-100077,"Jul 03, 2025",Nordfrakt,Gothenburg,SE,Tampere,FI,Standard,Wholesale,28.32,77.09,EUR,5.0,4,Delayed
ORD-104806,2025-11-12 00:00:00,Meridian Expr,Barcelona,ES,Helsinki,FI,Express,Wholesale,18.94,146.21,EUR,2.0,2,DELIVERED
ORD-103953,,Hanseatic Line,Gothenburg,SE,Stockholm,SE,Standard,Retail,49.05,103.66,EUR,3.0,4,Delivered
ORD-104833,2025-07-08 00:00:00, Nordfrakt ,Gothenburg,SE,Prague,CZ,Standard,E-Commerce,46.57,109.41,EUR,4.0,4,Delivered
ORD-102102,"Jun 03, 2025",MERIDIAN EXPRESS,Barcelona,ES,Zurich,CH,Standard,Wholesale,15.96,645.73,SEK,3.0,4,Delivered
ORD-103430,15/07/2025,hanseatic line,Hamburg,DE,Turin,IT,Standard,Retail,26.05,79.9,USD,6.0,4,Delayed
ORD-104675,"Sep 19, 2025", Nordfrakt ,Gothenburg,SE,Amsterdam,NL,Economy,Retail,38.04,476.5,EUR,4.0,7,Delivered
ORD-103708,2025-11-26 00:00:00, Meridian Express,Gothenburg,SE,Marseille,FR,Standard,Industrial,65.95,125.31,EUR,3.0,4,Delivered
ORD-104802,30/06/2025,Baltica Log.,Barcelona,ES,Madrid,ES,Standard,Industrial,28.35,103.01,EUR,3.0,4,Delivered
ORD-101481,2025-03-01 00:00:00,baltica,Rotterdam,NL,Gothenburg,SE,Standard,Wholesale,11.77,48.02,EUR,2.0,4,In Transit
ORD-104770,11/08/2025,vantage freight,Gothenburg,SE,Lyon,FR,Economy,Industrial,8.72,33.84,EUR,3.0,7,Delivered
ORD-104016,"Jul 28, 2025",nordfrakt,Hamburg,DE,Warsaw,PL,Economy,Industrial,31.64,48.8,EUR,5.0,7,Delivered
ORD-100029,2025-10-30,Hanseatic Line,Rotterdam,NL,Graz,AT,Economy,Wholesale,18.09,53.98,EUR,7.0,7,Delivered
ORD-100463,17/10/2025,KESTREL PARCEL,Gothenburg,SE,Manchester,GB,Express,E-Commerce,104.19,376.27,EUR,2.0,2,Delivered
ORD-104116,"Mar 11, 2025",Kestrel Parcel,Gothenburg,SE,Bergen,NO,Standard,Wholesale,43.41,122.91,USD,4.0,4,Delivered
ORD-100916,2025-12-24,hanseatic line,Rotterdam,NL,Copenhagen,DK,Standard,Retail,14.95,45.82,EUR,3.0,4,Delivered
ORD-101299,2025-03-17,baltica,Gothenburg,SE,Stockholm,SE,Standard,E-Commerce,12.29,46.38,USD,2.0,4,Delivered
ORD-103306,2025-07-30,Vantage Freight,Milan,IT,Eindhoven,NL,Standard,E-Commerce,32.94,80.59,EUR,3.0,4,Delivered
ORD-103939,2025-12-05 00:00:00,Nordfrakt AB,Hamburg,DE,Graz,AT,Express,Industrial,56.8,201.85,EUR,3.0,2,Delayed
ORD-100518,17/11/2025,Vantage,Barcelona,ES, Frankfurt ,DE,Standard,Industrial,69.72,149.49,EUR,,4,Cancelled
ORD-102971,2025-03-28 00:00:00,nordfrakt,Rotterdam,NL,Gothenburg,SE,Standard,E-Commerce,23.01,52.19,EUR,2.0,4,Delivered
ORD-103697,13/10/2025,Nordfrakt AB,Hamburg,DE,Madrid,ES,Standard,Industrial,56.05,128.63,EUR,4.0,4,Delivered
ORD-103772,"Dec 15, 2025",Hanseatic Line,Milan,IT,Frankfurt,DE,Standard,Wholesale,21.55,66.07,EUR,4.0,4,Delivered
ORD-102415,,Baltica Log.,Gothenburg,SE,London,GB,Standard,Retail,1.97,51.86,EUR,5.0,4,Delayed
ORD-101554,2025-11-07,Meridian Express,Hamburg,DE,Munich,DE,Economy,Industrial,51.63,102.0,EUR,5.0,7,Delivered
ORD-103770,2025-10-19,Nordfrakt,Hamburg,DE,Tampere,FI,Standard,Industrial,40.73,94.39,EUR,4.0,4,Delivered
ORD-103897,"Mar 10, 2025",nordfrakt,Rotterdam,NL, Rome ,IT,Economy,Industrial,90.92,121.18,EUR,4.0,7,Delivered
ORD-102429,2025-07-27, Nordfrakt ,Rotterdam,NL,Stockholm,SE,Standard,Industrial,37.03,74.49,EUR,2.0,4,Delivered
ORD-103821,2025-03-07,Vantage Freight,Hamburg,DE,Geneva,CH,Standard,Retail,69.89,141.49,EUR,3.0,4,Delivered
ORD-102076,2025-11-10,Vantage,Barcelona,ES,Aarhus,DK,Standard,Industrial,22.7,82.38,EUR,,4,Cancelled
ORD-101017,27/11/2025,vantage freight,Hamburg,DE,Cologne,DE,Express,E-Commerce,18.57,94.06,EUR,2.0,2,Delivered
ORD-104797,08/05/2025,Hanseatic Line,Barcelona,ES,Gothenburg,SE,Standard,Industrial,25.49,70.0,EUR,3.0,4,Delivered
ORD-101215,2025-05-02 00:00:00,nordfrakt,Rotterdam,NL,Prague,CZ,Standard,E-Commerce,13.29,66.76,EUR,4.0,4,Delivered
ORD-104687,2025-08-06,Kestrel Parcels AB,Gothenburg,SE,Graz,AT,Express,Wholesale,34.95,187.45,USD,3.0,2,Delayed
ORD-104697,"Apr 18, 2025",Kestrel Parcel,Milan,IT,Warsaw,PL,Standard,Wholesale,31.94,66.84,EUR,6.0,4,Delayed
ORD-104597,2025-03-03,Baltica Log.,Rotterdam,NL,Warsaw,PL,Standard,Industrial,4.04,506.69,SEK,4.0,4,Delivered
ORD-103253,22/09/2025,Nordfrakt AB,Gothenburg,SE,Manchester,GB,Economy,Retail,7.91,27.42,EUR,6.0,7,Delivered
ORD-103469,,MERIDIAN EXPRESS,Gothenburg,SE,Frankfurt,DE,Standard,E-Commerce,6.88,43.96,EUR,3.0,4,Delivered
ORD-100286,"May 28, 2025",vantage freight,Rotterdam,NL,Malmo,SE,Economy,E-Commerce,76.77,894.88,SEK,2.0,7,Delivered
ORD-104745,2025-08-15,Nordfrakt,Barcelona,ES,Bergen,NO,Economy,Retail,13.2,43.54,EUR,5.0,7,Delivered
ORD-102312,06/12/2025,Meridian Express,Hamburg,DE,Helsinki,FI,Economy,Industrial,33.3,68.84,USD,8.0,7,Delayed
ORD-103179,,Hanseatic Line,Gothenburg,SE,Tampere,FI,Economy,Wholesale,65.06,98.35,USD,10.0,7,DELAYED
ORD-104867,25/08/2025,MERIDIAN EXPRESS,Rotterdam,NL,Madrid,ES,Economy,E-Commerce,21.45,54.07,EUR,5.0,7,Delivered
ORD-104705,"Jul 07, 2025",vantage freight,Gothenburg,SE,Eindhoven,NL,Economy,E-Commerce,13.51,26.97,EUR,4.0,7,Delivered
ORD-102052,15/09/2025,Baltica Logistics A/S,Hamburg,DE,Graz,AT,Express,Industrial,22.95,138.11,EUR,3.0,2,Delayed
ORD-100428,14/03/2025,Vantage,Gothenburg,SE,Valencia,ES,Express,Wholesale,6.69,114.79,EUR,3.0,2,Delayed
ORD-104142,2025-05-29,KESTREL PARCEL,Rotterdam,NL,Stockholm,SE,Standard,Wholesale,52.56,1062.74,SEK,3.0,4,DELIVERED
ORD-101467,2025-09-29 00:00:00, Nordfrakt ,Rotterdam,NL,Munich,DE,Standard,Wholesale,19.17,66.04,EUR,3.0,4,Delivered
ORD-104228,2025-09-08,HANSEATIC,Hamburg,DE,Prague,CZ,Standard,E-Commerce,30.55,78.42,EUR,5.0,4,Delayed
ORD-104782,2025-09-05,nordfrakt,Hamburg,DE,Valencia,ES,Economy,Retail,18.81,34.71,EUR,5.0,7,Delivered
ORD-104528,2025-10-30 00:00:00,Baltica Logistics A/S,Gothenburg,SE,Rome,IT,Express,Retail,23.01,160.86,EUR,3.0,2,Delayed
ORD-100350,18/12/2025,nordfrakt,Hamburg,DE,Gdansk,PL,Economy,Industrial,25.93,67.42,EUR,5.0,7,Delivered
ORD-100660,"Jun 06, 2025",vantage freight,Rotterdam,NL,Aarhus,DK,Economy,E-Commerce,31.0,799.08,SEK,3.0,7,Delivered
ORD-101339,"Oct 10, 2025",Nordfrakt,Hamburg,DE,Vienna,AT,Standard,Wholesale,5.12,523.56,SEK,3.0,4,Delivered
ORD-102947,29/11/2025,MERIDIAN EXPRESS,Barcelona,ES,Paris,FR,Economy,Retail,27.23,60.91,EUR,5.0,7,Delivered
ORD-103247,2025-04-18 00:00:00,Baltica Logistics A/S,Hamburg,DE,Berlin,DE,Express,E-Commerce,24.36,102.42,EUR,2.0,2,Delivered
ORD-102206,2025-05-13,Nordfrakt AB,Gothenburg,SE,Gothenburg,SE,Express,Industrial,25.23,125.99,USD,1.0,2,Delivered
ORD-100383,11/07/2025, Nordfrakt ,Hamburg,DE,Munich,DE,Standard,Retail,22.6,74.73,USD,,4,Delivered
ORD-103084,"Sep 03, 2025",Kestrel Parcels AB,Rotterdam,NL,Vienna,AT,Economy,Wholesale,5.64,35.62,EUR,5.0,7,Delivered
ORD-102216,03/11/2025,nordfrakt,Hamburg,DE,Tampere,FI,Standard,Wholesale,78.74,119.08,EUR,4.0,4,Delivered
ORD-102188,"Nov 09, 2025", Nordfrakt ,Rotterdam,NL,Eindhoven,NL,Standard,E-Commerce,31.15,83.77,EUR,3.0,4,DELIVERED
ORD-103940,"Dec 25, 2025",Baltica Logistics A/S,Gothenburg,SE,London,GB,Standard,Industrial,8.43,50.09,EUR,5.0,4,Delayed
ORD-100299,"Mar 12, 2025",Vantage Freight,Rotterdam,NL, Cologne ,DE,Standard,E-Commerce,13.68,,EUR,,4,Delivered
ORD-101615,"Jun 03, 2025",Nordfrakt AB,Barcelona,ES,Frankfurt,DE,Standard,Retail,66.79,1576.32,SEK,3.0,4,Delivered
ORD-103885,2025-10-14,Kestrel Parcels AB,Barcelona,ES,Stockholm,SE,Economy,Retail,2.85,21.0,USD,4.0,7,Delivered
ORD-102317,26/10/2025,KESTREL PARCEL,Hamburg,DE,Malmo,SE,Economy,Retail,21.74,42.48,USD,3.0,7,Delivered
ORD-104423,2025-11-05 00:00:00,MERIDIAN EXPRESS,Rotterdam,NL,Berlin,DE,Standard,Wholesale,45.72,101.48,EUR,3.0,4,Delivered
ORD-103255,12/06/2025,Meridian Expr,Rotterdam,NL,Krakow,PL,Standard,E-Commerce,17.52,69.17,USD,4.0,4,Delivered
ORD-101937,2025-12-30 00:00:00,Baltica Logistics,Hamburg,DE,Gothenburg,SE,Economy,Industrial,16.39,38.51,EUR,2.0,7,Delivered
ORD-104956,"May 28, 2025",MERIDIAN EXPRESS,Barcelona,ES,Copenhagen,DK,Standard,Wholesale,42.45,89.94,USD,2.0,4,Delivered
ORD-104282,02/06/2025,Nordfrakt,Gothenburg,SE,Paris,FR,Economy,Retail,36.16,61.99,EUR,5.0,7,Delivered
ORD-104433,2025-05-02 00:00:00, Nordfrakt ,Rotterdam,NL,Lyon,FR,Standard,Retail,31.3,87.56,USD,3.0,4,Delivered
ORD-101528,12/03/2025,Vantage Freight Ltd,Rotterdam,NL,Bergen,NO,Standard,Retail,16.83,59.69,EUR,3.0,4,Delivered
ORD-100052,2025-09-16 00:00:00,Vantage Freight,Gothenburg,SE,Oslo,NO,Standard,Retail,48.37,920.42,SEK,3.0,4,Delivered
ORD-100846,"May 26, 2025",nordfrakt,Rotterdam,NL,Copenhagen,DK,Express,Retail,49.14,184.38,EUR,1.0,2,Delivered
ORD-100251,2025-11-27,Vantage Freight,Gothenburg,SE,Marseille,FR,Standard,Wholesale,9.3,780.94,SEK,4.0,4,Delivered
ORD-101027,2025-08-04 00:00:00, Meridian Express,Gothenburg,SE,Graz,AT,Economy,E-Commerce,10.7,39.27,USD,4.0,7,Delivered
ORD-101668,2025-12-18 00:00:00, Meridian Express,Hamburg,DE,Rome,IT,Standard,Industrial,36.3,116.36,USD,5.0,4,Delayed
ORD-100806,2025-12-25, Meridian Express,Barcelona,ES,Graz,AT,Standard,Industrial,4.54,56.12,EUR,5.0,4,Delayed
ORD-101552,"Dec 18, 2025",Hanseatic Lines,Gothenburg,SE,Marseille,FR,Economy,Industrial,16.72,538.44,SEK,10.0,7,Delayed
ORD-100031,03/07/2025,Meridian Express,Gothenburg,SE,Brno,CZ,Standard,Wholesale,60.39,114.11,EUR,3.0,4,Delivered
ORD-103033,2025-04-30,Vantage,Rotterdam,NL,Rome,IT,Economy,Industrial,64.18,82.86,EUR,6.0,7,Delivered
ORD-104137,2025-07-21 00:00:00,Meridian Express,Milan,IT,Manchester,GB,Standard,E-Commerce,58.35,149.94,EUR,3.0,4,Delivered
ORD-103217,2025-10-23,kestrel,Gothenburg,SE,Gothenburg,SE,Economy,Industrial,31.61,534.79,SEK,3.0,7,Delivered
ORD-102327,"Jun 01, 2025",nordfrakt,Hamburg,DE,Manchester,GB,Standard,Wholesale,38.11,90.81,EUR,3.0,4,Delivered
ORD-102020,2025-08-14 00:00:00,nordfrakt,Gothenburg,SE,Aarhus,DK,Standard,E-Commerce,4.46,39.02,EUR,3.0,4,Delivered
ORD-102144,"Sep 16, 2025",kestrel,Milan,IT,Eindhoven,NL,Economy,Wholesale,19.13,44.22,EUR,,7,Delivered
ORD-102489,2025-09-15,Meridian Expr,Rotterdam,NL,Eindhoven,NL,Express,Wholesale,47.17,152.27,EUR,2.0,2,Delivered
ORD-102356,2025-10-13 00:00:00, Nordfrakt ,Hamburg,DE,Stockholm,SE,Standard,Retail,14.47,51.85,USD,,4,Delivered
ORD-104367,2025-05-19 00:00:00,HANSEATIC,Hamburg,DE,Marseille,FR,Economy,Wholesale,44.27,75.26,USD,,7,Delayed
ORD-104440,27/08/2025,nordfrakt,Gothenburg,SE,Eindhoven,NL,Economy,Wholesale,4.15,30.42,EUR,4.0,7,Delivered
ORD-104479,2025-12-22 00:00:00,kestrel,Gothenburg,SE,Amsterdam,NL,Express,Retail,37.3,186.86,EUR,2.0,2,Delivered
ORD-100330,26/12/2025,vantage freight,Gothenburg,SE,Eindhoven,NL,Standard,Wholesale,45.03,102.53,EUR,3.0,4,DELIVERED
ORD-104504,2025-03-10,nordfrakt,Hamburg,DE,Warsaw,PL,Express,E-Commerce,53.17,268.95,EUR,3.0,2,DELAYED
ORD-101638,09/06/2025,vantage freight,Hamburg,DE,London,GB,Economy,Retail,19.36,49.3,USD,5.0,7,Delivered
ORD-101391,2025-12-16,Vantage Freight,Milan,IT,Amsterdam,NL,Economy,Retail,9.91,47.82,USD,3.0,7,Delivered
ORD-101111,2025-07-07,vantage freight,Hamburg,DE,Brno,CZ,Standard,Wholesale,6.17,52.38,USD,,4,Delivered
ORD-100327,2025-03-21 00:00:00,Vantage,Rotterdam,NL,Amsterdam,NL,Standard,E-Commerce,18.27,54.19,USD,3.0,4,Delivered
ORD-100003,27/10/2025,Vantage,Rotterdam,NL,Berlin,DE,Express,Wholesale,22.24,92.49,EUR,2.0,2,Delivered
ORD-102642,2025-06-20,Nordfrakt AB,Gothenburg,SE,Graz,AT,Standard,Retail,11.28,726.3,SEK,4.0,4,Delivered
ORD-101490,2025-07-29,hanseatic line,Hamburg,DE,Brno,CZ,Express,E-Commerce,5.0,96.29,EUR,3.0,2,Delayed
ORD-102459,2025-04-02,Vantage Freight Ltd,Gothenburg,SE,Berlin,DE,Standard,E-Commerce,13.54,62.75,EUR,3.0,4,Delivered
ORD-104637,2025-11-28,Nordfrakt AB,Rotterdam,NL,Amsterdam,NL,Express,Wholesale,53.61,196.98,EUR,,2,DELIVERED
ORD-102202,"Mar 24, 2025",nordfrakt,Rotterdam,NL,Marseille,FR,Express,Retail,9.25,118.7,EUR,2.0,2,Delivered
ORD-102589,"Sep 08, 2025",baltica,Hamburg,DE,Cologne,DE,Economy,Industrial,58.81,68.93,EUR,5.0,7,Delivered
ORD-104602,2025-08-19 00:00:00,Vantage,Hamburg,DE,Munich,DE,Economy,E-Commerce,16.81,45.14,EUR,3.0,7,Delivered
ORD-101154,"Aug 15, 2025",Meridian Expr,Hamburg,DE,Warsaw,PL,Standard,Retail,28.64,61.46,EUR,3.0,4,Delivered
ORD-101401,11/07/2025,MERIDIAN EXPRESS,Rotterdam,NL,Prague,CZ,Express,E-Commerce,27.13,1354.21,SEK,2.0,2,Delivered
ORD-103196,2025-07-02 00:00:00,Nordfrakt,Hamburg,DE,Frankfurt,DE,Standard,E-Commerce,14.63,51.31,EUR,3.0,4,Delivered
ORD-100918,,Vantage Freight Ltd,Gothenburg,SE,Lyon,FR,Standard,Retail,10.39,60.2,EUR,3.0,4,Delivered
ORD-104719,"May 22, 2025",Kestrel Parcel,Rotterdam,NL,Stockholm,SE,Express,E-Commerce,17.75,107.21,EUR,2.0,2,Delivered
ORD-102348,2025-06-19 00:00:00,Vantage,Gothenburg,SE,Frankfurt,DE,Express,Wholesale,16.02,1265.17,SEK,2.0,2,Delivered
ORD-104290,07/04/2025,HANSEATIC,Milan,IT,Gdansk,PL,Economy,Wholesale,24.51,48.75,EUR,9.0,7,Delayed
ORD-103836,,Vantage Freight,Hamburg,DE,London,GB,Standard,E-Commerce,21.7,677.85,SEK,4.0,4,Delivered
ORD-102601,"Jun 26, 2025",Nordfrakt AB,Rotterdam,NL,Helsinki,FI,Economy,Wholesale,45.77,76.5,EUR,5.0,7,Delivered
ORD-104922,2025-12-30,Baltica Logistics,Gothenburg,SE,Frankfurt,DE,Economy,Industrial,19.31,38.22,EUR,7.0,7,DELIVERED
ORD-101492,2025-03-17 00:00:00,MERIDIAN EXPRESS,Hamburg,DE,Krakow,PL,Economy,E-Commerce,15.76,48.84,EUR,6.0,7,Delivered
ORD-104219,2025-05-29, Nordfrakt ,Rotterdam,NL,Turin,IT,Express,Wholesale,18.53,131.04,USD,,2,Delayed
ORD-103967,2025-07-11 00:00:00,Nordfrakt,Gothenburg,SE,Malmo,SE,Express,E-Commerce,34.84,145.05,EUR,1.0,2,Delivered
ORD-101417,"Oct 27, 2025",Hanseatic Line,Rotterdam,NL, Turin ,IT,Standard,E-Commerce,68.63,130.76,EUR,7.0,4,Delayed
ORD-100607,2025-12-08,Baltica Log.,Gothenburg,SE,Berlin,DE,Standard,Wholesale,104.3,219.43,EUR,3.0,4,Delivered
ORD-103790,01/05/2025,baltica,Rotterdam,NL,Amsterdam,NL,Economy,Industrial,20.46,42.95,EUR,4.0,7,Delivered
ORD-103881,"Jul 01, 2025",vantage freight,Milan,IT, Turin ,IT,Standard,E-Commerce,28.12,72.69,USD,3.0,4,Delivered
ORD-104382,2025-09-10,Nordfrakt AB,Gothenburg,SE,Oslo,NO,Economy,Retail,14.03,34.37,EUR,6.0,7,Delivered
ORD-101888,"Apr 03, 2025",Baltica Logistics A/S,Gothenburg,SE,Malmo,SE,Standard,Wholesale,32.16,800.88,SEK,2.0,4,Delivered
ORD-103780,31/03/2025,Nordfrakt,Milan,IT,Graz,AT,Economy,E-Commerce,30.92,62.57,EUR,5.0,7,DELIVERED
ORD-101709,2025-06-25,MERIDIAN EXPRESS,Milan,IT,Stockholm,SE,Standard,Industrial,41.72,87.67,EUR,2.0,4,Delivered
ORD-102487,"Mar 31, 2025",Baltica Logistics A/S,Gothenburg,SE,Geneva,CH,Standard,Retail,23.21,843.38,SEK,5.0,4,Delayed
ORD-102024,"Apr 09, 2025",Nordfrakt,Gothenburg,SE,Berlin,DE,Standard,Retail,26.82,57.3,EUR,3.0,4,Delivered
ORD-103509,2025-09-08 00:00:00,Vantage Freight Ltd,Gothenburg,SE,Gothenburg,SE,Standard,Industrial,14.55,49.73,EUR,3.0,4,Delivered
ORD-100021,22/09/2025,Hanseatic Line,Gothenburg,SE,Manchester,GB,Standard,Industrial,44.87,123.27,USD,6.0,4,Delayed
ORD-104530,"Mar 17, 2025",vantage freight,Barcelona,ES,Paris,FR,Standard,Retail,78.57,1639.73,SEK,4.0,4,Delivered
ORD-104119,2025-03-31 00:00:00,Baltica Log.,Rotterdam,NL,Aarhus,DK,Economy,Wholesale,22.51,41.9,EUR,4.0,7,Delivered
ORD-103950,23/09/2025,Meridian Expr,Rotterdam,NL,Oslo,NO,Standard,Retail,19.62,73.19,EUR,3.0,4,Delivered
ORD-103619,17/04/2025,Meridian Expr,Hamburg,DE,Rome,IT,Standard,Retail,67.18,1755.39,SEK,4.0,4,Delivered
ORD-102403,2025-12-28,nordfrakt,Gothenburg,SE,Marseille,FR,Economy,Retail,3.14,381.01,SEK,6.0,7,Delivered
ORD-103334,"Apr 09, 2025",Baltica Logistics,Hamburg,DE,Madrid,ES,Economy,Industrial,53.37,66.88,EUR,7.0,7,Delivered
ORD-103521,,Vantage Freight Ltd,Gothenburg,SE,Eindhoven,NL,Standard,Industrial,16.18,53.99,EUR,2.0,4,Delivered
ORD-102277,2025-03-31 00:00:00, Nordfrakt ,Hamburg,DE,Graz,AT,Economy,Retail,15.15,420.71,SEK,5.0,7,Delivered
ORD-102334,2025-12-29,HANSEATIC,Gothenburg,SE,Warsaw,PL,Standard,Industrial,52.86,122.33,EUR,8.0,4,DELAYED
ORD-101977,2025-09-04,Meridian Express,Gothenburg,SE,Stockholm,SE,Standard,Industrial,9.23,505.23,SEK,2.0,4,Delivered
ORD-100810,2025-03-25,nordfrakt,Gothenburg,SE,Munich,DE,Express,Wholesale,12.22,92.02,EUR,2.0,2,Delivered
ORD-104388,01/09/2025,Kestrel Parcels AB,Gothenburg,SE,Vienna,AT,Standard,Retail,49.38,119.66,EUR,4.0,4,Delivered
ORD-102479,13/05/2025, Meridian Express,Hamburg,DE,Copenhagen,DK,Economy,Wholesale,56.2,81.58,EUR,2.0,7,Delivered
ORD-104917,2025-07-28,Hanseatic Line,Hamburg,DE,Vienna,AT,Express,Retail,51.45,181.34,EUR,4.0,2,DELAYED
ORD-104858,2025-07-22,Baltica Logistics A/S,Hamburg,DE,Marseille,FR,Standard,Retail,6.07,48.65,EUR,4.0,4,Delivered
ORD-104968,21/03/2025,Vantage Freight,Milan,IT,Stockholm,SE,Express,Retail,96.95,338.52,EUR,1.0,2,Delivered
ORD-102668,"Apr 14, 2025", Nordfrakt ,Hamburg,DE,Madrid,ES,Standard,Retail,27.02,93.45,EUR,5.0,4,Delayed
ORD-104702,2025-12-24,Meridian Express,Gothenburg,SE,Zurich,CH,Standard,E-Commerce,16.39,60.09,EUR,3.0,4,Delivered
ORD-100936,26/05/2025,nordfrakt,Hamburg,DE,Helsinki,FI,Standard,E-Commerce,25.23,91.24,EUR,5.0,4,Delayed
ORD-103326,"May 28, 2025",Meridian Expr,Gothenburg,SE,Malmo,SE,Express,Retail,2.53,586.87,SEK,1.0,2,Delivered
ORD-100521,"May 20, 2025", Meridian Express,Milan,IT,Stockholm,SE,Standard,Industrial,10.66,41.98,EUR,2.0,4,Delivered
ORD-101651,10/03/2025, Nordfrakt ,Gothenburg,SE,Oslo,NO,Express,E-Commerce,22.18,116.39,EUR,1.0,2,Delivered
ORD-101315,"Aug 12, 2025",Baltica Log.,Milan,IT,Malmo,SE,Express,Wholesale,14.1,79.57,EUR,2.0,2,Delivered
ORD-102959,2025-11-18,Vantage,Hamburg,DE,Cologne,DE,Express,Industrial,3.72,90.78,EUR,2.0,2,Delivered
ORD-102332,2025-07-28,Nordfrakt AB,Gothenburg,SE,Zurich,CH,Economy,E-Commerce,24.41,47.68,USD,4.0,7,Delivered
ORD-103026,02/05/2025, Meridian Express,Gothenburg,SE,Krakow,PL,Economy,Retail,11.02,38.11,USD,6.0,7,Delivered
ORD-100623,15/10/2025,Meridian Expr,Barcelona,ES,Gdansk,PL,Express,Industrial,24.47,150.55,EUR,2.0,2,Delivered
ORD-100688,"Oct 31, 2025",Baltica Log.,Gothenburg,SE,Paris,FR,Express,E-Commerce,6.82,107.35,USD,2.0,2,Delivered
ORD-101366,13/08/2025,kestrel,Hamburg,DE,Valencia,ES,Economy,Industrial,31.1,59.2,EUR,8.0,7,Delayed
ORD-103043,2025-12-16,HANSEATIC,Rotterdam,NL,Stockholm,SE,Standard,Wholesale,12.0,50.31,EUR,3.0,4,Delivered
ORD-103789,"Aug 21, 2025",Nordfrakt AB,Gothenburg,SE,Graz,AT,Economy,Industrial,33.38,705.24,SEK,5.0,7,Delivered
ORD-102506,"Nov 08, 2025",nordfrakt,Rotterdam,NL,Aarhus,DK,Standard,Retail,20.92,55.94,EUR,2.0,4,Delivered
ORD-102552,2025-06-28 00:00:00,Nordfrakt,Rotterdam,NL,Helsinki,FI,Economy,Retail,2.0,33.31,EUR,6.0,7,Delivered
ORD-100308,2025-08-21, Meridian Express,Gothenburg,SE,Oslo,NO,Standard,E-Commerce,24.74,937.75,SEK,3.0,4,Delivered
ORD-102411,"Mar 28, 2025",Nordfrakt AB,Gothenburg,SE,Berlin,DE,Express,E-Commerce,24.46,123.4,EUR,,2,Delivered
ORD-100579,2025-04-25 00:00:00,Nordfrakt,Hamburg,DE,Aarhus,DK,Express,Retail,57.6,214.82,EUR,1.0,2,Delivered
ORD-100999,2025-12-08 00:00:00,Baltica Log.,Gothenburg,SE,Frankfurt,DE,Economy,Industrial,32.29,54.44,EUR,6.0,7,Delivered
ORD-102555,"Apr 28, 2025", Meridian Express,Hamburg,DE,London,GB,Economy,Retail,29.93,63.95,USD,4.0,7,Delivered
ORD-103598,04/08/2025,KESTREL PARCEL,Gothenburg,SE,Geneva,CH,Economy,Retail,12.54,37.12,EUR,8.0,7,Delayed
ORD-103314,2025-10-08 00:00:00,Meridian Expr,Rotterdam,NL,Berlin,DE,Standard,Wholesale,32.47,83.61,USD,2.0,4,Delivered
ORD-101034,07/04/2025,kestrel,Barcelona,ES, Aarhus ,DK,Standard,Wholesale,22.75,61.42,EUR,3.0,4,Delivered
ORD-103373,2025-12-02,Vantage Freight,Barcelona,ES,Krakow,PL,Standard,Industrial,23.49,65.11,EUR,4.0,4,Delivered
ORD-102037,2025-03-24 00:00:00,nordfrakt,Rotterdam,NL,Marseille,FR,Express,E-Commerce,11.34,105.51,USD,2.0,2,Delivered
ORD-102381,2025-11-03 00:00:00,Hanseatic Line,Gothenburg,SE,Gothenburg,SE,Economy,E-Commerce,4.85,31.59,EUR,4.0,7,Delivered
ORD-103404,2025-10-02, Meridian Express,Gothenburg,SE,Eindhoven,NL,Standard,Retail,48.77,99.1,EUR,2.0,4,Delivered
ORD-102859,2025-10-31,Meridian Expr,Gothenburg,SE,Paris,FR,Standard,Industrial,5.06,45.64,EUR,3.0,4,Delivered
ORD-102236,2025-07-15, Nordfrakt ,Gothenburg,SE,Gothenburg,SE,Standard,Wholesale,45.1,85.42,EUR,2.0,4,Delivered
ORD-100870,"Nov 06, 2025",Baltica Logistics,Hamburg,DE,Zurich,CH,Standard,Wholesale,33.46,97.17,EUR,4.0,4,Delivered
ORD-103852,2025-04-27 00:00:00,KESTREL PARCEL,Hamburg,DE,Oslo,NO,Standard,Wholesale,13.26,48.73,USD,5.0,4,Delayed
ORD-104893,2025-03-27 00:00:00,MERIDIAN EXPRESS,Gothenburg,SE,Zurich,CH,Standard,E-Commerce,15.39,71.5,EUR,3.0,4,Delivered
ORD-103273,,baltica,Milan,IT,Oslo,NO,Economy,Retail,16.98,45.31,EUR,4.0,7,Delivered
ORD-103859,2025-10-28 00:00:00,Kestrel Parcels AB,Gothenburg,SE,Geneva,CH,Economy,E-Commerce,30.02,54.34,EUR,6.0,7,Delivered
ORD-100976,22/04/2025,Meridian Expr,Gothenburg,SE,Malmo,SE,Economy,E-Commerce,32.9,55.95,EUR,3.0,7,Delivered
ORD-102967,2025-07-04 00:00:00,Nordfrakt,Hamburg,DE,Frankfurt,DE,Standard,E-Commerce,30.68,73.27,EUR,3.0,4,Delivered
ORD-101818,2025-05-14,Vantage Freight Ltd,Milan,IT,Paris,FR,Economy,Wholesale,6.67,34.39,EUR,5.0,7,Delivered
ORD-102910,2025-05-01 00:00:00, Meridian Express,Gothenburg,SE,Madrid,ES,Express,Industrial,12.21,131.96,EUR,1.0,2,Delivered
ORD-101173,"Jun 06, 2025",kestrel,Rotterdam,NL,Brno,CZ,Express,E-Commerce,15.14,110.87,EUR,2.0,2,Delivered
ORD-101340,19/12/2025,nordfrakt,Rotterdam,NL, Tampere ,FI,Economy,Wholesale,24.43,692.07,SEK,6.0,7,Delivered
ORD-103468,2025-12-15 00:00:00,Baltica Logistics A/S,Gothenburg,SE,Lyon,FR,Standard,Industrial,14.58,65.82,EUR,4.0,4,Delivered
ORD-100205,2025-07-24 00:00:00,Meridian Expr,Gothenburg,SE,Amsterdam,NL,Standard,Retail,26.56,67.53,EUR,2.0,4,Delivered
ORD-104151,17/12/2025,baltica,Hamburg,DE,Turin,IT,Express,E-Commerce,17.26,1462.54,SEK,2.0,2,Delivered
ORD-100353,2025-10-27,Hanseatic Lines,Milan,IT,Eindhoven,NL,Economy,Retail,17.94,551.26,SEK,6.0,7,Delivered
ORD-103082,2025-07-30 00:00:00,baltica,Rotterdam,NL,Prague,CZ,Standard,E-Commerce,9.87,577.59,SEK,3.0,4,Delivered
ORD-100731,"Oct 16, 2025", Meridian Express,Gothenburg,SE,Graz,AT,Standard,Industrial,16.37,52.38,USD,3.0,4,Delivered
ORD-101445,2025-03-20 00:00:00,MERIDIAN EXPRESS,Gothenburg,SE,Bergen,NO,Express,E-Commerce,36.35,1843.27,SEK,2.0,2,Delivered
ORD-100702,2025-06-02,nordfrakt,Milan,IT,Munich,DE,Express,Wholesale,16.71,112.44,EUR,1.0,2,Delivered
ORD-102726,2025-05-14,Baltica Logistics A/S,Gothenburg,SE,Tampere,FI,Standard,Retail,12.4,63.96,EUR,5.0,4,Delayed
ORD-102662,"May 22, 2025",nordfrakt,Hamburg,DE,Munich,DE,Economy,E-Commerce,38.19,65.86,EUR,5.0,7,Delivered
ORD-104568,2025-08-18 00:00:00,Baltica Logistics,Hamburg,DE,Bergen,NO,Standard,Industrial,11.8,51.44,USD,4.0,4,Delivered
ORD-104579,08/08/2025,kestrel,Rotterdam,NL,Marseille,FR,Express,Retail,47.91,163.29,EUR,2.0,2,Delivered
ORD-101385,2025-07-08 00:00:00,vantage freight,Milan,IT,Amsterdam,NL,Standard,Industrial,18.71,55.57,USD,3.0,4,Delivered
ORD-104357,"Jul 19, 2025",Meridian Express,Hamburg,DE,Berlin,DE,Express,Retail,9.15,113.82,USD,2.0,2,Delivered
ORD-104486,"Dec 24, 2025",Kestrel Parcel,Milan,IT,Amsterdam,NL,Express,E-Commerce,42.74,168.63,EUR,2.0,2,Delivered
ORD-102233,15/05/2025,vantage freight,Gothenburg,SE,Prague,CZ,Economy,Wholesale,44.5,62.31,EUR,7.0,7,Delivered
ORD-104408,2025-07-22,Baltica Log.,Gothenburg,SE,Brno,CZ,Economy,Wholesale,42.0,65.88,USD,7.0,7,Delivered
ORD-102665,2025-12-22, Meridian Express,Rotterdam,NL,Oslo,NO,Economy,Wholesale,10.07,348.17,SEK,5.0,7,Delivered
ORD-101007,2025-12-02,Baltica Log.,Hamburg,DE,Madrid,ES,Economy,Retail,18.49,43.12,EUR,9.0,7,Delayed
ORD-101890,10/06/2025,Vantage Freight Ltd,Rotterdam,NL,Zurich,CH,Standard,E-Commerce,16.22,54.5,EUR,3.0,4,Delivered
ORD-101287,2025-07-07,vantage freight,Gothenburg,SE,Marseille,FR,Economy,E-Commerce,17.12,491.4,SEK,4.0,7,Delivered
ORD-100368,2025-03-13 00:00:00,baltica,Barcelona,ES,Graz,AT,Economy,Retail,11.21,40.38,EUR,5.0,7,Delivered
ORD-103216,"Mar 03, 2025",Kestrel Parcel,Milan,IT,Prague,CZ,Express,E-Commerce,55.83,200.37,EUR,3.0,2,Delayed
ORD-101318,"Nov 03, 2025",baltica,Gothenburg,SE,Copenhagen,DK,Economy,Industrial,34.87,68.61,USD,3.0,7,Delivered
ORD-104193,2025-03-24,Baltica Logistics A/S,Rotterdam,NL,Valencia,ES,Express,Retail,43.4,196.15,EUR,3.0,2,Delayed
ORD-101475,"Aug 13, 2025", Meridian Express,Milan,IT,Vienna,AT,Standard,E-Commerce,11.5,57.69,USD,3.0,4,Delivered
ORD-101221,29/12/2025,Baltica Logistics,Hamburg,DE,Munich,DE,Economy,Industrial,41.28,65.42,EUR,6.0,7,Delivered
ORD-100380,2025-03-03 00:00:00,nordfrakt,Hamburg,DE,Aarhus,DK,Express,Retail,41.04,170.88,EUR,1.0,2,Delivered
ORD-104490,"Jun 12, 2025",kestrel,Rotterdam,NL,Frankfurt,DE,Express,E-Commerce,1.2,72.33,EUR,3.0,2,Delayed
ORD-100067,2025-09-22,vantage freight,Gothenburg,SE,Bergen,NO,Standard,Wholesale,64.97,126.8,EUR,4.0,4,Delivered
ORD-103716,"Sep 09, 2025",kestrel,Gothenburg,SE,Manchester,GB,Economy,E-Commerce,32.9,68.15,EUR,7.0,7,Delivered
ORD-101882,06/06/2025,Hanseatic Line,Milan,IT,Helsinki,FI,Express,Wholesale,24.61,134.7,EUR,5.0,2,Delayed
ORD-100477,10/03/2025,Vantage Freight Ltd,Milan,IT,Gothenburg,SE,Standard,Industrial,11.82,41.52,EUR,2.0,4,Delivered
ORD-104874,2025-06-13 00:00:00,Vantage Freight Ltd,Hamburg,DE,Berlin,DE,Express,Retail,41.88,174.21,EUR,2.0,2,Delivered
ORD-101172,2025-10-01 00:00:00, Nordfrakt ,Hamburg,DE,Frankfurt,DE,Standard,E-Commerce,47.02,112.5,EUR,3.0,4,In Transit
ORD-102359,23/06/2025,Vantage Freight Ltd,Gothenburg,SE,Malmo,SE,Economy,Wholesale,47.2,52.7,EUR,2.0,7,Delivered
ORD-100425,18/06/2025,Nordfrakt AB,Rotterdam,NL,Valencia,ES,Express,Retail,17.46,154.65,EUR,2.0,2,Delivered
ORD-102255,,nordfrakt,Barcelona,ES,Warsaw,PL,Express,Wholesale,11.74,87.92,EUR,2.0,2,Delivered
ORD-102357,2025-06-30 00:00:00,Vantage Freight,Gothenburg,SE,Stockholm,SE,Express,Wholesale,37.29,121.14,EUR,1.0,2,DELIVERED
ORD-103286,2025-05-12,Baltica Log.,Milan,IT,Cologne,DE,Economy,E-Commerce,101.46,129.59,USD,4.0,7,Delivered
ORD-100143,"Oct 13, 2025", Nordfrakt ,Hamburg,DE,Rome,IT,Express,Industrial,7.86,98.42,EUR,2.0,2,In Transit
ORD-100249,23/03/2025,Baltica Log.,Rotterdam,NL,Brno,CZ,Express,Industrial,55.78,218.56,EUR,3.0,2,DELAYED
ORD-103913,"Dec 28, 2025",Nordfrakt AB,Rotterdam,NL,Berlin,DE,Express,E-Commerce,15.84,111.76,EUR,2.0,2,Delivered
ORD-100417,2025-05-06 00:00:00,Vantage,Rotterdam,NL,Amsterdam,NL,Economy,Wholesale,21.36,42.89,EUR,3.0,7,Delivered
ORD-100911,2025-06-09 00:00:00, Meridian Express,Gothenburg,SE,Eindhoven,NL,Standard,Retail,31.84,83.84,EUR,2.0,4,Delivered
ORD-102596,01/12/2025,Baltica Logistics A/S,Rotterdam,NL,Valencia,ES,Economy,Retail,41.18,83.8,EUR,8.0,7,Delayed
ORD-103481,2025-07-13,MERIDIAN EXPRESS,Gothenburg,SE,Aarhus,DK,Standard,E-Commerce,44.59,95.3,EUR,2.0,4,Delivered
ORD-102309,2025-12-19 00:00:00,MERIDIAN EXPRESS,Hamburg,DE,Rome,IT,Express,Industrial,62.28,262.06,EUR,2.0,2,Delivered
ORD-102695,2025-09-22 00:00:00,Meridian Express,Milan,IT,Eindhoven,NL,Express,Wholesale,6.29,77.97,EUR,2.0,2,Delivered
ORD-101288,25/04/2025, Nordfrakt ,Rotterdam,NL,Graz,AT,Economy,Retail,15.75,29.98,USD,7.0,7,In Transit
ORD-101655,07/07/2025, Meridian Express,Barcelona,ES,Munich,DE,Economy,Wholesale,33.04,45.43,EUR,4.0,7,Delivered
ORD-100912,23/09/2025,Nordfrakt,Hamburg,DE,Geneva,CH,Standard,Industrial,27.05,89.08,USD,3.0,4,DELIVERED
ORD-103460,"Oct 15, 2025",Meridian Express,Gothenburg,SE,Bergen,NO,Economy,Industrial,34.18,61.74,EUR,3.0,7,Delivered
ORD-100146,"Mar 20, 2025",Nordfrakt,Hamburg,DE,Malmo,SE,Standard,Retail,79.25,1648.33,SEK,2.0,4,Delivered
ORD-102656,01/04/2025,Meridian Expr,Gothenburg,SE,Vienna,AT,Economy,Industrial,19.55,574.11,SEK,4.0,7,Delivered
ORD-103313,2025-07-02,HANSEATIC,Gothenburg,SE,Valencia,ES,Express,Industrial,45.98,192.25,EUR,4.0,2,Delayed
ORD-100321,29/04/2025, Nordfrakt ,Hamburg,DE,Krakow,PL,Economy,Industrial,25.38,53.17,EUR,5.0,7,Delivered
ORD-102159,2025-08-31,Kestrel Parcels AB,Gothenburg,SE,London,GB,Standard,Wholesale,42.63,107.38,EUR,4.0,4,Delivered
ORD-101957,2025-12-18,baltica,Gothenburg,SE,Malmo,SE,Standard,Retail,23.81,49.85,EUR,2.0,4,Delivered
ORD-102427,2025-09-29 00:00:00,KESTREL PARCEL,Gothenburg,SE,Geneva,CH,Express,Retail,21.06,116.65,EUR,2.0,2,Delivered
ORD-104237,2025-04-29,Baltica Log.,Rotterdam,NL,Munich,DE,Economy,Industrial,33.38,43.2,EUR,4.0,7,Delivered
ORD-103980,"Nov 03, 2025",Meridian Expr,Rotterdam,NL,Brno,CZ,Standard,Wholesale,23.25,78.22,EUR,,4,Delivered
ORD-101367,2025-11-04 00:00:00,Meridian Express,Gothenburg,SE,Geneva,CH,Standard,Retail,9.42,48.49,EUR,3.0,4,Delivered
ORD-100930,2025-12-21,nordfrakt,Hamburg,DE,Aarhus,DK,Express,Wholesale,28.2,186.44,EUR,1.0,2,Delivered
ORD-102268,"May 05, 2025", Nordfrakt ,Barcelona,ES,Graz,AT,Standard,Wholesale,10.54,60.45,EUR,4.0,4,Delivered
ORD-102975,13/11/2025,Baltica Logistics A/S,Barcelona,ES,Warsaw,PL,Standard,E-Commerce,43.02,106.32,EUR,4.0,4,Delivered
ORD-103307,2025-05-14,baltica,Gothenburg,SE,Krakow,PL,Economy,Retail,11.97,40.91,EUR,7.0,7,Delivered
ORD-103141,"Oct 10, 2025",KESTREL PARCEL,Gothenburg,SE,Lyon,FR,Standard,Industrial,7.78,56.47,USD,4.0,4,Delivered
ORD-101945,2025-05-05 00:00:00,vantage freight,Rotterdam,NL,Aarhus,DK,Standard,E-Commerce,4.81,36.68,EUR,3.0,4,DELIVERED
ORD-104246,28/07/2025, Nordfrakt ,Gothenburg,SE,Turin,IT,Standard,E-Commerce,9.03,52.41,EUR,,4,Delivered
ORD-102581,"Nov 10, 2025",baltica,Milan,IT,Gothenburg,SE,Express,E-Commerce,2.79,764.12,SEK,1.0,2,Delivered
ORD-100435,,Vantage,Milan,IT,Turin,IT,Standard,Wholesale,33.77,95.21,USD,,4,Delayed
ORD-100606,25/08/2025,Meridian Expr,Gothenburg,SE,Cologne,DE,Economy,Retail,40.72,694.76,SEK,3.0,7,Delivered
ORD-101322,2025-12-29 00:00:00,vantage freight,Rotterdam,NL,Lyon,FR,Standard,Wholesale,21.17,61.37,EUR,3.0,4,Delivered
ORD-101576,2025-12-26,Kestrel Parcels AB,Rotterdam,NL,Turin,IT,Economy,Industrial,27.05,58.71,EUR,7.0,7,Delivered
ORD-103773,09/05/2025,vantage freight,Rotterdam,NL,Rome,IT,Standard,Retail,6.42,50.09,EUR,4.0,4,Delivered
ORD-100113,07/11/2025,Vantage Freight,Hamburg,DE,London,GB,Express,E-Commerce,3.84,104.19,EUR,3.0,2,Delayed
ORD-104580,"Jun 15, 2025",Nordfrakt AB,Gothenburg,SE,Frankfurt,DE,Standard,Industrial,47.39,85.66,EUR,3.0,4,Delivered
ORD-100747,2025-08-20,Baltica Logistics A/S,Hamburg,DE,Krakow,PL,Standard,Retail,45.36,116.71,EUR,4.0,4,Delivered
ORD-101863,2025-09-22,Kestrel Parcel,Milan,IT,Turin,IT,Economy,Retail,10.63,36.03,EUR,9.0,7,Delayed
ORD-101502,"Jul 04, 2025",Baltica Logistics A/S,Rotterdam,NL,Bergen,NO,Express,Wholesale,27.97,122.86,EUR,3.0,2,Delayed
ORD-104155,"Jun 11, 2025",Nordfrakt AB,Milan,IT,Valencia,ES,Economy,E-Commerce,19.95,42.93,EUR,6.0,7,Delivered
ORD-101665,2025-10-06,MERIDIAN EXPRESS,Hamburg,DE,Rome,IT,Standard,Retail,24.02,85.71,EUR,4.0,4,Delivered
ORD-103978,2025-12-23,Vantage,Gothenburg,SE,Stockholm,SE,Standard,Retail,3.14,404.94,SEK,2.0,4,Delivered
ORD-104274,19/03/2025,Meridian Expr,Milan,IT, Krakow ,PL,Express,Wholesale,24.27,130.15,EUR,2.0,2,In Transit
ORD-103167,"Jul 26, 2025",Nordfrakt,Milan,IT,Oslo,NO,Economy,Retail,21.72,50.13,EUR,4.0,7,Delivered
ORD-100035,05/04/2025,nordfrakt,Gothenburg,SE,Krakow,PL,Standard,Retail,22.07,844.42,SEK,3.0,4,DELIVERED
ORD-100830,2025-07-14 00:00:00,Baltica Log.,Rotterdam,NL,Helsinki,FI,Standard,Retail,6.73,59.79,EUR,5.0,4,Delayed
ORD-103546,2025-10-11,Baltica Logistics A/S,Milan,IT,Rome,IT,Economy,Retail,32.78,744.08,SEK,6.0,7,Delivered
ORD-104199,2025-07-09 00:00:00,Hanseatic Lines,Rotterdam,NL,Eindhoven,NL,Express,Retail,47.66,188.96,EUR,2.0,2,Delivered
ORD-101761,"Oct 11, 2025",Baltica Logistics,Gothenburg,SE,Stockholm,SE,Express,E-Commerce,41.65,171.56,EUR,2.0,2,Delivered
ORD-100167,2025-06-02,Baltica Logistics,Rotterdam,NL, Geneva ,CH,Standard,Wholesale,35.51,81.19,USD,3.0,4,Delivered
ORD-100116,"Mar 21, 2025",MERIDIAN EXPRESS,Rotterdam,NL,Geneva,CH,Standard,Retail,14.4,59.77,EUR,3.0,4,Delivered
ORD-101394,2025-06-27,Nordfrakt,Barcelona,ES,Graz,AT,Economy,E-Commerce,9.49,39.81,USD,7.0,7,Delivered
ORD-102590,2025-04-08,Baltica Logistics,Gothenburg,SE,Amsterdam,NL,Economy,Retail,9.24,39.93,EUR,5.0,7,Delivered
ORD-102368,"May 29, 2025",Nordfrakt,Milan,IT,Stockholm,SE,Standard,E-Commerce,23.11,60.61,EUR,2.0,4,Delivered
ORD-101641,2025-03-28 00:00:00,Nordfrakt AB,Hamburg,DE,Turin,IT,Express,Retail,9.74,104.45,USD,3.0,2,Delayed
ORD-102521,2025-03-25,MERIDIAN EXPRESS,Gothenburg,SE,Vienna,AT,Economy,Wholesale,30.04,625.35,SEK,5.0,7,Delivered
ORD-104000,2025-08-22,Vantage Freight,Milan,IT,Oslo,NO,Standard,Industrial,36.62,97.59,EUR,4.0,4,Delivered
ORD-103051,05/06/2025,Meridian Express,Milan,IT,Zurich,CH,Standard,E-Commerce,67.78,142.06,EUR,3.0,4,Delivered
ORD-103807,2025-05-26,Hanseatic Line,Gothenburg,SE, Prague ,CZ,Express,E-Commerce,33.56,122.12,EUR,4.0,2,Delayed
ORD-104128,26/12/2025,Kestrel Parcels AB,Gothenburg,SE,Gdansk,PL,Express,Wholesale,22.26,170.17,EUR,3.0,2,Delayed
ORD-104396,2025-08-09,Nordfrakt,Gothenburg,SE, Amsterdam ,NL,Standard,Wholesale,10.24,50.82,EUR,3.0,4,Delivered
ORD-104223,2025-12-18,vantage freight,Milan,IT,Malmo,SE,Economy,Retail,18.64,37.61,EUR,2.0,7,Delivered
ORD-103204,12/08/2025,Baltica Logistics,Hamburg,DE,Graz,AT,Express,Industrial,10.6,116.66,EUR,3.0,2,Delayed
ORD-104256,2025-08-27 00:00:00,Vantage Freight Ltd,Rotterdam,NL,Krakow,PL,Standard,Wholesale,4.44,46.36,EUR,5.0,4,Delayed
ORD-101025,2025-03-31,nordfrakt,Rotterdam,NL,London,GB,Standard,Industrial,44.41,96.1,EUR,4.0,4,Delivered
ORD-104273,2025-08-20,Baltica Logistics A/S,Gothenburg,SE,Gothenburg,SE,Express,Industrial,28.82,124.86,EUR,1.0,2,DELIVERED
ORD-100081,"Oct 27, 2025",Nordfrakt AB,Gothenburg,SE,Lyon,FR,Standard,Industrial,24.24,69.96,EUR,2.0,4,Delivered
ORD-103528,2025-06-11,Baltica Logistics A/S,Gothenburg,SE,Berlin,DE,Express,Retail,18.36,108.68,EUR,3.0,2,Delayed
ORD-102030,31/12/2025,Baltica Log.,Barcelona,ES,Marseille,FR,Standard,Industrial,41.47,81.68,EUR,4.0,4,Delivered
ORD-101476,2025-11-25,Nordfrakt,Barcelona,ES,Manchester,GB,Economy,E-Commerce,22.41,46.28,EUR,6.0,7,Delivered
ORD-102716,"Oct 27, 2025",Vantage Freight Ltd,Hamburg,DE,Madrid,ES,Economy,Wholesale,97.55,151.1,USD,6.0,7,Delivered
ORD-104754,2025-06-25 00:00:00,Baltica Log.,Hamburg,DE,Lyon,FR,Standard,Retail,34.4,98.49,EUR,4.0,4,Delivered
ORD-102673,"Jun 11, 2025",Vantage Freight,Milan,IT,Brno,CZ,Express,Retail,30.83,154.1,EUR,,2,DELAYED
ORD-101477,2025-10-03,Kestrel Parcels AB,Gothenburg,SE,Bergen,NO,Economy,Industrial,41.5,63.29,EUR,,7,Delivered
ORD-104096,2025-12-22,nordfrakt,Hamburg,DE, Turin ,IT,Express,Wholesale,27.19,164.36,EUR,,2,Delayed
ORD-102483,,Vantage,Rotterdam,NL,London,GB,Standard,E-Commerce,38.8,70.45,EUR,4.0,4,Delivered
ORD-102563,11/10/2025,Vantage Freight,Gothenburg,SE,Frankfurt,DE,Economy,E-Commerce,41.28,59.58,EUR,5.0,7,Delivered
ORD-101956,2025-12-16 00:00:00,kestrel,Gothenburg,SE,Warsaw,PL,Express,Retail,31.24,198.52,EUR,2.0,2,Delivered
ORD-101629,09/05/2025,Kestrel Parcels AB,Barcelona,ES,Gdansk,PL,Standard,Industrial,14.51,63.84,EUR,4.0,4,Delivered
ORD-102698,12/05/2025,hanseatic line,Gothenburg,SE,Stockholm,SE,Standard,E-Commerce,18.78,52.93,EUR,2.0,4,Delivered
ORD-104025,2025-05-16 00:00:00,Vantage Freight Ltd,Hamburg,DE,Frankfurt,DE,Standard,Retail,39.48,66.62,EUR,3.0,4,Delivered
ORD-100040,2025-05-30,Baltica Logistics,Gothenburg,SE, Turin ,IT,Economy,Wholesale,30.97,660.76,SEK,6.0,7,Delivered
ORD-102693,2025-10-20,kestrel,Hamburg,DE,Zurich,CH,Standard,Wholesale,10.86,58.76,EUR,4.0,4,Delivered
ORD-104381,, Nordfrakt ,Barcelona,ES,Helsinki,FI,Economy,Retail,10.17,41.8,EUR,6.0,7,Delivered
ORD-103173,2025-09-08,KESTREL PARCEL,Hamburg,DE,Cologne,DE,Standard,Industrial,10.53,799.96,SEK,3.0,4,Delivered
ORD-102002,"Oct 05, 2025",Baltica Log.,Gothenburg,SE,Cologne,DE,Express,Wholesale,49.25,219.41,EUR,2.0,2,Delivered
ORD-102408,2025-11-10,Nordfrakt,Gothenburg,SE,Copenhagen,DK,Standard,Industrial,27.29,85.77,EUR,2.0,4,Delivered
ORD-102440,2025-09-15 00:00:00,Nordfrakt AB,Rotterdam,NL,Amsterdam,NL,Express,E-Commerce,10.64,111.91,EUR,1.0,2,Delivered
ORD-101009,2025-12-11 00:00:00,vantage freight,Gothenburg,SE,Stockholm,SE,Express,Industrial,25.87,1395.89,SEK,2.0,2,Delivered
ORD-101813,28/11/2025,baltica,Gothenburg,SE,Amsterdam,NL,Standard,Retail,19.33,70.0,USD,3.0,4,Delivered
ORD-103673,"Mar 01, 2025",nordfrakt,Milan,IT,Gothenburg,SE,Economy,E-Commerce,23.99,38.34,EUR,3.0,7,Delivered
ORD-104829,2025-11-24,kestrel,Gothenburg,SE,Malmo,SE,Standard,Industrial,40.22,69.28,EUR,3.0,4,Delivered
ORD-102771,2025-03-24,Nordfrakt,Milan,IT,London,GB,Express,E-Commerce,14.9,102.79,EUR,2.0,2,Delivered
ORD-103344,2025-12-22 00:00:00,Vantage,Gothenburg,SE,Amsterdam,NL,Economy,E-Commerce,57.1,84.19,EUR,5.0,7,Delivered
ORD-104872,2025-04-02 00:00:00,Meridian Expr,Rotterdam,NL,Tampere,FI,Standard,Industrial,12.69,77.72,EUR,4.0,4,Delivered
ORD-101817,17/07/2025,nordfrakt,Milan,IT,Cologne,DE,Standard,Retail,27.89,63.51,EUR,2.0,4,In Transit
ORD-103048,2025-06-02,Baltica Log.,Gothenburg,SE,Amsterdam,NL,Economy,Retail,9.76,312.62,SEK,4.0,7,Delivered
ORD-102418,2025-08-06,Nordfrakt,Gothenburg,SE,Malmo,SE,Express,Industrial,20.18,120.29,EUR,1.0,2,Delivered
ORD-103359,2025-12-15 00:00:00,Baltica Log.,Gothenburg,SE,Eindhoven,NL,Standard,Wholesale,21.58,64.36,EUR,4.0,4,Delivered
ORD-100996,15/12/2025,kestrel,Rotterdam,NL,Helsinki,FI,Standard,Industrial,59.61,1789.06,SEK,5.0,4,Delayed
ORD-100970,"Aug 11, 2025",KESTREL PARCEL,Gothenburg,SE,Brno,CZ,Economy,Industrial,46.53,845.36,SEK,5.0,7,Delivered
ORD-100202,27/11/2025,Baltica Log.,Hamburg,DE,Amsterdam,NL,Economy,E-Commerce,9.5,36.62,USD,5.0,7,Delivered
ORD-104587,"Aug 18, 2025", Nordfrakt ,Rotterdam,NL,Aarhus,DK,Express,Industrial,51.12,199.0,EUR,1.0,2,Delivered
ORD-104049,06/11/2025,Kestrel Parcel,Gothenburg,SE,Malmo,SE,Standard,Industrial,56.97,143.28,EUR,3.0,4,Delivered
ORD-104860,2025-04-02 00:00:00,HANSEATIC,Barcelona,ES,Tampere,FI,Express,E-Commerce,12.06,110.97,EUR,4.0,2,DELAYED
ORD-103318,"Jul 21, 2025", Meridian Express,Hamburg,DE,Cologne,DE,Express,E-Commerce,50.94,158.69,EUR,2.0,2,Delivered
ORD-103685,26/05/2025,Kestrel Parcels AB,Rotterdam,NL, Brno ,CZ,Economy,E-Commerce,26.97,53.01,EUR,6.0,7,Delivered
ORD-102380,2025-06-09 00:00:00,Nordfrakt,Rotterdam,NL,Gdansk,PL,Economy,Industrial,37.42,59.92,EUR,6.0,7,Delivered
ORD-102486,"Jul 14, 2025",KESTREL PARCEL,Rotterdam,NL,Malmo,SE,Standard,Retail,40.49,91.27,EUR,2.0,4,Delivered
ORD-104123,2025-07-24,baltica,Hamburg,DE,Tampere,FI,Standard,Wholesale,15.96,81.24,EUR,5.0,4,Delayed
ORD-104793,21/07/2025,Vantage,Hamburg,DE,Gdansk,PL,Standard,E-Commerce,37.34,104.59,USD,3.0,4,Delivered
ORD-103097,2025-08-20 00:00:00,Vantage,Hamburg,DE,Gdansk,PL,Standard,Retail,5.83,59.9,USD,4.0,4,Delivered
ORD-103089,"Nov 12, 2025",baltica,Milan,IT,Aarhus,DK,Express,Wholesale,34.52,144.48,EUR,2.0,2,Delivered
ORD-102329,2025-05-20, Nordfrakt ,Hamburg,DE,Gothenburg,SE,Standard,Retail,9.3,34.64,EUR,2.0,4,Delivered
ORD-102342,25/12/2025,Meridian Expr,Hamburg,DE,Warsaw,PL,Standard,Wholesale,30.9,97.98,EUR,5.0,4,Delayed
ORD-100351,25/03/2025,Baltica Logistics A/S,Barcelona,ES,Madrid,ES,Economy,Industrial,12.65,38.8,EUR,8.0,7,Delayed
ORD-101755,2025-08-25,Meridian Express,Rotterdam,NL,Valencia,ES,Standard,E-Commerce,24.88,69.22,USD,4.0,4,Delivered
ORD-101595,30/05/2025,baltica,Barcelona,ES,Tampere,FI,Economy,Retail,13.33,41.05,EUR,7.0,7,Delivered
ORD-104758,04/11/2025,Baltica Logistics A/S,Barcelona,ES,Bergen,NO,Standard,Wholesale,28.98,71.21,EUR,4.0,4,Delivered
ORD-103347,2025-05-12,Baltica Log.,Hamburg,DE,Stockholm,SE,Express,Industrial,41.15,157.36,EUR,2.0,2,Delivered
ORD-104550,25/03/2025,KESTREL PARCEL,Gothenburg,SE,Gothenburg,SE,Express,Industrial,9.47,65.99,EUR,,2,Delivered
ORD-102494,"Oct 16, 2025",Vantage,Gothenburg,SE,Turin,IT,Express,E-Commerce,32.85,159.78,EUR,3.0,2,Delayed
ORD-103664,2025-12-08 00:00:00,Nordfrakt,Gothenburg,SE,Brno,CZ,Express,Industrial,20.48,138.5,EUR,2.0,2,Delivered
ORD-100574,04/03/2025,Meridian Express,Gothenburg,SE, Tampere ,FI,Express,Retail,16.05,90.01,EUR,3.0,2,Delayed
ORD-101920,2025-10-02 00:00:00,Baltica Log.,Milan,IT,Cologne,DE,Standard,E-Commerce,21.01,74.73,EUR,3.0,4,Delivered
ORD-102924,2025-10-19 00:00:00,Kestrel Parcel,Gothenburg,SE,Zurich,CH,Economy,E-Commerce,31.09,65.08,EUR,6.0,7,Delivered
ORD-104658,"Oct 17, 2025", Meridian Express,Gothenburg,SE,Frankfurt,DE,Standard,Industrial,47.45,95.7,EUR,3.0,4,Delivered
ORD-100856,2025-07-13 00:00:00,Vantage,Barcelona,ES,Zurich,CH,Economy,Wholesale,31.13,64.67,EUR,5.0,7,Delivered
ORD-102176,"Apr 28, 2025",nordfrakt,Gothenburg,SE,Malmo,SE,Standard,Wholesale,22.9,55.08,EUR,2.0,4,Delivered
ORD-103496,2025-04-28 00:00:00,Baltica Logistics,Rotterdam,NL,Cologne,DE,Economy,E-Commerce,7.18,25.54,USD,5.0,7,Delivered
ORD-102047,2025-12-17 00:00:00,Vantage,Hamburg,DE,Geneva,CH,Standard,Industrial,36.4,121.78,EUR,4.0,4,Delivered
ORD-101808,2025-04-19,Vantage Freight Ltd,Hamburg,DE,Malmo,SE,Express,E-Commerce,23.87,134.62,USD,2.0,2,Delivered
ORD-104578,2025-07-30,Meridian Expr,Milan,IT,Bergen,NO,Standard,E-Commerce,17.26,73.39,EUR,2.0,4,Delivered
ORD-101846,08/10/2025,Vantage Freight,Rotterdam,NL,Gothenburg,SE,Standard,Wholesale,6.93,35.51,EUR,2.0,4,Delivered
ORD-104493,2025-07-22,Kestrel Parcels AB,Rotterdam,NL,Cologne,DE,Standard,E-Commerce,158.15,242.32,EUR,3.0,4,DELIVERED
ORD-100875,02/12/2025,nordfrakt,Rotterdam,NL,Copenhagen,DK,Standard,Industrial,16.8,757.57,SEK,-2.0,4,Delivered
ORD-100103,2025-03-05 00:00:00,Meridian Express,Barcelona,ES,Zurich,CH,Standard,Wholesale,26.67,70.56,EUR,4.0,4,Delivered
ORD-102458,2025-11-17,Nordfrakt,Milan,IT,Copenhagen,DK,Express,Retail,34.83,151.02,EUR,2.0,2,Delivered
ORD-104090,,Baltica Logistics A/S,Gothenburg,SE,Zurich,CH,Standard,Retail,17.34,78.23,EUR,4.0,4,Delivered
ORD-103409,17/11/2025,Baltica Logistics A/S,Hamburg,DE,Munich,DE,Express,Retail,17.27,1312.53,SEK,2.0,2,Delivered
ORD-100988,2025-07-14 00:00:00,Nordfrakt,Gothenburg,SE,Zurich,CH,Economy,E-Commerce,6.28,29.36,USD,4.0,7,Delivered
ORD-100384,2025-03-18,Kestrel Parcel,Milan,IT,Gothenburg,SE,Express,Wholesale,33.1,198.15,USD,1.0,2,Delivered
ORD-100056,"Dec 26, 2025",Kestrel Parcel,Hamburg,DE,Stockholm,SE,Express,Retail,11.01,87.74,EUR,2.0,2,Delivered
ORD-100711,"Dec 12, 2025",Kestrel Parcel,Gothenburg,SE,Aarhus,DK,Standard,Wholesale,62.72,141.4,EUR,3.0,4,In Transit
ORD-102372,2025-04-03 00:00:00,Baltica Logistics,Hamburg,DE,Gothenburg,SE,Standard,Industrial,26.91,76.64,EUR,2.0,4,Delivered
ORD-102126,"Aug 18, 2025",Baltica Logistics A/S,Hamburg,DE,London,GB,Economy,E-Commerce,25.85,66.11,EUR,6.0,7,Delivered
ORD-101018,2025-03-24 00:00:00,Meridian Express,Rotterdam,NL,Berlin,DE,Standard,Retail,39.41,72.16,EUR,2.0,4,DELIVERED
ORD-103296,"Jun 25, 2025",MERIDIAN EXPRESS,Hamburg,DE,Aarhus,DK,Standard,Industrial,40.8,74.99,EUR,1.0,4,Delivered
ORD-102963,2025-04-07,Vantage Freight Ltd,Gothenburg,SE,Amsterdam,NL,Standard,E-Commerce,44.63,82.08,EUR,,4,Cancelled
ORD-100307,2025-12-30,Hanseatic Lines,Gothenburg,SE,Copenhagen,DK,Standard,Retail,18.12,78.83,USD,3.0,4,Delivered
ORD-100813,04/08/2025,Nordfrakt,Rotterdam,NL,Berlin,DE,Standard,E-Commerce,21.43,63.95,EUR,3.0,4,Delivered
ORD-101405,2025-05-25,hanseatic line,Hamburg,DE, Warsaw ,PL,Economy,Retail,37.34,59.58,EUR,9.0,7,Delayed
ORD-101681,"Mar 07, 2025",hanseatic line,Hamburg,DE,Oslo,NO,Standard,Wholesale,8.22,49.05,EUR,5.0,4,Delayed
ORD-100882,02/11/2025,Vantage Freight Ltd,Milan,IT,Stockholm,SE,Standard,E-Commerce,23.18,69.3,USD,2.0,4,Delivered
ORD-104268,25/03/2025,Kestrel Parcels AB,Rotterdam,NL,Warsaw,PL,Standard,Wholesale,23.08,58.06,EUR,3.0,4,Delivered
ORD-100698,2025-03-28 00:00:00,KESTREL PARCEL,Hamburg,DE,Paris,FR,Standard,Retail,34.97,86.09,EUR,4.0,4,Delivered
ORD-103868,2025-06-30 00:00:00, Nordfrakt ,Milan,IT,Graz,AT,Standard,Industrial,15.23,56.16,EUR,4.0,4,Delivered
ORD-104013,24/11/2025,Hanseatic Lines,Hamburg,DE,Munich,DE,Economy,E-Commerce,32.0,52.6,EUR,,7,Delayed
ORD-102051,14/08/2025,Kestrel Parcels AB,Rotterdam,NL,Paris,FR,Economy,Retail,41.14,69.48,EUR,5.0,7,Delivered
ORD-103888,16/05/2025,Kestrel Parcel,Gothenburg,SE,Zurich,CH,Standard,Wholesale,32.1,71.35,EUR,3.0,4,Delivered
ORD-100215,2025-07-28 00:00:00,Meridian Express,Rotterdam,NL,Stockholm,SE,Standard,E-Commerce,23.24,66.28,EUR,1.0,4,Delivered
ORD-103024,2025-09-22 00:00:00,Vantage,Gothenburg,SE,Paris,FR,Economy,Wholesale,17.57,46.24,EUR,7.0,7,Delivered
ORD-102146,05/06/2025,Baltica Logistics A/S,Milan,IT,Gothenburg,SE,Economy,Wholesale,21.86,45.48,EUR,3.0,7,Delivered
ORD-102322,2025-09-02 00:00:00,nordfrakt,Rotterdam,NL,Paris,FR,Economy,Industrial,34.39,54.47,EUR,5.0,7,Delivered
ORD-104266,09/09/2025,Kestrel Parcels AB,Milan,IT, Cologne ,DE,Economy,Industrial,95.2,96.33,EUR,4.0,7,Delivered
ORD-102482,2025-06-09,Baltica Log.,Gothenburg,SE,Marseille,FR,Economy,Retail,22.86,47.84,EUR,7.0,7,Delivered
ORD-102192,2025-08-05 00:00:00,Vantage Freight Ltd,Gothenburg,SE,Amsterdam,NL,Standard,E-Commerce,7.47,46.11,USD,3.0,4,DELIVERED
ORD-103320,16/04/2025,Meridian Express,Rotterdam,NL, Bergen ,NO,Express,Industrial,33.61,136.12,EUR,2.0,2,Delivered
ORD-103177,2025-08-11, Nordfrakt ,Barcelona,ES,Frankfurt,DE,Standard,Wholesale,29.43,66.93,EUR,3.0,4,Delivered
ORD-104977,30/04/2025,Nordfrakt,Hamburg,DE,Stockholm,SE,Standard,Retail,13.88,486.21,SEK,2.0,4,Delivered
ORD-103862,14/07/2025,Nordfrakt AB,Hamburg,DE,London,GB,Economy,Wholesale,11.8,323.18,SEK,5.0,7,Delivered
ORD-101516,20/11/2025,Baltica Logistics A/S,Hamburg,DE,Geneva,CH,Standard,E-Commerce,52.4,1324.23,SEK,4.0,4,Delivered
ORD-102748,14/10/2025,Nordfrakt,Milan,IT,Tampere,FI,Express,Industrial,9.65,1141.0,SEK,2.0,2,Delivered
ORD-102503,"Apr 28, 2025",Vantage Freight Ltd,Hamburg,DE,Prague,CZ,Standard,Wholesale,82.02,140.71,EUR,4.0,4,Delivered
ORD-103044,2025-06-12,Meridian Expr,Hamburg,DE,Amsterdam,NL,Express,Wholesale,29.8,127.7,EUR,1.0,2,Delivered
ORD-101766,"Dec 02, 2025",nordfrakt,Gothenburg,SE,Stockholm,SE,Standard,Wholesale,3.62,39.11,USD,2.0,4,Delivered
ORD-102186,15/08/2025,vantage freight,Rotterdam,NL,Gothenburg,SE,Standard,E-Commerce,20.01,47.57,EUR,2.0,4,Delivered
ORD-103308,13/03/2025,Baltica Log.,Rotterdam,NL,Zurich,CH,Express,Industrial,15.87,129.31,EUR,3.0,2,Delayed
ORD-104009,2025-05-03,Vantage Freight Ltd,Rotterdam,NL,Cologne,DE,Standard,Wholesale,35.5,78.94,EUR,3.0,4,Delivered
ORD-101037,2025-03-10 00:00:00, Nordfrakt ,Hamburg,DE,Berlin,DE,Economy,Industrial,7.92,32.12,EUR,4.0,7,Delivered
ORD-101510,2025-09-01,Baltica Logistics A/S,Milan,IT,Krakow,PL,Standard,Retail,20.48,54.87,EUR,,4,Delivered
ORD-100411,2025-07-05, Meridian Express,Milan,IT,Helsinki,FI,Express,Industrial,23.23,132.96,USD,3.0,2,Delayed
ORD-104292,26/11/2025, Nordfrakt ,Rotterdam,NL,Eindhoven,NL,Standard,Wholesale,14.22,62.28,EUR,3.0,4,In Transit
ORD-103678,22/12/2025,Hanseatic Lines,Rotterdam,NL,Krakow,PL,Standard,E-Commerce,66.07,1552.24,SEK,6.0,4,Delayed
ORD-101301,2025-10-07 00:00:00,MERIDIAN EXPRESS,Barcelona,ES, Vienna ,AT,Express,Industrial,26.13,143.13,EUR,2.0,2,Delivered
ORD-103259,2025-10-13 00:00:00, Meridian Express,Barcelona,ES,Warsaw,PL,Standard,Retail,23.36,72.34,EUR,4.0,4,Delivered
ORD-101296,2025-07-23,hanseatic line,Rotterdam,NL,Geneva,CH,Express,E-Commerce,41.08,174.69,EUR,2.0,2,Delivered
ORD-104061,2025-03-12,Nordfrakt AB,Hamburg,DE,Brno,CZ,Express,Industrial,30.73,175.63,EUR,2.0,2,Delivered
ORD-103475,"Jun 27, 2025",Vantage Freight Ltd,Rotterdam,NL,Bergen,NO,Express,Wholesale,36.05,140.73,EUR,2.0,2,Delivered
ORD-104091,2025-03-24,MERIDIAN EXPRESS,Gothenburg,SE,Helsinki,FI,Standard,Industrial,77.4,165.66,EUR,4.0,4,Delivered
ORD-104105,2025-11-04 00:00:00,vantage freight,Gothenburg,SE,Marseille,FR,Express,E-Commerce,39.27,182.26,USD,3.0,2,Delayed
ORD-102549,12/05/2025,Vantage Freight Ltd,Barcelona,ES,Malmo,SE,Economy,Industrial,29.02,47.16,EUR,2.0,7,Delivered
ORD-104888,02/09/2025,Kestrel Parcels AB,Gothenburg,SE,Munich,DE,Standard,Wholesale,28.96,63.03,EUR,4.0,4,Delivered
ORD-100758,12/05/2025,Kestrel Parcel,Hamburg,DE,Eindhoven,NL,Express,Wholesale,26.98,139.42,EUR,2.0,2,Delivered
ORD-102367,"Jun 05, 2025",kestrel,Gothenburg,SE,Graz,AT,Standard,Wholesale,41.57,1333.66,SEK,4.0,4,Delivered
ORD-102476,2025-12-12,Kestrel Parcels AB,Gothenburg,SE,Tampere,FI,Express,Industrial,8.73,109.07,EUR,3.0,2,Delayed
ORD-103616,2025-03-29 00:00:00,KESTREL PARCEL,Hamburg,DE,Berlin,DE,Standard,Wholesale,28.79,1020.36,SEK,3.0,4,Delivered
ORD-100073,12/05/2025,Vantage Freight Ltd,Rotterdam,NL,Tampere,FI,Standard,Wholesale,34.26,79.1,EUR,5.0,4,Delayed
ORD-101139,2025-12-22, Nordfrakt ,Gothenburg,SE,Malmo,SE,Standard,Wholesale,45.3,107.03,EUR,2.0,4,Delivered
ORD-100505,"Nov 05, 2025",Meridian Expr,Milan,IT,Aarhus,DK,Standard,Retail,21.52,75.58,EUR,3.0,4,Delivered
ORD-101560,"Aug 07, 2025",baltica,Rotterdam,NL,Prague,CZ,Standard,E-Commerce,23.16,75.29,EUR,5.0,4,Delayed
ORD-104713,"Nov 24, 2025",vantage freight,Milan,IT,Turin,IT,Standard,Wholesale,39.15,89.06,EUR,5.0,4,Delayed
ORD-104159,2025-03-18, Nordfrakt ,Gothenburg,SE,Paris,FR,Standard,Wholesale,14.83,59.07,EUR,3.0,4,Delivered
ORD-104947,11/12/2025,Vantage Freight Ltd,Hamburg,DE,Valencia,ES,Express,Wholesale,24.51,2024.74,SEK,2.0,2,Delivered
ORD-103530,"Sep 25, 2025",kestrel,Rotterdam,NL,Madrid,ES,Express,Industrial,2.84,113.35,EUR,4.0,2,Delayed
ORD-101120,2025-03-08, Meridian Express,Barcelona,ES,Lyon,FR,Standard,Wholesale,12.07,54.13,EUR,3.0,4,Delivered
ORD-101112,2025-06-16 00:00:00,Nordfrakt,Milan,IT, Bergen ,NO,Standard,Industrial,47.44,101.58,EUR,3.0,4,Delivered
ORD-100611,2025-11-10,Vantage Freight Ltd,Rotterdam,NL,Malmo,SE,Standard,E-Commerce,33.32,83.75,EUR,2.0,4,Delivered
ORD-102473,22/06/2025,Nordfrakt AB,Rotterdam,NL,Stockholm,SE,Economy,Wholesale,14.71,46.33,USD,3.0,7,Delivered
ORD-102696,"May 12, 2025", Meridian Express,Rotterdam,NL,Warsaw,PL,Economy,Retail,62.51,95.86,USD,3.0,7,Delivered
ORD-101089,19/05/2025, Nordfrakt ,Hamburg,DE,Eindhoven,NL,Standard,Wholesale,17.95,53.13,EUR,3.0,4,Delivered
ORD-102737,"Jun 12, 2025", Meridian Express,Gothenburg,SE,Frankfurt,DE,Economy,Industrial,29.08,54.5,EUR,4.0,7,Delivered
ORD-101535,2025-03-18 00:00:00,Baltica Logistics A/S,Barcelona,ES,Gdansk,PL,Standard,Retail,42.44,97.52,EUR,5.0,4,Delayed
ORD-101408,"Mar 03, 2025",kestrel,Rotterdam,NL,Helsinki,FI,Express,Wholesale,11.29,99.63,EUR,3.0,2,Delayed
ORD-100348,2025-06-09,nordfrakt,Gothenburg,SE,Geneva,CH,Standard,Wholesale,49.06,92.69,EUR,4.0,4,Delivered
ORD-100782,2025-05-07,Nordfrakt AB,Rotterdam,NL,Paris,FR,Standard,Retail,12.09,58.69,EUR,2.0,4,Delivered
ORD-104017,23/05/2025,MERIDIAN EXPRESS,Gothenburg,SE,Malmo,SE,Standard,E-Commerce,34.34,72.93,EUR,1.0,4,DELIVERED
ORD-100629,"Sep 18, 2025",Meridian Expr,Gothenburg,SE,Zurich,CH,Economy,Wholesale,21.78,586.11,SEK,4.0,7,Delivered
ORD-102548,14/11/2025,HANSEATIC,Rotterdam,NL,Rome,IT,Standard,Wholesale,4.53,52.02,EUR,,4,Delayed
ORD-103743,28/10/2025,Meridian Express,Gothenburg,SE,Helsinki,FI,Standard,Retail,34.15,111.95,EUR,4.0,4,Delivered
ORD-103391,2025-12-15,Meridian Expr,Hamburg,DE,Gothenburg,SE,Standard,Retail,16.38,50.11,EUR,2.0,4,Delivered
ORD-100164,"Oct 16, 2025",KESTREL PARCEL,Gothenburg,SE,Amsterdam,NL,Economy,Wholesale,17.46,45.97,USD,3.0,7,Delivered
ORD-104669,2025-10-22 00:00:00,baltica,Rotterdam,NL,Gdansk,PL,Economy,Wholesale,9.22,34.86,EUR,6.0,7,Delivered
ORD-102336,05/11/2025,Vantage Freight,Gothenburg,SE,Bergen,NO,Express,Industrial,21.46,142.98,EUR,2.0,2,Delivered
ORD-101969,2025-05-23,Vantage,Gothenburg,SE,Munich,DE,Express,Wholesale,15.06,1295.43,SEK,2.0,2,Delivered
ORD-103508,2025-04-01 00:00:00,Kestrel Parcel,Gothenburg,SE,Stockholm,SE,Standard,Industrial,14.8,51.83,EUR,3.0,4,Delivered
ORD-102426,"May 26, 2025",HANSEATIC,Rotterdam,NL,Warsaw,PL,Standard,Retail,29.22,100.14,EUR,6.0,4,Delayed
ORD-103139,2025-11-27,Kestrel Parcel,Gothenburg,SE, Malmo ,SE,Standard,Industrial,20.12,69.9,USD,2.0,4,Delivered
ORD-104033,2025-08-01,hanseatic line,Milan,IT,Eindhoven,NL,Express,Wholesale,6.86,71.13,EUR,2.0,2,Delivered
ORD-100294,"Dec 25, 2025",Nordfrakt AB,Rotterdam,NL,Turin,IT,Standard,Retail,50.91,121.38,EUR,5.0,4,Delayed
ORD-101822,13/08/2025,Nordfrakt AB,Milan,IT, Krakow ,PL,Standard,E-Commerce,9.29,55.7,EUR,3.0,4,Delivered
ORD-102914,"Oct 10, 2025",Baltica Logistics A/S,Barcelona,ES,Frankfurt,DE,Standard,E-Commerce,28.73,70.68,EUR,3.0,4,Delivered
ORD-102860,"Jun 16, 2025", Meridian Express,Gothenburg,SE,Malmo,SE,Express,Wholesale,21.75,96.79,USD,1.0,2,Delivered
ORD-102363,05/05/2025,Meridian Express,Hamburg,DE,Zurich,CH,Express,Retail,17.51,1362.31,SEK,2.0,2,Delivered
ORD-102237,2025-07-28,KESTREL PARCEL,Hamburg,DE,Gdansk,PL,Express,Retail,49.96,180.26,EUR,3.0,2,Delayed
ORD-104046,2025-11-04,nordfrakt,Gothenburg,SE,Eindhoven,NL,Standard,E-Commerce,29.49,66.21,EUR,3.0,4,Delivered
ORD-100274,"Oct 16, 2025",KESTREL PARCEL,Gothenburg,SE,Lyon,FR,Standard,Industrial,14.52,57.31,EUR,4.0,4,Delivered
ORD-101074,2025-11-12, Nordfrakt ,Hamburg,DE,Vienna,AT,Standard,Wholesale,12.58,60.43,EUR,,4,Delivered
ORD-103858,2025-08-26 00:00:00,Meridian Expr,Barcelona,ES,Krakow,PL,Standard,Retail,45.9,84.23,EUR,3.0,4,Delivered
ORD-101103,2025-05-22,Nordfrakt AB,Gothenburg,SE,Paris,FR,Standard,Wholesale,54.48,85.97,EUR,4.0,4,Delivered
ORD-101290,2025-07-07 00:00:00,nordfrakt,Rotterdam,NL,Lyon,FR,Economy,Retail,30.63,61.75,EUR,4.0,7,Delivered
ORD-100837,2025-06-17 00:00:00,MERIDIAN EXPRESS,Barcelona,ES,Bergen,NO,Standard,Industrial,25.88,81.53,USD,3.0,4,Delivered
ORD-104352,2025-12-29 00:00:00,Vantage Freight Ltd,Hamburg,DE,Graz,AT,Economy,Industrial,1.9,35.09,EUR,5.0,7,Delivered
ORD-101250,11/07/2025,HANSEATIC,Rotterdam,NL,Malmo,SE,Standard,Retail,11.53,46.08,EUR,3.0,4,Delivered
ORD-104322,2025-11-10 00:00:00,Meridian Express,Gothenburg,SE,Bergen,NO,Economy,Industrial,36.34,77.65,EUR,5.0,7,Delivered
ORD-100816,,Nordfrakt AB,Gothenburg,SE,Paris,FR,Economy,Retail,13.55,44.64,EUR,5.0,7,Delivered
ORD-101243,24/11/2025,Vantage,Milan,IT,Gothenburg,SE,Standard,Industrial,16.93,600.1,USD,2.0,4,Delivered
ORD-100302,"Mar 06, 2025",Meridian Expr,Gothenburg,SE,Eindhoven,NL,Standard,E-Commerce,29.21,73.92,EUR,2.0,4,Delivered
ORD-104706,2025-11-14,Hanseatic Lines,Gothenburg,SE,Copenhagen,DK,Economy,Wholesale,43.49,72.74,EUR,4.0,7,Delivered
ORD-104040,2025-08-28,Nordfrakt AB,Milan,IT,Cologne,DE,Standard,E-Commerce,32.32,66.2,EUR,3.0,4,Delivered
ORD-103559,2025-11-12,Baltica Logistics A/S,Gothenburg,SE,Madrid,ES,Economy,Wholesale,19.23,56.83,USD,9.0,7,Delayed
ORD-102485,2025-09-15 00:00:00,Baltica Log.,Gothenburg,SE,Cologne,DE,Express,E-Commerce,29.64,123.59,EUR,2.0,2,Delivered
ORD-104866,"Nov 13, 2025",vantage freight,Rotterdam,NL,Berlin,DE,Express,Retail,66.42,265.49,USD,2.0,2,Delivered
ORD-100872,2025-05-02, Nordfrakt ,Gothenburg,SE,Gothenburg,SE,Economy,Wholesale,25.11,45.64,USD,2.0,7,Delivered
ORD-104949,19/09/2025,HANSEATIC,Rotterdam,NL,Oslo,NO,Standard,E-Commerce,14.16,58.73,USD,6.0,4,Delayed
ORD-104047,"Jul 15, 2025",MERIDIAN EXPRESS,Gothenburg,SE,Geneva,CH,Express,Industrial,46.09,210.75,EUR,2.0,2,Delivered
ORD-100906,2025-10-13,MERIDIAN EXPRESS,Hamburg,DE,Tampere,FI,Express,Retail,34.08,188.22,EUR,2.0,2,Delivered
ORD-100923,2025-05-19,Nordfrakt,Gothenburg,SE,Malmo,SE,Standard,Industrial,8.58,44.68,EUR,2.0,4,Delivered
ORD-102922,"May 07, 2025",Baltica Log.,Gothenburg,SE,Frankfurt,DE,Standard,Wholesale,26.49,83.99,EUR,4.0,4,Delivered
ORD-101975,2025-03-28 00:00:00,Meridian Express,Milan,IT,Gothenburg,SE,Standard,Wholesale,50.78,92.56,EUR,2.0,4,Delivered
ORD-104038,"Aug 18, 2025",Baltica Logistics A/S,Barcelona,ES,Vienna,AT,Economy,Industrial,40.48,63.38,EUR,5.0,7,Delivered
ORD-103063,09/05/2025,MERIDIAN EXPRESS,Hamburg,DE,Berlin,DE,Standard,Retail,6.57,35.71,EUR,3.0,4,Delivered
ORD-102394,15/11/2025,Nordfrakt,Gothenburg,SE,Lyon,FR,Standard,Retail,75.94,138.23,EUR,3.0,4,Delivered
ORD-104340,"Mar 31, 2025",Meridian Express,Rotterdam,NL,Krakow,PL,Standard,Industrial,15.66,60.78,EUR,4.0,4,Delivered
ORD-103715,2025-08-05 00:00:00,Nordfrakt AB,Gothenburg,SE,Vienna,AT,Express,Industrial,55.09,209.37,EUR,2.0,2,Delivered
ORD-102702,"Jun 30, 2025",Vantage Freight,Hamburg,DE,Gothenburg,SE,Standard,Wholesale,12.75,559.75,SEK,1.0,4,Delivered
ORD-100228,2025-12-26 00:00:00,nordfrakt,Gothenburg,SE,Copenhagen,DK,Standard,Industrial,39.45,83.95,EUR,2.0,4,Delivered
ORD-101237,, Nordfrakt ,Barcelona,ES,Eindhoven,NL,Standard,Industrial,36.7,105.38,USD,2.0,4,Delivered
ORD-103713,2025-07-01,Nordfrakt AB,Gothenburg,SE,Aarhus,DK,Express,Wholesale,5.87,60.59,EUR,1.0,2,Delivered
ORD-100829,2025-03-17 00:00:00,Meridian Expr,Rotterdam,NL,Amsterdam,NL,Economy,Retail,2.39,244.75,SEK,2.0,7,Delivered
ORD-104327,2025-10-20 00:00:00, Nordfrakt ,Gothenburg,SE,Geneva,CH,Standard,Wholesale,24.01,76.11,USD,5.0,4,Delayed
ORD-100385,"May 07, 2025",MERIDIAN EXPRESS,Gothenburg,SE,Amsterdam,NL,Standard,E-Commerce,9.92,613.12,SEK,3.0,4,Delivered
ORD-103757,"Dec 26, 2025", Nordfrakt ,Hamburg,DE,Lyon,FR,Express,Wholesale,20.2,1434.85,SEK,2.0,2,Delivered
ORD-103162,"May 28, 2025",Nordfrakt AB,Rotterdam,NL,Geneva,CH,Standard,Industrial,24.29,99.89,USD,4.0,4,Delivered
ORD-104870,13/06/2025,MERIDIAN EXPRESS,Milan,IT, Cologne ,DE,Standard,Industrial,39.94,101.3,USD,3.0,4,Delivered
ORD-104683,"Apr 07, 2025",Baltica Log.,Gothenburg,SE,Krakow,PL,Standard,E-Commerce,58.08,105.81,EUR,3.0,4,Delivered
ORD-103348,"May 06, 2025",Vantage Freight Ltd,Milan,IT,Turin,IT,Economy,E-Commerce,21.81,518.72,SEK,5.0,7,Delivered
ORD-104808,01/10/2025,Nordfrakt AB,Gothenburg,SE,Aarhus,DK,Economy,Industrial,45.09,563.97,SEK,,7,Delivered
ORD-103274,14/07/2025,nordfrakt,Hamburg,DE,Graz,AT,Standard,E-Commerce,57.97,118.59,USD,4.0,4,Delivered
ORD-101150,"Sep 22, 2025", Meridian Express,Gothenburg,SE,Madrid,ES,Standard,E-Commerce,79.78,106.69,EUR,3.0,4,Delivered
ORD-103426,"Nov 19, 2025",nordfrakt,Hamburg,DE,Graz,AT,Standard,Wholesale,10.22,37.54,EUR,5.0,4,Delayed
ORD-102744,2025-06-18,Nordfrakt AB,Gothenburg,SE,Paris,FR,Standard,Wholesale,11.68,52.21,USD,3.0,4,Delivered
ORD-101792,05/09/2025,Kestrel Parcel,Hamburg,DE,Marseille,FR,Standard,Wholesale,22.51,70.57,EUR,4.0,4,Delivered
ORD-104762,2025-04-23,kestrel,Gothenburg,SE,Geneva,CH,Express,E-Commerce,8.62,112.38,EUR,3.0,2,Delayed
ORD-103555,01/11/2025, Nordfrakt ,Gothenburg,SE,Bergen,NO,Standard,Retail,52.54,123.18,USD,3.0,4,Delivered
ORD-101269,27/03/2025,Kestrel Parcels AB,Rotterdam,NL,Oslo,NO,Standard,Wholesale,21.93,65.21,EUR,3.0,4,Delivered
ORD-103160,"May 05, 2025",Vantage Freight Ltd,Hamburg,DE,Cologne,DE,Express,Industrial,30.03,158.76,EUR,2.0,2,Delivered
ORD-103488,29/10/2025,Vantage Freight,Hamburg,DE,Berlin,DE,Economy,Retail,19.85,44.54,EUR,4.0,7,Delivered
ORD-100963,2025-06-30,Baltica Logistics A/S,Rotterdam,NL,Stockholm,SE,Standard,Retail,18.55,57.69,EUR,2.0,4,Delivered
ORD-103154,07/04/2025,Vantage Freight,Gothenburg,SE,Gdansk,PL,Standard,Industrial,11.31,77.71,EUR,4.0,4,Delivered
ORD-100497,2025-09-22,baltica,Hamburg,DE,Manchester,GB,Standard,Industrial,23.88,59.95,EUR,4.0,4,Delivered
ORD-100352,2025-08-12 00:00:00,Nordfrakt,Barcelona,ES, Helsinki ,FI,Standard,E-Commerce,22.35,77.39,EUR,4.0,4,Delivered
ORD-101838,2025-07-01 00:00:00,Baltica Log.,Hamburg,DE,Paris,FR,Standard,Wholesale,17.24,672.46,SEK,3.0,4,Delivered
ORD-103963,2025-09-24 00:00:00,KESTREL PARCEL,Hamburg,DE,Malmo,SE,Standard,Wholesale,5.83,37.58,EUR,3.0,4,Delivered
ORD-102490,2025-09-04,Vantage Freight,Gothenburg,SE,Prague,CZ,Express,Industrial,36.73,149.68,EUR,2.0,2,Delivered
ORD-101646,05/09/2025,vantage freight,Milan,IT,Copenhagen,DK,Express,E-Commerce,44.82,191.14,EUR,1.0,2,Delivered
ORD-100783,2025-05-06, Meridian Express,Gothenburg,SE,Madrid,ES,Standard,E-Commerce,21.6,83.08,EUR,4.0,4,Delivered
ORD-102908,2025-05-12 00:00:00,HANSEATIC,Hamburg,DE, Munich ,DE,Express,Wholesale,3.9,83.58,EUR,3.0,2,Delayed
ORD-104023,2025-08-05,baltica,Milan,IT,Marseille,FR,Economy,Retail,57.2,905.66,SEK,4.0,7,Delivered
ORD-104725,18/11/2025,Vantage Freight,Gothenburg,SE,Warsaw,PL,Standard,Wholesale,21.93,86.87,EUR,3.0,4,Delivered
ORD-100068,11/04/2025,Nordfrakt AB,Barcelona,ES,Stockholm,SE,Economy,Wholesale,19.03,42.7,EUR,3.0,7,Delivered
ORD-103434,2025-07-08 00:00:00,Baltica Log.,Gothenburg,SE,Munich,DE,Standard,E-Commerce,2.36,36.15,EUR,3.0,4,Delivered
ORD-100797,"Nov 07, 2025", Meridian Express,Gothenburg,SE,Paris,FR,Standard,Retail,70.98,153.79,EUR,3.0,4,Delivered
ORD-103098,2025-06-09 00:00:00, Meridian Express,Gothenburg,SE,Madrid,ES,Express,Industrial,14.71,130.05,USD,2.0,2,Delivered
ORD-104757,"May 13, 2025",Nordfrakt AB,Milan,IT,Frankfurt,DE,Standard,E-Commerce,20.18,86.21,EUR,2.0,4,DELIVERED
ORD-100177,"May 28, 2025",Nordfrakt,Rotterdam,NL,Eindhoven,NL,Standard,Industrial,9.55,53.32,EUR,2.0,4,Delivered
ORD-100953,2025-10-21,Vantage,Rotterdam,NL,Gothenburg,SE,Economy,Industrial,8.35,26.46,EUR,3.0,7,Delivered
ORD-102139,06/10/2025, Nordfrakt ,Hamburg,DE,Cologne,DE,Standard,Wholesale,22.02,89.54,USD,2.0,4,Delivered
ORD-102915,2025-10-27, Meridian Express,Gothenburg,SE,Copenhagen,DK,Standard,E-Commerce,22.06,69.77,USD,2.0,4,Delivered
ORD-103926,"Dec 01, 2025",Vantage Freight Ltd,Gothenburg,SE,Munich,DE,Economy,E-Commerce,10.15,28.19,EUR,3.0,7,DELIVERED
ORD-102300,25/07/2025,Baltica Logistics A/S,Hamburg,DE,Berlin,DE,Standard,Wholesale,9.8,51.45,EUR,3.0,4,Delivered
ORD-101756,08/09/2025, Meridian Express,Rotterdam,NL,Brno,CZ,Standard,Wholesale,1.95,33.38,EUR,3.0,4,Delivered
ORD-103486,2025-09-03 00:00:00,nordfrakt,Rotterdam,NL,Bergen,NO,Standard,Retail,21.81,77.38,USD,3.0,4,Delivered
ORD-102606,18/12/2025,vantage freight,Rotterdam,NL,Paris,FR,Standard,Retail,20.36,71.96,EUR,4.0,4,Delivered
ORD-102719,2025-05-29,Vantage Freight Ltd,Milan,IT,London,GB,Express,Retail,13.28,103.26,EUR,3.0,2,Delayed
ORD-101928,2025-06-09 00:00:00, Nordfrakt ,Barcelona,ES,Vienna,AT,Economy,Wholesale,18.81,59.71,EUR,3.0,7,Delivered
ORD-102774,25/12/2025, Meridian Express,Barcelona,ES,Malmo,SE,Standard,E-Commerce,21.8,64.72,EUR,2.0,4,Delivered
ORD-101507,"Nov 19, 2025",nordfrakt,Gothenburg,SE,Rome,IT,Standard,Wholesale,25.93,90.33,USD,4.0,4,Delivered
ORD-104044,2025-10-13,Meridian Express,Gothenburg,SE,Rome,IT,Standard,Retail,13.89,65.61,EUR,3.0,4,Delivered
ORD-102292,2025-07-08, Nordfrakt ,Milan,IT,Valencia,ES,Economy,Retail,50.0,86.15,USD,6.0,7,Delivered
ORD-104254,2025-09-04 00:00:00,baltica,Hamburg,DE,Helsinki,FI,Express,Wholesale,14.0,118.14,EUR,3.0,2,Delayed
ORD-100538,2025-12-22, Meridian Express,Rotterdam,NL,Eindhoven,NL,Standard,Retail,27.14,1076.54,SEK,2.0,4,Delivered
ORD-101330,2025-11-03,HANSEATIC,Barcelona,ES, Eindhoven ,NL,Standard,Industrial,7.63,562.9,SEK,4.0,4,Delivered
ORD-101488,"Apr 30, 2025",Baltica Logistics,Hamburg,DE,Amsterdam,NL,Express,Industrial,21.1,104.63,EUR,2.0,2,Delivered
ORD-101744,24/06/2025,Baltica Log.,Hamburg,DE,Oslo,NO,Economy,Wholesale,6.2,27.44,EUR,6.0,7,Delivered
ORD-104960,26/09/2025,kestrel,Hamburg,DE, Oslo ,NO,Standard,E-Commerce,36.83,91.02,EUR,4.0,4,Delivered
ORD-100120,2025-10-28,nordfrakt,Hamburg,DE,Brno,CZ,Standard,E-Commerce,8.84,465.53,SEK,3.0,4,Delivered
ORD-104344,2025-09-22,Hanseatic Lines,Barcelona,ES,Frankfurt,DE,Economy,E-Commerce,37.8,57.78,EUR,7.0,7,Delivered
ORD-103908,16/06/2025,Hanseatic Lines,Gothenburg,SE,Geneva,CH,Express,Retail,67.35,230.26,EUR,3.0,2,Delayed
ORD-104276,07/04/2025,nordfrakt,Gothenburg,SE,Malmo,SE,Standard,E-Commerce,13.87,55.21,EUR,2.0,4,Delivered
ORD-103922,"Nov 20, 2025",Kestrel Parcels AB,Milan,IT,Graz,AT,Standard,Industrial,38.33,109.78,EUR,4.0,4,Delivered
ORD-101931,2025-11-20 00:00:00,Vantage,Gothenburg,SE,Munich,DE,Standard,E-Commerce,57.88,109.85,EUR,3.0,4,Delivered
ORD-102812,"Jun 17, 2025",Kestrel Parcel,Barcelona,ES,Prague,CZ,Express,Retail,31.06,212.13,USD,3.0,2,Delayed
ORD-102539,2025-11-27,Nordfrakt,Hamburg,DE,Gothenburg,SE,Express,E-Commerce,11.42,1020.86,SEK,1.0,2,Delivered
ORD-104221,"Dec 11, 2025",Hanseatic Lines,Rotterdam,NL,Zurich,CH,Economy,E-Commerce,9.68,33.64,EUR,10.0,7,Delayed
ORD-103856,2025-09-15 00:00:00,kestrel,Gothenburg,SE,Cologne,DE,Standard,E-Commerce,19.39,65.48,USD,4.0,4,DELIVERED
ORD-103719,23/07/2025,Vantage Freight Ltd,Hamburg,DE,Vienna,AT,Express,E-Commerce,42.56,205.37,USD,2.0,2,Delivered
ORD-103248,19/05/2025,Vantage,Gothenburg,SE,Marseille,FR,Standard,Industrial,2.44,40.62,EUR,3.0,4,DELIVERED
ORD-100663,2025-06-20,nordfrakt,Milan,IT,Graz,AT,Standard,Retail,20.18,,EUR,3.0,4,Delivered
ORD-102822,2025-05-09,Kestrel Parcel,Gothenburg,SE,Geneva,CH,Standard,Retail,27.68,895.73,SEK,5.0,4,Delayed
ORD-100573,2025-03-28,Meridian Express,Rotterdam,NL,Brno,CZ,Express,E-Commerce,18.19,116.82,EUR,2.0,2,Delivered
ORD-103652,12/10/2025,baltica,Gothenburg,SE, Frankfurt ,DE,Standard,Industrial,11.95,51.54,EUR,4.0,4,Delivered
ORD-104328,"Mar 27, 2025",Hanseatic Lines,Rotterdam,NL,Prague,CZ,Standard,E-Commerce,22.99,112.28,EUR,6.0,4,Delayed
ORD-104689,,Kestrel Parcel,Barcelona,ES,Marseille,FR,Standard,Industrial,10.8,58.58,EUR,4.0,4,Delivered
ORD-104477,2025-09-19 00:00:00,baltica,Gothenburg,SE,Graz,AT,Standard,Retail,15.81,60.69,EUR,4.0,4,DELIVERED
ORD-104086,2025-07-28 00:00:00,Vantage,Gothenburg,SE,Amsterdam,NL,Economy,Wholesale,55.47,81.05,EUR,3.0,7,Delivered
ORD-101071,"Jun 23, 2025",Meridian Expr,Gothenburg,SE,Stockholm,SE,Standard,E-Commerce,27.31,78.79,EUR,2.0,4,Delivered
ORD-102187,2025-07-20 00:00:00,Kestrel Parcels AB,Milan,IT,Manchester,GB,Economy,Industrial,45.89,88.88,EUR,7.0,7,Delivered
ORD-100258,"Jun 05, 2025",Meridian Expr,Rotterdam,NL,Bergen,NO,Express,E-Commerce,16.15,139.2,EUR,,2,Delivered
ORD-102664,2025-06-26,Nordfrakt,Hamburg,DE,Cologne,DE,Standard,Retail,5.79,51.02,EUR,2.0,4,Delivered
ORD-101797,2025-06-10 00:00:00,vantage freight,Barcelona,ES,Valencia,ES,Standard,Industrial,65.8,118.45,EUR,4.0,4,Delivered
ORD-103233,2025-03-03,Nordfrakt,Milan,IT,Madrid,ES,Economy,Retail,21.93,49.67,USD,6.0,7,In Transit
ORD-100725,2025-05-05 00:00:00,Nordfrakt AB,Hamburg,DE, Turin ,IT,Express,Wholesale,81.26,311.17,USD,2.0,2,Delivered
ORD-101636,"May 30, 2025",Vantage Freight Ltd,Gothenburg,SE,Rome,IT,Express,E-Commerce,21.08,153.05,EUR,3.0,2,Delayed
ORD-100677,2025-04-16 00:00:00,hanseatic line,Rotterdam,NL,Copenhagen,DK,Standard,Retail,21.15,56.34,EUR,5.0,4,Delayed
ORD-101152,"Oct 23, 2025",Vantage Freight Ltd,Milan,IT,Madrid,ES,Standard,Retail,18.39,78.26,EUR,4.0,4,Delivered
ORD-100055,25/03/2025,Nordfrakt AB,Rotterdam,NL,Amsterdam,NL,Economy,E-Commerce,29.73,54.4,EUR,4.0,7,Delivered
ORD-104065,2025-09-08 00:00:00,Meridian Express,Rotterdam,NL,Malmo,SE,Express,E-Commerce,29.19,127.17,EUR,1.0,2,Delivered
ORD-100825,21/04/2025,Vantage Freight Ltd,Rotterdam,NL,Turin,IT,Standard,E-Commerce,21.37,53.02,EUR,,4,Delivered
ORD-103336,15/12/2025,MERIDIAN EXPRESS,Hamburg,DE, Frankfurt ,DE,Economy,E-Commerce,30.66,65.3,EUR,,7,Cancelled
ORD-102214,"May 05, 2025",kestrel,Hamburg,DE,Munich,DE,Standard,E-Commerce,31.81,76.36,EUR,3.0,4,Delivered
ORD-102920,26/08/2025,Vantage Freight Ltd,Gothenburg,SE,Oslo,NO,Economy,Retail,28.85,47.42,EUR,4.0,7,Delivered
ORD-101361,2025-04-07,nordfrakt,Hamburg,DE,Gdansk,PL,Economy,Retail,7.5,35.44,EUR,5.0,7,Delivered
ORD-102935,"Jul 04, 2025",Meridian Expr,Hamburg,DE,Gothenburg,SE,Standard,Industrial,20.29,54.47,EUR,2.0,4,Delivered
ORD-100888,"Mar 09, 2025",vantage freight,Gothenburg,SE,Valencia,ES,Economy,Wholesale,27.36,44.86,EUR,5.0,7,Delivered
ORD-102954,2025-07-31 00:00:00,Hanseatic Lines,Rotterdam,NL,Tampere,FI,Economy,E-Commerce,33.39,48.95,EUR,8.0,7,Delayed
ORD-101687,2025-10-10, Meridian Express,Barcelona,ES, Oslo ,NO,Standard,Industrial,72.89,139.97,USD,3.0,4,DELIVERED
ORD-101819,"Aug 11, 2025", Meridian Express,Hamburg,DE,Berlin,DE,Express,Retail,60.15,212.55,EUR,2.0,2,Delivered
ORD-104776,2025-09-01 00:00:00,HANSEATIC,Hamburg,DE,Munich,DE,Economy,Industrial,24.94,53.9,EUR,7.0,7,Delivered
ORD-101056,"Nov 02, 2025",Nordfrakt AB,Rotterdam,NL,Eindhoven,NL,Economy,E-Commerce,26.74,64.37,EUR,4.0,7,Delivered
ORD-104710,2025-08-04,vantage freight,Milan,IT,Stockholm,SE,Economy,Industrial,13.41,38.35,EUR,3.0,7,Delivered
ORD-104991,12/12/2025,Kestrel Parcel,Barcelona,ES,Bergen,NO,Standard,Industrial,23.43,85.52,EUR,4.0,4,Delivered
ORD-104100,2025-04-21,Kestrel Parcels AB,Hamburg,DE,Eindhoven,NL,Standard,E-Commerce,41.06,89.64,EUR,3.0,4,Delivered
ORD-104787,2025-03-07,Hanseatic Lines,Gothenburg,SE,Paris,FR,Economy,E-Commerce,45.04,67.87,EUR,7.0,7,In Transit
ORD-102848,01/08/2025,vantage freight,Rotterdam,NL,Bergen,NO,Standard,Retail,20.36,46.12,USD,3.0,4,Delivered
ORD-100617,2025-07-25,kestrel,Barcelona,ES,Marseille,FR,Economy,Retail,11.37,42.24,EUR,4.0,7,Delivered
ORD-103653,2025-12-09 00:00:00, Meridian Express,Gothenburg,SE,Prague,CZ,Standard,Industrial,16.33,845.37,SEK,3.0,4,Delivered
ORD-100123,14/11/2025,Hanseatic Lines,Gothenburg,SE,Marseille,FR,Standard,Industrial,11.68,60.94,EUR,6.0,4,Delayed
ORD-100334,"Nov 10, 2025",nordfrakt,Rotterdam,NL,Bergen,NO,Standard,Wholesale,19.38,65.03,EUR,3.0,4,DELIVERED
ORD-104643,2025-04-06,Hanseatic Lines,Gothenburg,SE, Brno ,CZ,Standard,Wholesale,7.69,524.11,SEK,5.0,4,Delayed
ORD-101362,2025-09-09,Nordfrakt,Gothenburg,SE,Eindhoven,NL,Economy,Wholesale,12.04,49.23,USD,3.0,7,Delivered
ORD-100304,2025-12-24 00:00:00, Meridian Express,Gothenburg,SE,Eindhoven,NL,Standard,Industrial,27.86,84.36,EUR,2.0,4,Delivered
ORD-102772,"Jun 20, 2025",Baltica Logistics A/S,Hamburg,DE,Marseille,FR,Standard,Wholesale,71.44,124.94,USD,3.0,4,Delivered
ORD-103736,"Sep 25, 2025",Hanseatic Lines,Barcelona,ES,Geneva,CH,Standard,Retail,9.3,49.84,EUR,6.0,4,Delayed
ORD-103165,2025-10-07,Nordfrakt,Gothenburg,SE,Eindhoven,NL,Economy,Industrial,62.61,60.91,EUR,4.0,7,Delivered
ORD-102966,11/07/2025,Vantage Freight Ltd,Gothenburg,SE,Tampere,FI,Economy,Wholesale,70.25,99.38,EUR,4.0,7,Delivered
ORD-104548,2025-12-15 00:00:00,Meridian Expr,Gothenburg,SE,Cologne,DE,Standard,Wholesale,36.46,99.01,USD,3.0,4,Delivered
ORD-100175,2025-11-10 00:00:00,MERIDIAN EXPRESS,Gothenburg,SE,Oslo,NO,Standard,Industrial,45.22,102.09,EUR,3.0,4,Delivered
ORD-104480,2025-11-12,Vantage Freight,Milan,IT,Zurich,CH,Economy,Retail,34.14,46.21,EUR,5.0,7,Delivered
ORD-101194,2025-12-14,Nordfrakt,Barcelona,ES,Munich,DE,Economy,Industrial,41.95,65.08,USD,5.0,7,Delivered
ORD-104883,2025-05-28,Baltica Logistics,Gothenburg,SE, Cologne ,DE,Standard,Wholesale,23.84,74.58,EUR,3.0,4,Delivered
ORD-103243,"Dec 10, 2025",Meridian Express,Gothenburg,SE,Malmo,SE,Economy,Wholesale,32.8,50.21,EUR,3.0,7,Delivered
ORD-101879,2025-04-25,Baltica Logistics A/S,Milan,IT,Munich,DE,Express,Retail,4.47,1038.83,SEK,2.0,2,Delivered
ORD-101861,2025-08-10,baltica,Hamburg,DE,Krakow,PL,Standard,Industrial,15.88,59.19,USD,4.0,4,Delivered
ORD-101350,2025-04-03,Meridian Express,Rotterdam,NL,Stockholm,SE,Standard,E-Commerce,7.82,32.41,EUR,1.0,4,Delivered
ORD-103606,2025-08-27,Kestrel Parcels AB,Gothenburg,SE,Warsaw,PL,Standard,Industrial,26.4,,EUR,7.0,4,Delayed
ORD-102974,"Mar 10, 2025",Kestrel Parcels AB,Gothenburg,SE,Madrid,ES,Economy,Industrial,13.66,39.5,EUR,6.0,7,Delivered
ORD-100409,2025-03-08 00:00:00,Nordfrakt AB,Hamburg,DE,Prague,CZ,Express,Industrial,14.61,135.79,USD,2.0,2,Delivered
ORD-100297,"Oct 27, 2025",Kestrel Parcel,Hamburg,DE,Marseille,FR,Standard,Wholesale,36.7,103.5,USD,3.0,4,Delivered
ORD-100022,09/06/2025,kestrel,Hamburg,DE,Madrid,ES,Express,Retail,33.43,186.87,EUR,3.0,2,DELAYED
ORD-104118,"Jun 23, 2025",hanseatic line,Hamburg,DE,Eindhoven,NL,Standard,Retail,11.19,56.55,EUR,3.0,4,Delivered
ORD-104048,2025-09-01 00:00:00,Kestrel Parcels AB,Barcelona,ES, Manchester ,GB,Economy,Retail,93.04,104.7,EUR,,7,Cancelled
ORD-100728,2025-11-24 00:00:00,Nordfrakt AB,Hamburg,DE,Turin,IT,Standard,Wholesale,12.62,63.32,EUR,5.0,4,Delayed
ORD-103669,2025-06-28,Meridian Expr,Gothenburg,SE,Munich,DE,Economy,Industrial,18.99,47.5,EUR,4.0,7,Delivered
ORD-104203,2025-05-12,nordfrakt,Gothenburg,SE,Turin,IT,Express,Wholesale,62.09,233.09,EUR,2.0,2,Delivered
ORD-101307,2025-07-09 00:00:00,KESTREL PARCEL,Milan,IT,Prague,CZ,Standard,Industrial,32.91,102.6,EUR,4.0,4,Delivered
ORD-101672,2025-07-25,Vantage Freight Ltd,Milan,IT,Munich,DE,Standard,Industrial,5.38,546.92,SEK,3.0,4,Delivered
ORD-103797,2025-04-05,Baltica Log.,Rotterdam,NL,Frankfurt,DE,Economy,Industrial,3.27,38.59,EUR,4.0,7,Delivered
ORD-104946,2025-09-22 00:00:00,hanseatic line,Hamburg,DE,Amsterdam,NL,Economy,E-Commerce,21.87,42.99,USD,6.0,7,Delivered
ORD-100293,2025-09-01,MERIDIAN EXPRESS,Gothenburg,SE,Amsterdam,NL,Express,E-Commerce,65.65,232.01,EUR,2.0,2,Delivered
ORD-102249,2025-10-20,Meridian Express,Hamburg,DE,Munich,DE,Standard,Retail,35.12,94.13,EUR,3.0,4,Delivered
ORD-100126,14/04/2025,Meridian Express,Gothenburg,SE,Frankfurt,DE,Standard,Retail,47.54,102.44,EUR,3.0,4,Delivered
ORD-102247,05/06/2025, Nordfrakt ,Gothenburg,SE,Marseille,FR,Standard,Industrial,7.96,50.45,EUR,2.0,4,Delivered
ORD-100686,2025-10-10 00:00:00,Baltica Logistics A/S,Gothenburg,SE,Frankfurt,DE,Express,E-Commerce,44.37,191.89,EUR,2.0,2,Delivered
ORD-100817,"Apr 28, 2025",Baltica Log.,Barcelona,ES,Rome,IT,Standard,E-Commerce,17.17,92.56,USD,5.0,4,Delayed
ORD-100216,2025-04-14 00:00:00,MERIDIAN EXPRESS,Rotterdam,NL,Munich,DE,Express,Retail,20.12,112.5,EUR,2.0,2,Delivered
ORD-100706,"Mar 05, 2025",KESTREL PARCEL,Hamburg,DE,Krakow,PL,Economy,E-Commerce,2.44,35.65,EUR,8.0,7,Delayed
ORD-101992,05/08/2025,vantage freight,Hamburg,DE,Berlin,DE,Express,E-Commerce,70.07,279.6,EUR,2.0,2,Delivered
ORD-104798,2025-10-01,Hanseatic Line,Rotterdam,NL, Helsinki ,FI,Standard,Retail,32.35,972.19,SEK,7.0,4,Delayed
ORD-101282,2025-10-02 00:00:00,Vantage Freight,Gothenburg,SE,London,GB,Standard,E-Commerce,37.02,91.19,EUR,4.0,4,Delivered
ORD-101604,2025-05-08, Nordfrakt ,Gothenburg,SE,Vienna,AT,Express,Wholesale,16.01,122.86,EUR,2.0,2,Delivered
ORD-104104,2025-04-12,nordfrakt,Rotterdam,NL,Cologne,DE,Standard,Retail,10.15,669.74,SEK,2.0,4,Delivered
ORD-104465,21/04/2025,nordfrakt,Gothenburg,SE,Munich,DE,Express,Retail,12.51,111.23,USD,2.0,2,Delivered
ORD-100812,,nordfrakt,Hamburg,DE,Amsterdam,NL,Standard,E-Commerce,9.88,40.33,EUR,2.0,4,Delivered
ORD-103337,"Mar 28, 2025",Nordfrakt AB,Hamburg,DE,Aarhus,DK,Express,E-Commerce,52.96,201.08,EUR,1.0,2,Delivered
ORD-103602,2025-05-26 00:00:00,nordfrakt,Gothenburg,SE,Prague,CZ,Express,E-Commerce,22.89,119.08,EUR,2.0,2,Delivered
ORD-100250,2025-06-09 00:00:00,Nordfrakt,Milan,IT,Frankfurt,DE,Express,Wholesale,12.24,108.94,USD,2.0,2,Delivered
ORD-100843,2025-03-20,Nordfrakt,Milan,IT,Malmo,SE,Standard,Wholesale,16.47,56.14,EUR,1.0,4,Delivered
ORD-102125,21/07/2025, Nordfrakt ,Hamburg,DE,Vienna,AT,Express,E-Commerce,15.96,122.63,EUR,2.0,2,Delivered
ORD-102032,2025-04-21,Kestrel Parcel,Hamburg,DE,Graz,AT,Standard,Wholesale,21.1,72.98,EUR,5.0,4,Delayed
ORD-100967,22/08/2025,Baltica Logistics A/S,Hamburg,DE,Valencia,ES,Standard,E-Commerce,10.41,72.2,EUR,5.0,4,Delayed
ORD-100972,18/11/2025,nordfrakt,Rotterdam,NL,Krakow,PL,Standard,Retail,21.86,82.64,EUR,4.0,4,Delivered
ORD-102704,2025-04-07 00:00:00,Kestrel Parcel,Hamburg,DE,Frankfurt,DE,Economy,Industrial,45.06,62.71,EUR,3.0,7,Delivered
ORD-102203,01/09/2025,Meridian Express,Rotterdam,NL,Warsaw,PL,Express,Industrial,26.57,138.5,EUR,2.0,2,Delivered
ORD-104163,2025-06-18,Hanseatic Line,Gothenburg,SE,Oslo,NO,Standard,Retail,58.7,119.84,EUR,4.0,4,Delivered
ORD-104690,"Mar 03, 2025",nordfrakt,Gothenburg,SE,Paris,FR,Economy,Industrial,11.72,38.29,EUR,4.0,7,Delivered
ORD-104395,2025-12-07 00:00:00,MERIDIAN EXPRESS,Rotterdam,NL,Helsinki,FI,Economy,Industrial,15.56,42.25,EUR,7.0,7,Delivered
ORD-104161,2025-10-02 00:00:00,MERIDIAN EXPRESS,Rotterdam,NL,Oslo,NO,Express,Retail,13.91,121.64,EUR,2.0,2,Delivered
ORD-104378,02/06/2025,Meridian Express,Gothenburg,SE,Gothenburg,SE,Standard,Wholesale,45.72,93.38,EUR,2.0,4,Delivered
ORD-101505,2025-07-14,Nordfrakt,Gothenburg,SE,Valencia,ES,Standard,Wholesale,12.08,64.98,EUR,5.0,4,Delayed
ORD-102951,2025-12-04 00:00:00,Vantage,Hamburg,DE,Valencia,ES,Express,Retail,11.07,133.62,EUR,,2,Delayed
ORD-103317,06/10/2025,Baltica Logistics,Barcelona,ES,Lyon,FR,Standard,Wholesale,28.52,74.62,USD,4.0,4,Delivered
ORD-100975,2025-07-02,Kestrel Parcels AB,Hamburg,DE,Berlin,DE,Standard,Retail,12.68,64.92,EUR,2.0,4,Delivered
ORD-104247,2025-06-16 00:00:00,HANSEATIC,Gothenburg,SE,Tampere,FI,Standard,Retail,6.41,59.68,USD,7.0,4,Delayed
ORD-101645,2025-08-09 00:00:00,nordfrakt,Rotterdam,NL,Cologne,DE,Express,E-Commerce,3.03,69.42,EUR,1.0,2,Delivered
ORD-101679,08/12/2025,Vantage Freight,Gothenburg,SE,Marseille,FR,Express,Wholesale,48.23,226.93,EUR,2.0,2,Delivered
ORD-100509,08/07/2025,Vantage Freight,Rotterdam,NL,Vienna,AT,Standard,Retail,9.58,46.83,EUR,3.0,4,Delivered
ORD-104484,13/11/2025,nordfrakt,Hamburg,DE,Krakow,PL,Standard,Retail,29.17,84.29,EUR,4.0,4,Delivered
ORD-103352,"Apr 28, 2025",Baltica Log.,Rotterdam,NL,Paris,FR,Standard,Wholesale,16.79,68.94,EUR,3.0,4,Delivered
ORD-104516,2025-09-10,Vantage,Rotterdam,NL,Berlin,DE,Economy,E-Commerce,42.24,64.95,EUR,5.0,7,Delivered
ORD-101710,2025-09-05 00:00:00,Nordfrakt AB,Hamburg,DE,Gdansk,PL,Express,Retail,17.21,136.34,EUR,3.0,2,Delayed
ORD-104470,07/10/2025,baltica,Rotterdam,NL,Malmo,SE,Standard,E-Commerce,5.53,35.14,EUR,3.0,4,Delivered
ORD-100869,2025-03-24 00:00:00,kestrel,Gothenburg,SE,Helsinki,FI,Standard,Industrial,53.16,122.3,EUR,4.0,4,Delivered
ORD-101030,"Nov 23, 2025",Vantage Freight Ltd,Milan,IT,Valencia,ES,Economy,Retail,45.51,68.63,EUR,8.0,7,Delayed
ORD-103463,2025-03-28, Meridian Express,Gothenburg,SE,Cologne,DE,Standard,Retail,16.02,56.78,EUR,3.0,4,Delivered
ORD-101998,"Aug 04, 2025",baltica,Gothenburg,SE,London,GB,Express,Wholesale,13.24,140.82,EUR,3.0,2,Delayed
ORD-103590,2025-05-01,Vantage Freight,Milan,IT,Rome,IT,Economy,Retail,17.76,45.88,EUR,6.0,7,Delivered
ORD-101156,2025-05-05 00:00:00,KESTREL PARCEL,Gothenburg,SE,Madrid,ES,Economy,E-Commerce,6.07,30.76,EUR,8.0,7,Delayed
ORD-102115,20/06/2025,Vantage,Gothenburg,SE,Frankfurt,DE,Economy,Industrial,6.15,37.95,EUR,4.0,7,Delivered
ORD-100982,"Dec 26, 2025",Baltica Log.,Rotterdam,NL,Gothenburg,SE,Standard,Wholesale,17.08,49.61,EUR,2.0,4,Delivered
ORD-100332,"Aug 18, 2025",kestrel,Gothenburg,SE,Krakow,PL,Standard,Wholesale,22.7,57.29,EUR,4.0,4,Delivered
ORD-101592,"Sep 29, 2025",Baltica Logistics,Gothenburg,SE,Warsaw,PL,Economy,Industrial,45.71,756.62,SEK,6.0,7,Delivered
ORD-102384,2025-06-09,Meridian Expr,Rotterdam,NL,Lyon,FR,Economy,Industrial,44.73,65.75,USD,5.0,7,Delivered
ORD-101575,22/08/2025,nordfrakt,Gothenburg,SE,Warsaw,PL,Economy,Industrial,4.86,37.76,EUR,5.0,7,Delivered
ORD-104691,07/04/2025,Baltica Logistics A/S,Rotterdam,NL,Copenhagen,DK,Standard,E-Commerce,43.25,110.78,EUR,2.0,4,Delivered
ORD-100472,24/10/2025,Nordfrakt,Rotterdam,NL,Marseille,FR,Economy,E-Commerce,41.59,66.88,EUR,6.0,7,Delivered
ORD-100901,2025-03-24,Baltica Logistics A/S,Gothenburg,SE,Cologne,DE,Standard,Wholesale,33.2,85.2,USD,3.0,4,Delivered
ORD-103583,"Aug 16, 2025",Vantage Freight Ltd,Milan,IT,Bergen,NO,Express,Retail,33.08,165.48,EUR,2.0,2,Delivered
ORD-102525,2025-08-25,nordfrakt,Gothenburg,SE,Lyon,FR,Standard,E-Commerce,30.06,939.11,SEK,3.0,4,Delivered
ORD-101329,04/09/2025,Kestrel Parcels AB,Gothenburg,SE,Oslo,NO,Standard,E-Commerce,12.83,706.8,SEK,3.0,4,Delivered
ORD-101342,2025-05-05 00:00:00,Hanseatic Line,Gothenburg,SE,Lyon,FR,Standard,E-Commerce,70.02,1685.31,SEK,5.0,4,Delayed
ORD-104832,"Sep 30, 2025",Meridian Expr,Rotterdam,NL,Helsinki,FI,Standard,Wholesale,29.17,80.37,EUR,3.0,4,Delivered
ORD-103388,2025-08-06 00:00:00,Vantage Freight,Gothenburg,SE,Vienna,AT,Economy,Retail,81.5,94.11,EUR,6.0,7,Delivered
ORD-104139,02/12/2025,baltica,Rotterdam,NL,Madrid,ES,Express,Wholesale,17.53,158.86,EUR,3.0,2,Delayed
ORD-101628,"Sep 30, 2025", Meridian Express,Rotterdam,NL,Gothenburg,SE,Economy,E-Commerce,24.04,51.68,EUR,3.0,7,DELIVERED
ORD-104342,"Nov 12, 2025",Meridian Express,Milan,IT,Turin,IT,Economy,Industrial,13.42,43.28,EUR,6.0,7,Delivered
ORD-103804,13/03/2025,Vantage,Milan,IT,Helsinki,FI,Standard,Retail,11.44,75.68,EUR,4.0,4,Delivered
ORD-104670,2025-04-22, Nordfrakt ,Rotterdam,NL,Munich,DE,Economy,Retail,66.27,82.91,EUR,3.0,7,DELIVERED
ORD-100633,"Sep 25, 2025",Kestrel Parcel,Barcelona,ES,Malmo,SE,Standard,Retail,31.16,81.56,EUR,,4,Cancelled
ORD-100777,05/05/2025,Vantage Freight,Milan,IT, Copenhagen ,DK,Standard,Wholesale,34.06,78.83,EUR,2.0,4,Delivered
ORD-101105,2025-06-09,Vantage Freight Ltd,Hamburg,DE, Eindhoven ,NL,Economy,E-Commerce,20.54,43.36,EUR,4.0,7,Delivered
ORD-101850,2025-04-14 00:00:00,Nordfrakt AB,Gothenburg,SE,Krakow,PL,Express,Wholesale,21.9,128.76,USD,2.0,2,Delivered
ORD-102088,"Aug 15, 2025",Nordfrakt,Hamburg,DE,Geneva,CH,Express,Industrial,36.64,162.3,EUR,3.0,2,Delayed
ORD-102899,2025-06-19 00:00:00, Meridian Express,Barcelona,ES,Turin,IT,Economy,Industrial,25.31,58.26,EUR,5.0,7,DELIVERED
ORD-100261,2025-06-02,vantage freight,Gothenburg,SE,Warsaw,PL,Express,E-Commerce,13.32,121.92,EUR,3.0,2,Delayed
ORD-100627,2025-09-18,hanseatic line,Milan,IT,Valencia,ES,Standard,E-Commerce,5.51,652.09,SEK,4.0,4,Delivered
ORD-101889,2025-11-03,nordfrakt,Hamburg,DE,Malmo,SE,Standard,Industrial,38.72,82.33,EUR,2.0,4,Delivered
ORD-103042,"Aug 28, 2025",KESTREL PARCEL,Milan,IT, Madrid ,ES,Standard,Wholesale,28.83,89.41,EUR,6.0,4,Delayed
ORD-102078,21/07/2025,Kestrel Parcels AB,Rotterdam,NL, Tampere ,FI,Economy,E-Commerce,18.67,53.54,EUR,8.0,7,Delayed
ORD-103585,2025-06-27,Nordfrakt AB,Gothenburg,SE,Gdansk,PL,Standard,Wholesale,31.13,87.55,EUR,5.0,4,Delayed
ORD-101606,2025-05-21,nordfrakt,Rotterdam,NL,Brno,CZ,Economy,E-Commerce,41.61,58.04,EUR,4.0,7,Delivered
ORD-101020,"Mar 31, 2025",KESTREL PARCEL,Milan,IT,Helsinki,FI,Express,Industrial,68.15,262.45,USD,3.0,2,Delayed
ORD-101403,25/08/2025,kestrel,Milan,IT,Cologne,DE,Express,Wholesale,3.59,61.13,EUR,2.0,2,Delivered
ORD-103254,2025-07-08,Baltica Logistics A/S,Rotterdam,NL,Marseille,FR,Standard,E-Commerce,20.02,67.57,EUR,3.0,4,Delivered
ORD-103798,"Mar 06, 2025",Hanseatic Line,Hamburg,DE,Amsterdam,NL,Standard,Industrial,5.52,40.63,EUR,4.0,4,Delivered
ORD-100153,2025-08-11,nordfrakt,Hamburg,DE,Brno,CZ,Express,E-Commerce,27.83,172.77,EUR,3.0,2,Delayed
ORD-102442,2025-03-06 00:00:00,Kestrel Parcel,Milan,IT,Malmo,SE,Standard,E-Commerce,13.64,45.8,EUR,2.0,4,Delivered
ORD-101967,2025-11-13 00:00:00, Meridian Express,Gothenburg,SE,Rome,IT,Express,Retail,2.95,92.6,USD,2.0,2,Delivered
ORD-102433,2025-08-20 00:00:00,Meridian Express,Hamburg,DE,Geneva,CH,Standard,Wholesale,10.67,589.87,SEK,3.0,4,Delivered
ORD-103292,2025-07-09 00:00:00,hanseatic line,Hamburg,DE,Turin,IT,Standard,Industrial,92.06,166.53,EUR,6.0,4,Delayed
ORD-103137,17/11/2025,Vantage,Gothenburg,SE,Vienna,AT,Standard,Industrial,42.99,68.07,USD,4.0,4,Delivered
ORD-104303,19/03/2025, Nordfrakt ,Rotterdam,NL,Marseille,FR,Express,Retail,63.84,288.61,USD,2.0,2,Delivered
ORD-101565,05/11/2025, Meridian Express,Gothenburg,SE, Lyon ,FR,Standard,E-Commerce,59.13,103.5,EUR,3.0,4,Delivered
ORD-101518,2025-11-27 00:00:00, Nordfrakt ,Milan,IT,Marseille,FR,Economy,Industrial,3.89,33.31,EUR,5.0,7,Delivered
ORD-104218,"Dec 15, 2025",Vantage Freight Ltd,Hamburg,DE,Tampere,FI,Express,E-Commerce,74.89,340.27,EUR,3.0,2,Delayed
ORD-100225,"Aug 15, 2025", Nordfrakt ,Hamburg,DE,Malmo,SE,Economy,Industrial,17.77,31.54,EUR,3.0,7,Delivered
ORD-102517,2025-12-15,Baltica Logistics,Rotterdam,NL,Paris,FR,Standard,Industrial,9.45,50.47,EUR,4.0,4,Delivered
ORD-102393,30/06/2025,Vantage Freight,Rotterdam,NL,Paris,FR,Express,Industrial,27.75,158.39,EUR,2.0,2,Delivered
ORD-101760,28/09/2025,Vantage,Hamburg,DE,Bergen,NO,Express,Retail,5.8,86.88,EUR,2.0,2,Delivered
ORD-101360,15/04/2025,Meridian Express,Hamburg,DE,Warsaw,PL,Economy,Wholesale,22.72,48.4,EUR,5.0,7,Delivered
ORD-103304,05/05/2025,nordfrakt,Hamburg,DE,Frankfurt,DE,Standard,E-Commerce,13.21,57.19,EUR,3.0,4,Delivered
ORD-103558,2025-06-02,Vantage,Gothenburg,SE,Munich,DE,Standard,Wholesale,21.02,49.09,EUR,3.0,4,Delivered
ORD-101833,2025-04-09,Kestrel Parcel,Milan,IT,Aarhus,DK,Economy,E-Commerce,14.39,46.73,EUR,4.0,7,Delivered
ORD-103661,2025-11-13,baltica,Hamburg,DE, Turin ,IT,Standard,Industrial,25.71,84.63,EUR,5.0,4,Delayed
ORD-103857,2025-03-11 00:00:00,Nordfrakt AB,Gothenburg,SE,Tampere,FI,Express,Retail,18.54,140.96,USD,2.0,2,Delivered
ORD-102612,2025-06-08, Meridian Express,Milan,IT, Stockholm ,SE,Express,Industrial,9.29,104.65,EUR,1.0,2,Delivered
ORD-101186,"May 19, 2025",Meridian Expr,Gothenburg,SE,Paris,FR,Standard,Industrial,18.26,61.92,EUR,2.0,4,Delivered
ORD-101907,28/05/2025,Nordfrakt,Rotterdam,NL,Helsinki,FI,Economy,Wholesale,11.68,40.88,EUR,4.0,7,Delivered
ORD-102477,2025-06-05 00:00:00,Kestrel Parcels AB,Gothenburg,SE,Warsaw,PL,Economy,Industrial,9.71,42.04,EUR,8.0,7,Delayed
ORD-100016,08/12/2025,kestrel,Barcelona,ES,Vienna,AT,Standard,E-Commerce,12.1,49.38,EUR,5.0,4,Delayed
ORD-102514,26/04/2025,vantage freight,Gothenburg,SE,Krakow,PL,Economy,E-Commerce,24.74,56.12,EUR,7.0,7,Delivered
ORD-104626,"Mar 02, 2025",HANSEATIC,Milan,IT,Valencia,ES,Standard,E-Commerce,8.32,676.94,SEK,6.0,4,Delayed
ORD-103595,2025-08-07,vantage freight,Milan,IT,Marseille,FR,Standard,Industrial,19.54,73.48,USD,,4,Cancelled
ORD-101486,29/05/2025,Baltica Logistics,Rotterdam,NL, Oslo ,NO,Standard,Industrial,10.93,52.88,EUR,4.0,4,Delivered
ORD-101676,2025-05-22,vantage freight,Rotterdam,NL,Stockholm,SE,Standard,E-Commerce,12.21,54.82,EUR,2.0,4,Delivered
ORD-102353,"Nov 11, 2025",Nordfrakt,Rotterdam,NL,Copenhagen,DK,Economy,Industrial,14.38,40.58,EUR,3.0,7,Delivered
ORD-101571,15/09/2025,Kestrel Parcels AB,Gothenburg,SE,Krakow,PL,Economy,Industrial,43.07,64.84,EUR,6.0,7,Delivered
ORD-101737,24/04/2025,KESTREL PARCEL,Milan,IT,Helsinki,FI,Express,E-Commerce,16.55,131.03,EUR,2.0,2,Delivered
ORD-100618,03/04/2025,Nordfrakt,Hamburg,DE,Zurich,CH,Economy,Retail,14.79,46.91,EUR,,7,Delivered
ORD-102847,29/09/2025, Meridian Express,Gothenburg,SE,Gothenburg,SE,Standard,Industrial,16.54,51.73,EUR,2.0,4,Delivered
ORD-102110,2025-08-02,Nordfrakt,Gothenburg,SE,Copenhagen,DK,Economy,Retail,23.46,43.42,EUR,2.0,7,Delivered
ORD-104191,05/09/2025,Vantage Freight Ltd,Gothenburg,SE,Cologne,DE,Standard,Industrial,19.09,77.1,EUR,3.0,4,Delivered
ORD-100790,2025-04-22,Kestrel Parcel,Milan,IT,Berlin,DE,Standard,Industrial,11.06,680.83,SEK,4.0,4,Delivered
ORD-103430,15/07/2025,hanseatic line,Hamburg,DE,Turin,IT,Standard,Retail,26.05,79.9,USD,6.0,4,Delayed
ORD-103822,"Dec 26, 2025",Baltica Logistics,Gothenburg,SE,Geneva,CH,Economy,E-Commerce,52.68,89.3,USD,6.0,7,Delivered
ORD-102260,14/03/2025, Meridian Express,Gothenburg,SE,Marseille,FR,Economy,Wholesale,33.17,65.1,EUR,5.0,7,Delivered
ORD-104589,2025-08-12 00:00:00,nordfrakt,Gothenburg,SE,Madrid,ES,Express,Retail,14.93,121.19,EUR,4.0,2,Delayed
ORD-103958,"Apr 23, 2025",Nordfrakt AB,Hamburg,DE,Lyon,FR,Economy,Industrial,17.23,510.05,SEK,3.0,7,Delivered
ORD-102133,"Oct 06, 2025",Kestrel Parcels AB,Rotterdam,NL,Eindhoven,NL,Economy,Wholesale,37.21,51.96,USD,4.0,7,In Transit
ORD-101944,2025-09-25,Baltica Logistics A/S,Barcelona,ES,Graz,AT,Express,E-Commerce,23.71,1498.38,SEK,3.0,2,Delayed
ORD-100659,2025-08-06,Baltica Logistics,Gothenburg,SE,Manchester,GB,Economy,Industrial,36.07,61.3,EUR,7.0,7,Delivered
ORD-102430,2025-05-12 00:00:00,Kestrel Parcels AB,Milan,IT,Malmo,SE,Standard,Wholesale,16.84,816.35,SEK,2.0,4,Delivered
ORD-102528,17/04/2025,Nordfrakt,Rotterdam,NL,Manchester,GB,Express,E-Commerce,55.12,203.99,EUR,2.0,2,Delivered
ORD-104376,2025-08-21 00:00:00,HANSEATIC,Gothenburg,SE,Frankfurt,DE,Standard,E-Commerce,33.75,864.98,SEK,4.0,4,Delivered
ORD-100168,2025-09-01 00:00:00,Vantage,Milan,IT,Malmo,SE,Economy,Retail,24.56,49.07,USD,3.0,7,Delivered
ORD-101517,"Mar 27, 2025",Baltica Logistics,Gothenburg,SE,Madrid,ES,Express,Industrial,39.85,187.94,EUR,2.0,2,DELIVERED
ORD-101800,"Apr 01, 2025",Baltica Log.,Hamburg,DE,Marseille,FR,Economy,E-Commerce,22.19,41.61,EUR,6.0,7,Delivered
ORD-103394,2025-09-01 00:00:00,nordfrakt,Hamburg,DE,Helsinki,FI,Express,Wholesale,46.27,213.08,EUR,2.0,2,Delivered
ORD-101917,2025-11-25 00:00:00,vantage freight,Gothenburg,SE, Gothenburg ,SE,Economy,Wholesale,47.28,80.75,USD,3.0,7,Delivered
ORD-100272,2025-05-23 00:00:00,kestrel,Hamburg,DE,Manchester,GB,Economy,Retail,30.73,59.06,EUR,5.0,7,Delivered
ORD-102468,17/03/2025,Vantage,Rotterdam,NL,Eindhoven,NL,Economy,Wholesale,21.26,44.13,EUR,4.0,7,Delivered
ORD-104743,2025-08-27,Nordfrakt AB,Rotterdam,NL,London,GB,Standard,Retail,24.45,77.6,EUR,3.0,4,Delivered
ORD-100494,07/08/2025,baltica,Gothenburg,SE,Malmo,SE,Standard,Industrial,59.47,122.1,EUR,2.0,4,Delivered
ORD-101912,2025-03-03 00:00:00,Vantage Freight,Rotterdam,NL,London,GB,Economy,Wholesale,15.63,41.08,EUR,5.0,7,Delivered
ORD-100038,30/07/2025,Vantage,Rotterdam,NL,Gothenburg,SE,Economy,Industrial,40.98,67.6,EUR,3.0,7,Delivered
ORD-100306,13/08/2025,Baltica Logistics A/S,Hamburg,DE,Zurich,CH,Standard,Industrial,23.77,95.27,USD,4.0,4,Delivered
ORD-103740,2025-07-02 00:00:00,hanseatic line,Hamburg,DE,Stockholm,SE,Standard,Industrial,18.13,80.18,USD,3.0,4,Delivered
ORD-104102,2025-06-13,KESTREL PARCEL,Gothenburg,SE,Bergen,NO,Standard,Industrial,70.23,149.58,USD,,4,Cancelled
ORD-103152,17/06/2025, Nordfrakt ,Barcelona,ES,Gothenburg,SE,Standard,E-Commerce,41.7,1156.73,SEK,2.0,4,Delivered
ORD-102829,09/05/2025,Meridian Expr,Gothenburg,SE,Valencia,ES,Standard,E-Commerce,19.4,56.63,EUR,5.0,4,Delayed
ORD-100583,2025-03-31 00:00:00,Vantage Freight Ltd,Gothenburg,SE, Copenhagen ,DK,Economy,E-Commerce,34.97,46.39,EUR,4.0,7,DELIVERED
ORD-104143,2025-11-03 00:00:00,KESTREL PARCEL,Hamburg,DE,Cologne,DE,Standard,Industrial,28.09,849.96,SEK,4.0,4,Delivered
ORD-102564,2025-10-28,nordfrakt,Milan,IT,Munich,DE,Express,Wholesale,18.32,134.33,EUR,2.0,2,Delivered
ORD-104527,2025-04-21,Meridian Expr,Milan,IT,Vienna,AT,Economy,Wholesale,32.8,53.04,EUR,5.0,7,Delivered
ORD-101794,2025-11-18 00:00:00,Baltica Logistics,Rotterdam,NL,Amsterdam,NL,Standard,Industrial,18.57,55.21,EUR,3.0,4,Delivered
ORD-104260,03/07/2025,Meridian Express,Gothenburg,SE,Gothenburg,SE,Standard,E-Commerce,53.35,1220.89,SEK,2.0,4,DELIVERED
ORD-100271,2025-03-13 00:00:00,vantage freight,Rotterdam,NL,Bergen,NO,Economy,Wholesale,16.27,39.02,USD,5.0,7,Delivered
ORD-100548,09/12/2025, Nordfrakt ,Barcelona,ES,Amsterdam,NL,Standard,Retail,34.27,75.02,EUR,3.0,4,Delivered
ORD-103525,"Jun 25, 2025",Nordfrakt AB,Rotterdam,NL,Bergen,NO,Standard,Wholesale,9.06,34.55,USD,3.0,4,Delivered
ORD-103012,2025-03-26,Meridian Expr,Gothenburg,SE,Cologne,DE,Express,E-Commerce,24.5,118.18,EUR,1.0,2,Delivered
ORD-104812,"Dec 15, 2025",Baltica Logistics A/S,Gothenburg,SE,Cologne,DE,Express,E-Commerce,13.0,108.29,USD,2.0,2,Delivered
ORD-102390,2025-11-05,kestrel,Gothenburg,SE,Cologne,DE,Express,E-Commerce,67.66,251.05,EUR,2.0,2,Delivered
ORD-101999,2025-08-02,Baltica Log.,Rotterdam,NL,Copenhagen,DK,Express,E-Commerce,21.35,83.26,EUR,1.0,2,Delivered
ORD-104157,,Hanseatic Line,Hamburg,DE,Vienna,AT,Standard,Retail,17.18,58.14,EUR,3.0,4,Delivered
ORD-101247,2025-11-11 00:00:00,Baltica Logistics,Gothenburg,SE,Manchester,GB,Standard,E-Commerce,82.44,198.06,EUR,6.0,4,Delayed
ORD-101049,2025-05-05,MERIDIAN EXPRESS,Gothenburg,SE,Munich,DE,Express,Wholesale,29.96,157.51,EUR,2.0,2,Delivered
ORD-100673,"Apr 22, 2025",nordfrakt,Hamburg,DE,Turin,IT,Express,Wholesale,47.87,219.37,EUR,2.0,2,Delivered
ORD-104957,2025-09-22,Baltica Log.,Gothenburg,SE,Paris,FR,Standard,Industrial,23.05,648.57,SEK,4.0,4,Delivered
ORD-102105,2025-07-30 00:00:00,Meridian Express,Rotterdam,NL,Krakow,PL,Economy,E-Commerce,2.13,354.84,SEK,4.0,7,Delivered
ORD-103268,"May 13, 2025",Meridian Express,Milan,IT,Cologne,DE,Express,E-Commerce,29.44,1565.62,SEK,2.0,2,Delivered
ORD-104785,2025-09-15,MERIDIAN EXPRESS,Milan,IT,Helsinki,FI,Express,E-Commerce,6.56,106.05,EUR,2.0,2,Delivered
ORD-101973,2025-09-04,Vantage,Gothenburg,SE,Rome,IT,Economy,Wholesale,3.29,27.81,EUR,5.0,7,Delivered
ORD-101501,2025-07-21,Meridian Expr,Milan,IT,Marseille,FR,Express,E-Commerce,9.87,118.14,EUR,2.0,2,Delivered
ORD-104182,25/04/2025,Hanseatic Line,Hamburg,DE,Malmo,SE,Standard,Retail,15.65,54.09,EUR,2.0,4,Delivered
ORD-100646,10/11/2025,vantage freight,Rotterdam,NL,London,GB,Standard,Retail,48.91,106.93,USD,4.0,4,Delivered
ORD-100703,03/06/2025,Vantage,Gothenburg,SE,Geneva,CH,Economy,Wholesale,2.31,31.3,EUR,6.0,7,Delivered
ORD-102472,14/10/2025,Meridian Express,Rotterdam,NL,Madrid,ES,Standard,Industrial,28.81,88.16,EUR,4.0,4,Delivered
ORD-100709,2025-11-11 00:00:00,Kestrel Parcel,Gothenburg,SE,Stockholm,SE,Economy,Retail,4.8,32.09,USD,3.0,7,Delivered
ORD-101461,2025-08-19 00:00:00,Vantage Freight,Gothenburg,SE,Zurich,CH,Express,Industrial,28.01,1822.4,SEK,2.0,2,Delivered
ORD-101484,14/10/2025, Nordfrakt ,Milan,IT,Warsaw,PL,Express,Industrial,33.55,171.05,EUR,2.0,2,Delivered
ORD-102545,2025-10-05 00:00:00,Nordfrakt AB,Gothenburg,SE,Frankfurt,DE,Economy,Wholesale,10.59,37.9,USD,3.0,7,Delivered
ORD-100230,2025-11-10,Meridian Expr,Hamburg,DE,Prague,CZ,Standard,E-Commerce,51.48,127.67,EUR,3.0,4,Delivered
ORD-101356,05/09/2025,Vantage Freight,Hamburg,DE, Aarhus ,DK,Economy,E-Commerce,26.92,49.43,EUR,4.0,7,DELIVERED
ORD-103011,2025-12-03, Nordfrakt ,Milan,IT,Helsinki,FI,Standard,E-Commerce,10.94,69.28,EUR,3.0,4,Delivered
ORD-101004,12/05/2025,Vantage,Barcelona,ES,Gdansk,PL,Standard,E-Commerce,31.79,87.23,EUR,4.0,4,Delivered
ORD-101996,"Dec 29, 2025",Nordfrakt AB,Hamburg,DE,Valencia,ES,Economy,Wholesale,30.21,54.42,USD,6.0,7,Delivered
ORD-101834,2025-10-12, Nordfrakt ,Milan,IT,Cologne,DE,Standard,E-Commerce,43.04,123.1,EUR,,4,Delivered
ORD-103973,2025-07-21,baltica,Rotterdam,NL,Gothenburg,SE,Express,Retail,32.27,126.8,EUR,1.0,2,Delivered
ORD-103327,"Jun 24, 2025",Vantage,Gothenburg,SE, Geneva ,CH,Express,E-Commerce,28.16,137.76,EUR,2.0,2,Delivered
ORD-101623,2025-03-10 00:00:00, Meridian Express,Barcelona,ES,Warsaw,PL,Standard,Wholesale,23.31,86.6,EUR,3.0,4,Delivered
ORD-101480,2025-05-23,Nordfrakt,Milan,IT,Rome,IT,Economy,Wholesale,70.25,1219.11,SEK,7.0,7,Delivered
ORD-101278,2025-03-05 00:00:00,Hanseatic Lines,Gothenburg,SE,Malmo,SE,Economy,Retail,15.06,36.17,EUR,6.0,7,DELIVERED
ORD-103080,28/10/2025,baltica,Hamburg,DE,Paris,FR,Economy,E-Commerce,23.91,579.1,SEK,6.0,7,Delivered
ORD-104145,01/08/2025,Hanseatic Lines,Rotterdam,NL,Amsterdam,NL,Standard,Industrial,74.08,133.87,EUR,4.0,4,Delivered
ORD-102282,2025-08-25, Meridian Express,Gothenburg,SE,Vienna,AT,Standard,E-Commerce,91.97,162.55,EUR,2.0,4,Delivered
ORD-102617,"Mar 29, 2025",Kestrel Parcels AB,Gothenburg,SE,Oslo,NO,Standard,Wholesale,39.98,1099.13,SEK,4.0,4,Delivered
ORD-100543,2025-06-04 00:00:00,Kestrel Parcel,Hamburg,DE,Prague,CZ,Standard,Industrial,72.84,136.24,EUR,4.0,4,Delivered
ORD-102760,13/05/2025,KESTREL PARCEL,Gothenburg,SE,Tampere,FI,Standard,Retail,86.28,197.74,EUR,6.0,4,Delayed
ORD-101880,2025-09-28,Nordfrakt,Rotterdam,NL,Graz,AT,Economy,Wholesale,23.0,49.19,EUR,4.0,7,Delivered
ORD-100926,23/12/2025,nordfrakt,Gothenburg,SE,Amsterdam,NL,Standard,Retail,51.32,96.7,EUR,3.0,4,Delivered
ORD-100878,2025-12-26,Meridian Expr,Hamburg,DE,Oslo,NO,Express,E-Commerce,25.58,1720.02,SEK,2.0,2,Delivered
ORD-103994,08/12/2025,Baltica Log.,Rotterdam,NL,Amsterdam,NL,Standard,Wholesale,12.15,61.22,USD,3.0,4,Delivered
ORD-103078,2025-06-23 00:00:00,Vantage,Gothenburg,SE,Manchester,GB,Standard,E-Commerce,48.31,97.18,EUR,3.0,4,Delivered
ORD-103761,03/12/2025,Hanseatic Line,Rotterdam,NL,Stockholm,SE,Standard,Retail,78.4,177.14,EUR,,4,Delivered
ORD-104629,10/09/2025,Vantage Freight Ltd,Hamburg,DE,Gdansk,PL,Express,Retail,13.86,87.95,EUR,2.0,2,Delivered
ORD-104234,"Jul 21, 2025",hanseatic line,Rotterdam,NL,Stockholm,SE,Standard,Wholesale,24.31,758.88,SEK,3.0,4,Delivered
ORD-104259,,hanseatic line,Barcelona,ES,Stockholm,SE,Standard,Industrial,37.88,53.7,EUR,4.0,4,Delivered
ORD-101618,"May 06, 2025",MERIDIAN EXPRESS,Hamburg,DE,Cologne,DE,Standard,Retail,18.82,78.14,USD,3.0,4,Delivered
ORD-103726,2025-04-30,KESTREL PARCEL,Milan,IT,Malmo,SE,Standard,E-Commerce,50.66,90.51,EUR,2.0,4,Delivered
ORD-101045,26/05/2025,nordfrakt,Gothenburg,SE,Zurich,CH,Express,Industrial,18.87,125.51,EUR,2.0,2,Delivered
ORD-103878,2025-06-06,KESTREL PARCEL,Hamburg,DE,Madrid,ES,Economy,Retail,9.16,452.87,SEK,5.0,7,Delivered
ORD-101043,2025-09-21,Baltica Logistics,Gothenburg,SE,Gothenburg,SE,Economy,Industrial,10.94,32.79,USD,3.0,7,Delivered
ORD-103010,2025-09-19 00:00:00,Vantage,Rotterdam,NL,Cologne,DE,Economy,Industrial,18.33,407.43,SEK,5.0,7,Delivered
ORD-103290,"Oct 08, 2025",Baltica Logistics,Gothenburg,SE,Gothenburg,SE,Standard,Retail,13.46,55.74,EUR,2.0,4,Delivered
ORD-100137,2025-03-17,Kestrel Parcels AB,Rotterdam,NL,Tampere,FI,Economy,E-Commerce,24.39,39.57,EUR,7.0,7,Delivered
ORD-100880,2025-04-17, Nordfrakt ,Milan,IT,Paris,FR,Standard,Industrial,9.62,63.87,EUR,3.0,4,Delivered
ORD-101581,,kestrel,Milan,IT,Stockholm,SE,Express,E-Commerce,16.8,1420.53,SEK,2.0,2,Delivered
ORD-102083,,Meridian Expr,Rotterdam,NL,Geneva,CH,Express,Wholesale,37.67,183.93,EUR,2.0,2,Delivered
ORD-101266,2025-03-31 00:00:00,Nordfrakt AB,Gothenburg,SE,Berlin,DE,Standard,E-Commerce,16.0,61.28,USD,2.0,4,Delivered
ORD-101503,2025-08-25,Kestrel Parcel,Rotterdam,NL,Krakow,PL,Economy,Retail,61.83,85.99,EUR,7.0,7,Delivered
ORD-103367,2025-08-06 00:00:00, Nordfrakt ,Gothenburg,SE,Paris,FR,Economy,Wholesale,22.03,51.18,EUR,3.0,7,Delivered
ORD-101924,2025-09-15,Vantage Freight Ltd,Gothenburg,SE,Lyon,FR,Standard,Industrial,31.58,58.72,USD,3.0,4,Delivered
ORD-101904,"Sep 01, 2025",Baltica Logistics A/S,Milan,IT,Eindhoven,NL,Economy,Wholesale,33.64,49.41,USD,5.0,7,Delivered
ORD-104683,"Apr 07, 2025",Baltica Log.,Gothenburg,SE,Krakow,PL,Standard,E-Commerce,58.08,105.81,EUR,3.0,4,Delivered
ORD-101768,"Apr 07, 2025",nordfrakt,Hamburg,DE,Valencia,ES,Economy,E-Commerce,11.47,442.47,SEK,7.0,7,Delivered
ORD-102875,"Dec 09, 2025",Vantage,Rotterdam,NL,Amsterdam,NL,Standard,E-Commerce,27.8,68.64,EUR,3.0,4,Delivered
ORD-102240,2025-07-01,HANSEATIC,Gothenburg,SE,Geneva,CH,Express,Industrial,49.91,202.16,EUR,3.0,2,Delayed
ORD-100791,"Nov 05, 2025",KESTREL PARCEL,Rotterdam,NL,London,GB,Standard,Industrial,6.08,62.35,USD,5.0,4,Delayed
ORD-101201,18/11/2025,Vantage Freight,Rotterdam,NL,Marseille,FR,Standard,Wholesale,25.77,91.88,USD,4.0,4,Delivered
ORD-103912,"Jun 16, 2025",kestrel,Gothenburg,SE,Warsaw,PL,Standard,E-Commerce,27.56,89.23,EUR,5.0,4,Delayed
ORD-103069,2025-04-08 00:00:00,Baltica Log.,Milan,IT,Aarhus,DK,Express,E-Commerce,26.92,140.36,EUR,2.0,2,Delivered
ORD-103429,2025-08-13 00:00:00,Baltica Logistics A/S,Hamburg,DE,Frankfurt,DE,Standard,Wholesale,45.49,116.04,EUR,2.0,4,Delivered
ORD-104966,2025-07-02,Vantage Freight,Gothenburg,SE,Lyon,FR,Standard,Retail,58.68,132.19,EUR,3.0,4,Delivered
ORD-102591,2025-09-24,vantage freight,Gothenburg,SE,Lyon,FR,Standard,Retail,36.26,1065.07,SEK,3.0,4,Delivered
ORD-102710,2025-04-06 00:00:00,vantage freight,Gothenburg,SE,Gdansk,PL,Standard,Retail,35.46,95.4,EUR,-4.0,4,Delivered
ORD-102809,"Jun 12, 2025",baltica,Gothenburg,SE,Malmo,SE,Standard,Wholesale,32.05,75.36,EUR,3.0,4,Delivered
ORD-104255,"Aug 28, 2025",Meridian Express,Gothenburg,SE,Helsinki,FI,Economy,E-Commerce,6.7,48.45,USD,7.0,7,Delivered
ORD-103871,28/04/2025,Baltica Logistics,Gothenburg,SE,Cologne,DE,Standard,Retail,44.25,78.3,USD,3.0,4,Delivered
ORD-100560,20/12/2025,Meridian Express,Milan,IT,Gothenburg,SE,Express,Wholesale,26.56,139.95,EUR,1.0,2,Delivered
ORD-102250,04/12/2025,Baltica Logistics,Rotterdam,NL,Stockholm,SE,Express,E-Commerce,23.98,1323.67,SEK,1.0,2,Delivered
ORD-103500,2025-04-03 00:00:00, Nordfrakt ,Milan,IT,Munich,DE,Standard,Retail,3.24,44.64,USD,3.0,4,Delivered
ORD-104208,2025-07-03,Meridian Express,Gothenburg,SE,Brno,CZ,Standard,E-Commerce,9.07,59.1,EUR,4.0,4,Delivered
ORD-104889,"Nov 20, 2025", Nordfrakt ,Gothenburg,SE, Frankfurt ,DE,Standard,Retail,34.77,84.19,EUR,2.0,4,Delivered
ORD-103379,2025-10-03 00:00:00,Vantage,Milan,IT,Paris,FR,Economy,Industrial,6.15,22.43,EUR,5.0,7,Delivered
ORD-103193,"Jun 16, 2025",vantage freight,Rotterdam,NL, Prague ,CZ,Standard,Wholesale,22.72,,EUR,3.0,4,Delivered
ORD-101952,2025-04-09 00:00:00,Nordfrakt,Hamburg,DE,Gothenburg,SE,Economy,Wholesale,1.9,254.9,SEK,2.0,7,Delivered
ORD-100922,"Nov 01, 2025",Baltica Logistics A/S,Rotterdam,NL,Valencia,ES,Economy,Retail,13.89,592.4,EUR,8.0,7,Delayed
ORD-101624,2025-12-29,baltica,Hamburg,DE, Valencia ,ES,Standard,E-Commerce,42.33,1459.72,SEK,4.0,4,Delivered
ORD-101319,06/10/2025,Nordfrakt AB,Gothenburg,SE,London,GB,Express,Wholesale,46.46,167.18,EUR,3.0,2,Delayed
ORD-103531,09/04/2025,Meridian Express,Gothenburg,SE,Cologne,DE,Standard,Industrial,21.29,72.12,EUR,3.0,4,Delivered
ORD-101663,29/12/2025,hanseatic line,Gothenburg,SE,Gothenburg,SE,Standard,Retail,3.71,39.37,USD,3.0,4,Delivered
ORD-104830,2025-09-08 00:00:00,Vantage Freight Ltd,Gothenburg,SE,Lyon,FR,Standard,Industrial,23.67,72.77,EUR,3.0,4,DELIVERED
ORD-101473,"Jun 23, 2025",KESTREL PARCEL,Gothenburg,SE,Valencia,ES,Standard,E-Commerce,14.05,51.97,EUR,6.0,4,Delayed
ORD-101773,2025-10-03,Nordfrakt AB,Rotterdam,NL,Stockholm,SE,Express,Retail,48.26,176.93,EUR,1.0,2,In Transit
ORD-101093,2025-10-02, Meridian Express,Rotterdam,NL,Madrid,ES,Express,Industrial,32.53,146.19,EUR,3.0,2,Delayed
ORD-104176,"Aug 14, 2025",MERIDIAN EXPRESS,Rotterdam,NL,Rome,IT,Standard,Industrial,14.31,51.57,EUR,3.0,4,Delivered
ORD-103884,2025-05-29,KESTREL PARCEL,Gothenburg,SE,Prague,CZ,Express,E-Commerce,44.88,118.93,EUR,3.0,2,Delayed
ORD-104699,2025-03-14 00:00:00,Meridian Express,Hamburg,DE,Copenhagen,DK,Economy,E-Commerce,9.53,25.09,EUR,3.0,7,Delivered
ORD-101239,"Mar 23, 2025",Kestrel Parcel,Hamburg,DE,Gothenburg,SE,Standard,Wholesale,8.4,31.77,EUR,3.0,4,Delivered
ORD-100329,30/12/2025,Meridian Express,Rotterdam,NL,Madrid,ES,Economy,E-Commerce,36.57,80.49,USD,6.0,7,Delivered
ORD-103102,"Mar 10, 2025", Nordfrakt ,Gothenburg,SE,Brno,CZ,Standard,E-Commerce,4.93,47.06,EUR,4.0,4,Delivered
ORD-100242,"Apr 21, 2025",Baltica Log.,Rotterdam,NL,Geneva,CH,Standard,Wholesale,12.12,55.1,EUR,3.0,4,Delivered
ORD-102818,"May 09, 2025",Kestrel Parcels AB,Barcelona,ES,Copenhagen,DK,Economy,Retail,45.2,65.37,EUR,4.0,7,Delivered
ORD-101934,2025-05-20 00:00:00,MERIDIAN EXPRESS,Milan,IT,Rome,IT,Standard,Wholesale,23.75,99.99,USD,2.0,4,Delivered
ORD-104817,2025-08-29 00:00:00,Baltica Logistics A/S,Gothenburg,SE,Frankfurt,DE,Standard,Wholesale,19.53,535.4,EUR,3.0,4,Delivered
ORD-103022,"Sep 29, 2025", Nordfrakt ,Gothenburg,SE,Valencia,ES,Standard,Industrial,12.33,81.05,EUR,3.0,4,Delivered
ORD-101856,2025-09-22,nordfrakt,Gothenburg,SE,Berlin,DE,Standard,Wholesale,17.74,56.79,EUR,3.0,4,Delivered
ORD-101013,"Aug 20, 2025", Meridian Express,Gothenburg,SE,Frankfurt,DE,Express,Industrial,49.54,164.19,EUR,2.0,2,Delivered
ORD-101295,2025-12-08 00:00:00,HANSEATIC,Gothenburg,SE,Frankfurt,DE,Standard,Wholesale,10.13,57.05,USD,4.0,4,Delivered
ORD-100466,2025-05-31,Hanseatic Line,Gothenburg,SE,Aarhus,DK,Standard,Industrial,63.16,113.24,EUR,4.0,4,Delivered
ORD-101069,2025-03-06 00:00:00,Vantage Freight Ltd,Milan,IT,Madrid,ES,Standard,Industrial,36.48,102.97,EUR,4.0,4,Delivered
ORD-101548,27/11/2025,Nordfrakt,Rotterdam,NL,Amsterdam,NL,Economy,Wholesale,37.17,46.59,EUR,3.0,7,Delivered
ORD-102834,2025-09-30,Vantage Freight Ltd,Milan,IT,Rome,IT,Standard,Retail,25.05,100.47,EUR,,4,Delayed
ORD-102070,2025-06-13 00:00:00,Vantage,Gothenburg,SE,Cologne,DE,Standard,Wholesale,3.24,47.91,EUR,,4,Delivered
ORD-103970,2025-11-18,Meridian Express,Gothenburg,SE,Paris,FR,Standard,Wholesale,10.33,65.1,EUR,3.0,4,Delivered
ORD-103495,2025-12-17,Vantage Freight Ltd,Gothenburg,SE,Turin,IT,Standard,E-Commerce,49.77,123.0,EUR,3.0,4,Delivered
ORD-101424,2025-07-21 00:00:00,vantage freight,Gothenburg,SE,Prague,CZ,Standard,Retail,79.68,141.15,EUR,3.0,4,Delivered
ORD-103542,2025-04-16,Vantage Freight,Gothenburg,SE,Krakow,PL,Standard,Industrial,84.21,171.1,EUR,4.0,4,Delivered
ORD-101887,14/10/2025,Baltica Logistics,Hamburg,DE,Stockholm,SE,Express,E-Commerce,14.56,1060.86,SEK,2.0,2,Delivered
ORD-104229,2025-03-10, Nordfrakt ,Rotterdam,NL,Brno,CZ,Express,E-Commerce,19.39,147.26,USD,2.0,2,Delivered
ORD-100482,2025-07-16,Kestrel Parcel,Milan,IT,Valencia,ES,Express,Wholesale,23.8,175.36,EUR,3.0,2,Delayed
ORD-103393,2025-06-12,baltica,Gothenburg,SE,Warsaw,PL,Express,Wholesale,28.77,132.18,EUR,2.0,2,Delivered
ORD-102251,2025-12-29,Meridian Expr,Gothenburg,SE,Vienna,AT,Standard,Wholesale,17.08,72.22,EUR,4.0,4,Delivered
ORD-102313,31/03/2025,Meridian Expr,Barcelona,ES,Warsaw,PL,Express,E-Commerce,36.14,1892.95,SEK,2.0,2,Delivered
ORD-102849,2025-09-15 00:00:00,Vantage Freight,Milan,IT,Cologne,DE,Economy,Retail,34.42,46.66,EUR,4.0,7,Delivered
ORD-103103,27/10/2025,vantage freight,Rotterdam,NL,Berlin,DE,Standard,Industrial,2.58,34.52,EUR,3.0,4,Delivered
ORD-104127,21/04/2025, Nordfrakt ,Rotterdam,NL,Helsinki,FI,Economy,E-Commerce,10.48,53.16,USD,5.0,7,Delivered
ORD-102465,2025-06-16 00:00:00, Meridian Express,Hamburg,DE,Zurich,CH,Standard,Retail,33.23,64.16,EUR,4.0,4,DELIVERED
ORD-104106,28/04/2025,Nordfrakt,Rotterdam,NL,Copenhagen,DK,Standard,Wholesale,40.11,98.88,USD,2.0,4,Delivered
ORD-100064,13/10/2025,KESTREL PARCEL,Rotterdam,NL,Bergen,NO,Standard,E-Commerce,25.53,68.55,EUR,4.0,4,Delivered
ORD-100776,"Oct 20, 2025",nordfrakt,Gothenburg,SE,Eindhoven,NL,Standard,Retail,5.99,48.2,EUR,3.0,4,Delivered
ORD-104173,2025-09-12 00:00:00, Nordfrakt ,Gothenburg,SE,Valencia,ES,Express,Retail,23.34,115.5,EUR,3.0,2,Delayed
ORD-102734,"Nov 01, 2025",Meridian Express,Gothenburg,SE,Helsinki,FI,Economy,E-Commerce,53.2,78.23,EUR,7.0,7,Delivered
ORD-102580,29/09/2025, Nordfrakt ,Gothenburg,SE,Aarhus,DK,Economy,E-Commerce,47.01,51.13,EUR,2.0,7,Delivered
ORD-103483,"Jul 07, 2025",nordfrakt,Barcelona,ES,Munich,DE,Economy,E-Commerce,42.62,76.47,USD,5.0,7,Delivered
ORD-104904,2025-06-12,nordfrakt,Rotterdam,NL,Valencia,ES,Economy,Wholesale,12.78,40.28,EUR,6.0,7,Delivered
ORD-102815,2025-04-21,baltica,Rotterdam,NL,Zurich,CH,Standard,E-Commerce,23.0,841.21,SEK,3.0,4,Delivered
ORD-104026,2025-06-24,Kestrel Parcel,Milan,IT,Brno,CZ,Express,E-Commerce,56.04,258.73,EUR,2.0,2,Delivered
ORD-104610,2025-04-21 00:00:00, Nordfrakt ,Hamburg,DE,Geneva,CH,Express,Retail,41.56,205.37,EUR,2.0,2,Delivered
ORD-104592,"Apr 09, 2025",Kestrel Parcels AB,Milan,IT,Warsaw,PL,Standard,Wholesale,15.87,50.6,EUR,3.0,4,DELIVERED
ORD-103124,2025-10-29,Nordfrakt,Hamburg,DE,Amsterdam,NL,Express,Wholesale,29.24,,EUR,1.0,2,Delivered
ORD-104795,"Jun 13, 2025",Meridian Express,Hamburg,DE,Bergen,NO,Economy,Retail,84.58,114.92,EUR,4.0,7,Delivered
ORD-104586,26/06/2025,nordfrakt,Hamburg,DE,Rome,IT,Express,Industrial,8.23,130.26,USD,3.0,2,Delayed
ORD-101452,"Mar 29, 2025",Kestrel Parcel,Rotterdam,NL,Munich,DE,Standard,Industrial,47.59,102.84,USD,4.0,4,Delivered
ORD-102715,2025-11-10,kestrel,Rotterdam,NL, Amsterdam ,NL,Standard,Industrial,61.88,118.41,EUR,4.0,4,Delivered
ORD-104245,01/08/2025, Meridian Express,Rotterdam,NL,Amsterdam,NL,Standard,Wholesale,27.44,59.36,EUR,2.0,4,Delivered
ORD-100218,01/11/2025,MERIDIAN EXPRESS,Gothenburg,SE,Prague,CZ,Standard,Wholesale,9.29,62.81,USD,4.0,4,Delivered
ORD-100239,,kestrel,Hamburg,DE,Valencia,ES,Express,Wholesale,8.42,126.33,USD,4.0,2,Delayed
ORD-104767,05/03/2025,Nordfrakt,Barcelona,ES,Amsterdam,NL,Economy,Industrial,37.11,67.43,USD,3.0,7,Delivered
ORD-103264,"Dec 15, 2025",Meridian Express,Milan,IT,Berlin,DE,Economy,Retail,52.87,107.27,USD,6.0,7,Delivered
ORD-101357,2025-05-13 00:00:00, Nordfrakt ,Hamburg,DE,Helsinki,FI,Standard,Retail,21.64,846.68,SEK,3.0,4,Delivered
ORD-102832,"Aug 12, 2025",nordfrakt,Rotterdam,NL, Graz ,AT,Standard,Wholesale,64.98,121.16,USD,4.0,4,Delivered
ORD-104995,2025-06-25,Nordfrakt AB,Rotterdam,NL,Amsterdam,NL,Express,Industrial,34.47,144.08,EUR,1.0,2,Delivered
ORD-102826,2025-09-15, Nordfrakt ,Hamburg,DE, Marseille ,FR,Standard,Retail,21.15,65.21,EUR,4.0,4,Delivered
ORD-100119,2025-05-02,Meridian Express,Hamburg,DE,London,GB,Economy,E-Commerce,48.27,95.24,EUR,5.0,7,Delivered
ORD-104553,2025-12-31 00:00:00,MERIDIAN EXPRESS,Gothenburg,SE,Marseille,FR,Express,Industrial,26.09,141.79,EUR,3.0,2,Delayed
ORD-101839,2025-12-29,Vantage Freight Ltd,Gothenburg,SE,Aarhus,DK,Standard,Wholesale,17.74,58.9,EUR,2.0,4,Delivered
ORD-101026,2025-04-14 00:00:00,Meridian Expr,Rotterdam,NL,Gdansk,PL,Economy,Retail,45.9,65.56,EUR,5.0,7,Delivered
ORD-103301,"Jul 25, 2025",Baltica Logistics,Rotterdam,NL,Cologne,DE,Standard,Wholesale,18.56,57.25,EUR,4.0,4,Delivered
ORD-104172,04/12/2025,vantage freight,Hamburg,DE,Copenhagen,DK,Standard,Wholesale,43.97,105.57,EUR,2.0,4,Delivered
ORD-103101,2025-05-12,Vantage,Hamburg,DE,Prague,CZ,Standard,Retail,11.01,47.82,USD,4.0,4,Delivered
ORD-100900,2025-03-03 00:00:00,MERIDIAN EXPRESS,Rotterdam,NL,Marseille,FR,Economy,Retail,26.53,54.5,EUR,,7,In Transit
ORD-104631,05/08/2025,Nordfrakt AB,Gothenburg,SE,Frankfurt,DE,Standard,Wholesale,20.7,760.18,SEK,2.0,4,Delivered
ORD-104050,2025-08-25 00:00:00,HANSEATIC,Barcelona,ES, Stockholm ,SE,Express,Industrial,27.4,121.82,EUR,1.0,2,Delivered
ORD-100406,2025-10-27 00:00:00,Vantage,Hamburg,DE,Marseille,FR,Express,Retail,12.56,142.72,EUR,3.0,2,Delayed
ORD-103298,"Dec 22, 2025",Kestrel Parcels AB,Hamburg,DE,Berlin,DE,Standard,Retail,53.31,108.43,EUR,4.0,4,Delivered
ORD-102833,"Dec 25, 2025",Baltica Logistics,Milan,IT,Paris,FR,Standard,Industrial,47.67,87.45,EUR,4.0,4,Delivered
ORD-102349,"Dec 02, 2025",nordfrakt,Gothenburg,SE,Helsinki,FI,Standard,Industrial,21.52,89.39,USD,5.0,4,Delayed
ORD-103109,"Jul 08, 2025",Vantage Freight Ltd,Gothenburg,SE,London,GB,Economy,Industrial,22.76,50.06,USD,7.0,7,Delivered
ORD-101738,"Mar 03, 2025",Kestrel Parcels AB,Milan,IT,Berlin,DE,Economy,Industrial,43.51,74.0,EUR,5.0,7,Delivered
ORD-103163,2025-08-20,Vantage Freight Ltd,Rotterdam,NL,Oslo,NO,Economy,E-Commerce,15.16,47.01,EUR,4.0,7,In Transit
ORD-100499,2025-10-20 00:00:00,Baltica Logistics A/S,Hamburg,DE,Geneva,CH,Express,Industrial,15.96,116.96,EUR,3.0,2,Delayed
ORD-100794,2025-10-23 00:00:00,Nordfrakt,Rotterdam,NL,Geneva,CH,Express,Retail,21.77,150.27,EUR,1.0,2,Delivered
ORD-103358,2025-06-11,Nordfrakt,Hamburg,DE,Zurich,CH,Express,Retail,44.17,205.81,EUR,2.0,2,Delivered
ORD-103291,2025-11-10 00:00:00,KESTREL PARCEL,Milan,IT,Oslo,NO,Express,E-Commerce,51.0,230.6,EUR,2.0,2,Delivered
ORD-103972,2025-05-08 00:00:00,Baltica Log.,Gothenburg,SE, Gothenburg ,SE,Express,Wholesale,18.56,96.29,USD,1.0,2,Delivered
ORD-100990,"Sep 05, 2025",HANSEATIC,Gothenburg,SE,Copenhagen,DK,Express,Industrial,18.84,115.68,USD,2.0,2,IN TRANSIT
ORD-103376,2025-12-03 00:00:00,Meridian Express,Gothenburg,SE,Copenhagen,DK,Standard,Wholesale,12.56,55.4,EUR,2.0,4,Delivered
ORD-102400,"Mar 04, 2025",KESTREL PARCEL,Gothenburg,SE,Geneva,CH,Standard,Industrial,6.39,48.69,EUR,4.0,4,Delivered
ORD-100331,20/09/2025,nordfrakt,Rotterdam,NL,Vienna,AT,Express,Industrial,16.21,108.33,EUR,2.0,2,In Transit
ORD-103188,"Apr 02, 2025",MERIDIAN EXPRESS,Rotterdam,NL,Warsaw,PL,Standard,Industrial,5.6,50.81,EUR,3.0,4,Delivered
ORD-100044,07/04/2025,kestrel,Gothenburg,SE,Brno,CZ,Standard,E-Commerce,17.69,60.0,EUR,,4,Delivered
ORD-104723,2025-03-29 00:00:00,vantage freight,Hamburg,DE,Munich,DE,Standard,E-Commerce,5.18,56.62,USD,3.0,4,Delivered
ORD-104216,2025-11-24 00:00:00,Vantage Freight Ltd,Rotterdam,NL,Aarhus,DK,Standard,Industrial,15.06,55.47,EUR,3.0,4,Delivered
ORD-103436,2025-08-11 00:00:00,Baltica Log.,Rotterdam,NL,Prague,CZ,Express,Industrial,16.2,115.09,EUR,2.0,2,Delivered
ORD-103072,2025-07-10 00:00:00,vantage freight,Barcelona,ES, Bergen ,NO,Express,Wholesale,45.11,157.0,EUR,2.0,2,Delivered
ORD-104045,"Mar 08, 2025",Hanseatic Line,Rotterdam,NL,Amsterdam,NL,Standard,Industrial,87.38,1596.63,SEK,4.0,4,Delivered
ORD-100223,20/06/2025, Nordfrakt ,Rotterdam,NL, Malmo ,SE,Standard,Industrial,10.99,47.75,EUR,1.0,4,Delivered
ORD-101540,2025-11-17,Baltica Logistics,Gothenburg,SE,Valencia,ES,Economy,Industrial,26.9,60.73,EUR,7.0,7,Delivered
ORD-103537,"May 12, 2025", Meridian Express,Hamburg,DE,Stockholm,SE,Standard,Industrial,32.85,72.07,EUR,2.0,4,Delivered
ORD-102533,2025-06-02 00:00:00,Vantage,Gothenburg,SE,Bergen,NO,Economy,Retail,36.75,55.37,EUR,4.0,7,Delivered
ORD-104963,07/07/2025,Nordfrakt,Rotterdam,NL,Helsinki,FI,Standard,Industrial,24.21,53.86,EUR,3.0,4,Delivered
ORD-103927,2025-05-26 00:00:00,nordfrakt,Rotterdam,NL,Gdansk,PL,Express,Industrial,26.08,126.72,EUR,2.0,2,Delivered
ORD-104014,2025-08-04,HANSEATIC,Gothenburg,SE,Malmo,SE,Standard,Industrial,19.57,631.81,SEK,3.0,4,Delivered
ORD-102636,2025-09-01 00:00:00,Meridian Express,Rotterdam,NL,Vienna,AT,Standard,Industrial,5.78,609.4,SEK,4.0,4,Delivered
ORD-101725,,Meridian Express,Gothenburg,SE,Gothenburg,SE,Standard,Retail,34.38,64.65,EUR,1.0,4,Delivered
ORD-102649,2025-08-29 00:00:00,nordfrakt,Gothenburg,SE,Munich,DE,Standard,Retail,17.03,59.93,EUR,4.0,4,Delivered
ORD-100628,03/12/2025,nordfrakt,Hamburg,DE,Valencia,ES,Standard,Industrial,25.46,94.65,EUR,4.0,4,Delivered
ORD-104775,25/03/2025,Meridian Express,Gothenburg,SE,Graz,AT,Express,Industrial,40.09,194.14,EUR,2.0,2,Delivered
ORD-102339,2025-04-20 00:00:00,Nordfrakt AB,Gothenburg,SE,Oslo,NO,Economy,E-Commerce,16.11,52.04,USD,5.0,7,Delivered
ORD-104895,08/10/2025,Vantage Freight Ltd,Rotterdam,NL,Stockholm,SE,Standard,Retail,12.2,52.25,EUR,2.0,4,Delivered
ORD-101620,2025-07-24,Kestrel Parcels AB,Hamburg,DE,Paris,FR,Economy,Industrial,9.52,38.14,EUR,7.0,7,Delivered
ORD-101451,"Mar 24, 2025",Nordfrakt,Rotterdam,NL,Eindhoven,NL,Economy,Wholesale,10.55,27.07,EUR,4.0,7,Delivered
ORD-101639,"Jul 28, 2025",Kestrel Parcels AB,Milan,IT,Vienna,AT,Economy,E-Commerce,15.9,46.24,USD,6.0,7,Delivered
ORD-102913,2025-07-03 00:00:00,MERIDIAN EXPRESS,Rotterdam,NL,Stockholm,SE,Standard,E-Commerce,21.32,48.05,USD,2.0,4,Delivered
ORD-103791,06/06/2025,KESTREL PARCEL,Gothenburg,SE,Oslo,NO,Express,Industrial,38.43,181.32,EUR,2.0,2,Delivered
ORD-102939,01/06/2025,kestrel,Hamburg,DE,Cologne,DE,Express,Industrial,14.92,1110.35,SEK,3.0,2,Delayed
ORD-103420,"Dec 09, 2025",Kestrel Parcels AB,Gothenburg,SE,Graz,AT,Standard,E-Commerce,19.84,73.89,USD,3.0,4,Delivered
ORD-103996,17/03/2025,Nordfrakt AB,Milan,IT,Paris,FR,Economy,Industrial,9.18,36.81,EUR,5.0,7,Delivered
ORD-100535,2025-05-26,Kestrel Parcels AB,Hamburg,DE,Berlin,DE,Standard,E-Commerce,8.34,54.97,EUR,4.0,4,Delivered
ORD-102663,28/11/2025,Vantage Freight Ltd,Milan,IT, Munich ,DE,Economy,Wholesale,12.57,39.15,EUR,4.0,7,Delivered
ORD-100154,27/10/2025,Baltica Logistics,Milan,IT,Lyon,FR,Standard,Wholesale,21.94,68.39,EUR,4.0,4,Delivered
ORD-103241,2025-06-23 00:00:00,baltica,Hamburg,DE,Madrid,ES,Standard,E-Commerce,7.96,48.97,EUR,5.0,4,Delayed
ORD-103149,29/04/2025,Nordfrakt AB,Rotterdam,NL,Paris,FR,Express,Retail,14.33,96.55,EUR,2.0,2,Delivered
ORD-101311,08/09/2025,Nordfrakt,Gothenburg,SE,Zurich,CH,Standard,Wholesale,20.83,53.54,EUR,4.0,4,Delivered
ORD-104110,"Mar 03, 2025",kestrel,Gothenburg,SE,Valencia,ES,Standard,E-Commerce,24.8,93.29,USD,5.0,4,Delayed
ORD-103985,03/09/2025,Vantage Freight,Hamburg,DE,Gothenburg,SE,Standard,Wholesale,11.75,43.05,USD,2.0,4,Delivered
ORD-101798,"Nov 18, 2025",nordfrakt,Milan,IT,Copenhagen,DK,Standard,Wholesale,53.36,95.84,EUR,3.0,4,Delivered
ORD-100082,2025-05-28, Nordfrakt ,Hamburg,DE,Berlin,DE,Express,Wholesale,19.12,127.28,EUR,2.0,2,Delivered
ORD-101943,"Mar 17, 2025",Nordfrakt AB,Gothenburg,SE,Cologne,DE,Express,Retail,17.74,121.66,EUR,2.0,2,Delivered
ORD-101988,2025-06-24,Nordfrakt,Hamburg,DE,Malmo,SE,Standard,Wholesale,49.96,103.21,EUR,2.0,4,Delivered
ORD-103536,2025-03-17 00:00:00,nordfrakt,Milan,IT,Amsterdam,NL,Standard,Wholesale,19.52,65.5,EUR,2.0,4,Delivered
ORD-101574,"May 21, 2025",Nordfrakt AB,Rotterdam,NL,Copenhagen,DK,Express,Wholesale,9.39,72.83,EUR,1.0,2,Delivered
ORD-102723,23/09/2025,Kestrel Parcel,Gothenburg,SE,Lyon,FR,Economy,Industrial,14.78,41.38,USD,5.0,7,Delivered
ORD-103405,"Sep 10, 2025",kestrel,Milan,IT,Cologne,DE,Express,Wholesale,8.07,90.23,USD,2.0,2,Delivered
ORD-102058,2025-10-03 00:00:00,Meridian Expr,Rotterdam,NL,Aarhus,DK,Standard,Industrial,22.24,661.9,SEK,2.0,4,DELIVERED
ORD-101762,2025-03-06 00:00:00,Baltica Logistics A/S,Gothenburg,SE,Copenhagen,DK,Economy,Industrial,13.93,32.95,EUR,4.0,7,Delivered
ORD-101494,2025-10-12 00:00:00,KESTREL PARCEL,Hamburg,DE,Krakow,PL,Economy,Retail,15.12,55.95,EUR,8.0,7,Delayed
ORD-101174,05/03/2025,Baltica Log.,Rotterdam,NL,Lyon,FR,Standard,Industrial,4.22,53.34,EUR,4.0,4,Delivered
ORD-104261,19/06/2025,Meridian Expr,Hamburg,DE,Warsaw,PL,Standard,Retail,30.91,926.62,SEK,5.0,4,Delayed
ORD-104667,16/05/2025, Nordfrakt ,Gothenburg,SE,Frankfurt,DE,Standard,E-Commerce,37.44,1054.43,SEK,4.0,4,Delivered
ORD-103093,11/07/2025, Meridian Express,Hamburg,DE,Eindhoven,NL,Express,Wholesale,31.43,123.16,EUR,1.0,2,Delivered
ORD-103450,2025-11-17 00:00:00, Nordfrakt ,Rotterdam,NL,Madrid,ES,Standard,Industrial,29.72,79.97,EUR,3.0,4,Delivered
ORD-101014,"Dec 11, 2025",Meridian Express,Rotterdam,NL,Amsterdam,NL,Standard,Wholesale,58.31,114.02,EUR,3.0,4,Delivered
ORD-103057,"May 20, 2025", Meridian Express,Hamburg,DE,Lyon,FR,Economy,Industrial,2.48,24.57,EUR,6.0,7,Delivered
ORD-104813,31/12/2025,Baltica Logistics A/S,Rotterdam,NL,Marseille,FR,Express,Industrial,33.53,139.35,USD,3.0,2,Delayed
ORD-102181,10/07/2025,Meridian Express,Milan,IT,Malmo,SE,Standard,E-Commerce,17.35,53.66,EUR,2.0,4,Delivered
ORD-103418,2025-04-23,Nordfrakt AB,Gothenburg,SE,Berlin,DE,Standard,E-Commerce,5.99,648.91,SEK,3.0,4,Delivered
ORD-103100,2025-09-17 00:00:00,vantage freight,Gothenburg,SE,Eindhoven,NL,Express,Retail,14.28,114.1,USD,1.0,2,DELIVERED
ORD-100634,"Jun 09, 2025",baltica,Gothenburg,SE,Rome,IT,Economy,E-Commerce,21.79,46.09,EUR,6.0,7,Delivered
ORD-102340,2025-10-20 00:00:00,Baltica Logistics,Gothenburg,SE,Gothenburg,SE,Standard,E-Commerce,24.8,65.54,EUR,2.0,4,Delivered
ORD-102814,18/06/2025,MERIDIAN EXPRESS,Rotterdam,NL,Prague,CZ,Standard,Retail,21.77,75.26,EUR,4.0,4,In Transit
ORD-104341,2025-10-16,MERIDIAN EXPRESS,Rotterdam,NL,Paris,FR,Standard,Retail,28.43,76.71,EUR,3.0,4,DELIVERED
ORD-101654,26/05/2025,Vantage,Barcelona,ES,Amsterdam,NL,Standard,Retail,81.62,173.82,EUR,3.0,4,Delivered
ORD-104241,2025-07-29,Nordfrakt AB,Milan,IT,Cologne,DE,Express,E-Commerce,37.21,176.78,USD,2.0,2,Delivered
ORD-100090,"Oct 27, 2025",vantage freight,Rotterdam,NL,Copenhagen,DK,Economy,Wholesale,8.2,36.47,EUR,3.0,7,Delivered
ORD-104406,"Jul 21, 2025",nordfrakt,Hamburg,DE,London,GB,Economy,Industrial,12.22,418.89,SEK,4.0,7,Delivered
ORD-100093,2025-09-29 00:00:00,Nordfrakt,Gothenburg,SE,Eindhoven,NL,Standard,Industrial,28.9,87.0,EUR,2.0,4,Delivered
ORD-104810,"Jun 20, 2025",Baltica Log.,Barcelona,ES,Munich,DE,Standard,Wholesale,65.4,103.4,EUR,3.0,4,Delivered
ORD-103979,2025-05-22,nordfrakt,Gothenburg,SE,Eindhoven,NL,Standard,Retail,2.81,38.46,EUR,2.0,4,Delivered
ORD-102291,25/08/2025, Meridian Express,Barcelona,ES,Geneva,CH,Standard,Industrial,16.05,77.5,EUR,4.0,4,Delivered
ORD-101500,16/12/2025,hanseatic line,Gothenburg,SE,Valencia,ES,Economy,Industrial,29.38,54.41,EUR,9.0,7,Delayed
ORD-102262,18/03/2025,Nordfrakt AB,Gothenburg,SE,Warsaw,PL,Standard,Industrial,8.5,58.81,USD,5.0,4,Delayed
ORD-100853,09/07/2025,vantage freight,Milan,IT,Frankfurt,DE,Economy,Wholesale,34.99,73.58,USD,6.0,7,In Transit
ORD-102274,2025-06-06, Meridian Express,Gothenburg,SE,Turin,IT,Economy,Industrial,12.58,38.53,EUR,6.0,7,Delivered
ORD-104497,2025-09-30 00:00:00,Vantage,Gothenburg,SE,Berlin,DE,Economy,Industrial,50.46,84.22,EUR,4.0,7,Delivered
ORD-101103,2025-05-22,Nordfrakt AB,Gothenburg,SE,Paris,FR,Standard,Wholesale,54.48,85.97,EUR,4.0,4,Delivered
ORD-104210,"May 22, 2025",Vantage Freight,Milan,IT,Lyon,FR,Economy,E-Commerce,32.86,69.81,USD,,7,Cancelled
ORD-104696,11/04/2025,Nordfrakt AB,Gothenburg,SE,Eindhoven,NL,Economy,E-Commerce,9.22,34.07,EUR,3.0,7,Delivered
ORD-103764,13/10/2025,Kestrel Parcel,Hamburg,DE, Paris ,FR,Express,Retail,62.28,221.09,EUR,3.0,2,Delayed
ORD-101885,07/06/2025,Nordfrakt AB,Gothenburg,SE,Berlin,DE,Standard,Retail,48.86,96.01,EUR,,4,Delivered
ORD-101866,"Apr 30, 2025",kestrel,Gothenburg,SE,Stockholm,SE,Standard,E-Commerce,45.24,1040.11,SEK,2.0,4,Delivered
ORD-102874,"Sep 29, 2025",Meridian Express,Hamburg,DE,Marseille,FR,Economy,Industrial,18.72,40.24,EUR,5.0,7,Delivered
ORD-104330,10/06/2025,Vantage Freight Ltd,Rotterdam,NL,Prague,CZ,Express,Wholesale,35.4,165.88,USD,2.0,2,Delivered
ORD-102884,2025-09-12 00:00:00,Baltica Logistics A/S,Hamburg,DE,Bergen,NO,Standard,Industrial,29.64,77.86,USD,3.0,4,Delivered
ORD-102890,2025-05-21, Nordfrakt ,Hamburg,DE,Malmo,SE,Economy,Wholesale,31.54,41.84,EUR,2.0,7,Delivered
ORD-103007,20/10/2025,MERIDIAN EXPRESS,Hamburg,DE,Stockholm,SE,Standard,Wholesale,30.95,787.82,SEK,2.0,4,Delivered
ORD-101826,28/04/2025,nordfrakt,Rotterdam,NL,Vienna,AT,Express,Industrial,19.4,105.22,EUR,2.0,2,Delivered
ORD-103923,,Vantage,Milan,IT,Paris,FR,Standard,E-Commerce,6.24,53.19,EUR,3.0,4,Delivered
ORD-102640,2025-07-10, Nordfrakt ,Gothenburg,SE,Marseille,FR,Express,E-Commerce,44.26,221.24,EUR,2.0,2,Delivered
ORD-101525,"Mar 27, 2025",Vantage Freight Ltd,Hamburg,DE,Stockholm,SE,Standard,Retail,119.29,211.61,EUR,2.0,4,Delivered
ORD-101562,,KESTREL PARCEL,Milan,IT,Eindhoven,NL,Economy,E-Commerce,8.98,37.87,EUR,,7,Delivered
ORD-100343,2025-12-08 00:00:00,Meridian Expr,Gothenburg,SE,Cologne,DE,Standard,E-Commerce,7.12,532.45,SEK,3.0,4,Delivered
ORD-103385,14/07/2025,Vantage Freight Ltd,Gothenburg,SE,Aarhus,DK,Standard,Industrial,78.65,114.15,EUR,,4,Cancelled
ORD-102707,"Aug 14, 2025",Baltica Logistics,Gothenburg,SE,Tampere,FI,Economy,Wholesale,67.34,102.9,EUR,8.0,7,Delayed
ORD-103442,2025-11-06 00:00:00,Baltica Logistics,Milan,IT,Rome,IT,Economy,Wholesale,11.89,46.79,EUR,8.0,7,Delayed
ORD-102213,05/05/2025, Nordfrakt ,Gothenburg,SE,Munich,DE,Economy,E-Commerce,3.42,34.09,EUR,4.0,7,Delivered
ORD-101359,17/09/2025,Vantage,Hamburg,DE,Oslo,NO,Economy,Wholesale,39.22,59.88,EUR,4.0,7,Delivered
ORD-102107,2025-05-16,Vantage,Barcelona,ES,Tampere,FI,Standard,Retail,4.25,455.87,SEK,6.0,4,Delayed
ORD-101378,2025-12-02,Nordfrakt,Gothenburg,SE,Rome,IT,Standard,E-Commerce,21.58,100.65,USD,4.0,4,DELIVERED
ORD-100424,15/10/2025,vantage freight,Gothenburg,SE,Brno,CZ,Express,E-Commerce,14.74,95.94,EUR,,2,Delivered
ORD-101065,29/09/2025,Baltica Logistics,Gothenburg,SE,Gdansk,PL,Economy,E-Commerce,19.07,44.66,EUR,6.0,7,Delivered
ORD-102377,2025-05-15,Nordfrakt AB,Rotterdam,NL,Madrid,ES,Express,Wholesale,11.51,101.7,EUR,1.0,2,Delivered
ORD-101717,2025-09-25 00:00:00, Meridian Express,Rotterdam,NL,Tampere,FI,Express,E-Commerce,32.14,176.3,EUR,2.0,2,Delivered
ORD-100937,2025-05-21,nordfrakt,Hamburg,DE,Krakow,PL,Standard,Wholesale,42.72,103.97,EUR,4.0,4,Delivered
ORD-103779,2025-11-03 00:00:00,baltica,Rotterdam,NL,Vienna,AT,Standard,Industrial,11.7,716.76,SEK,4.0,4,Delivered
ORD-103964,"Jun 18, 2025",Nordfrakt AB,Gothenburg,SE,Brno,CZ,Express,Wholesale,3.09,84.41,USD,3.0,2,Delayed
ORD-104842,2025-04-23 00:00:00,Nordfrakt,Rotterdam,NL,Zurich,CH,Express,E-Commerce,30.38,126.58,USD,2.0,2,Delivered
ORD-101482,2025-08-07 00:00:00,Baltica Log.,Rotterdam,NL,Stockholm,SE,Economy,Wholesale,24.06,53.07,EUR,3.0,7,Delivered
ORD-100944,12/05/2025,vantage freight,Hamburg,DE,Berlin,DE,Standard,Wholesale,27.25,85.2,EUR,3.0,4,Delivered
ORD-103183,"Apr 01, 2025",vantage freight,Rotterdam,NL,Brno,CZ,Standard,Wholesale,21.43,63.51,EUR,3.0,4,Delivered
ORD-100969,20/03/2025, Meridian Express,Milan,IT,Valencia,ES,Economy,Industrial,15.82,61.83,USD,5.0,7,Delivered
ORD-100496,05/05/2025,Vantage,Rotterdam,NL,Cologne,DE,Economy,Industrial,28.27,40.48,USD,5.0,7,Delivered
ORD-102177,2025-11-19 00:00:00,baltica,Hamburg,DE,Graz,AT,Economy,Retail,43.2,775.01,SEK,7.0,7,Delivered
ORD-100337,22/08/2025,Nordfrakt AB,Rotterdam,NL,Valencia,ES,Standard,Industrial,15.33,71.08,EUR,4.0,4,Delivered
ORD-102243,2025-05-01, Meridian Express,Rotterdam,NL,Valencia,ES,Standard,Industrial,32.65,82.57,EUR,5.0,4,Delayed
ORD-102151,2025-08-25,Nordfrakt AB,Rotterdam,NL,Frankfurt,DE,Standard,Wholesale,41.53,930.03,SEK,2.0,4,Delivered
ORD-102010,2025-11-28 00:00:00,Vantage,Rotterdam,NL,Aarhus,DK,Standard,Industrial,20.48,72.19,USD,2.0,4,Delivered
ORD-102491,2025-07-24, Meridian Express,Rotterdam,NL,Amsterdam,NL,Economy,E-Commerce,17.54,41.87,USD,4.0,7,Delivered
ORD-104929,2025-06-30,Vantage,Gothenburg,SE,Zurich,CH,Standard,Retail,16.68,57.89,EUR,3.0,4,Delivered
ORD-101810,"Jul 14, 2025",Kestrel Parcels AB,Rotterdam,NL,Vienna,AT,Standard,Retail,21.55,66.45,EUR,6.0,4,Delayed
ORD-102932,"May 28, 2025", Nordfrakt ,Rotterdam,NL, Stockholm ,SE,Standard,Wholesale,71.27,104.19,EUR,2.0,4,Delivered
ORD-102275,2025-10-20,Nordfrakt AB,Gothenburg,SE,Oslo,NO,Standard,Wholesale,20.46,55.01,EUR,3.0,4,Delivered
ORD-100434,27/10/2025,Baltica Log.,Gothenburg,SE,Bergen,NO,Economy,E-Commerce,14.86,45.36,EUR,4.0,7,Delivered
ORD-104501,2025-12-19, Nordfrakt ,Rotterdam,NL,London,GB,Economy,Retail,37.64,73.17,USD,5.0,7,Delivered
ORD-103755,2025-08-25,MERIDIAN EXPRESS,Hamburg,DE,Frankfurt,DE,Standard,E-Commerce,4.8,512.2,SEK,3.0,4,Delivered
ORD-102504,"Mar 28, 2025",Baltica Log.,Milan,IT,Geneva,CH,Economy,E-Commerce,58.46,97.07,EUR,6.0,7,Delivered
ORD-103211,"Jul 30, 2025",Nordfrakt AB,Rotterdam,NL,Munich,DE,Economy,Wholesale,25.7,613.09,SEK,4.0,7,Delivered
ORD-104641,"Mar 18, 2025",Vantage Freight Ltd,Gothenburg,SE,Amsterdam,NL,Standard,Retail,34.48,89.54,EUR,3.0,4,Delivered
ORD-104308,,Vantage Freight Ltd,Rotterdam,NL,Rome,IT,Standard,Retail,22.19,80.87,EUR,4.0,4,Delivered
ORD-103270,"May 30, 2025",Baltica Log.,Rotterdam,NL,Turin,IT,Express,Wholesale,48.84,190.12,EUR,2.0,2,Delivered
ORD-101941,2025-07-17,baltica,Gothenburg,SE,Paris,FR,Standard,Wholesale,33.41,103.87,EUR,3.0,4,Delivered
ORD-101891,13/07/2025,nordfrakt,Milan,IT,Geneva,CH,Economy,Retail,44.85,75.44,EUR,5.0,7,Delivered
ORD-101265,2025-03-21,Meridian Expr,Milan,IT,Marseille,FR,Standard,E-Commerce,31.28,81.92,EUR,3.0,4,Delivered
ORD-104438,"Sep 08, 2025",Vantage,Milan,IT,Malmo,SE,Express,E-Commerce,35.43,1971.87,SEK,1.0,2,Delivered
ORD-101410,2025-04-03,Baltica Logistics,Gothenburg,SE, Valencia ,ES,Express,Retail,24.06,173.07,EUR,2.0,2,Delivered
ORD-101214,2025-04-10 00:00:00,Baltica Log.,Hamburg,DE,Munich,DE,Express,Retail,7.54,87.7,EUR,2.0,2,Delivered
ORD-100605,20/12/2025,KESTREL PARCEL,Hamburg,DE,Gdansk,PL,Standard,Retail,8.97,55.88,EUR,4.0,4,Delivered
ORD-100645,28/08/2025,vantage freight,Hamburg,DE,Turin,IT,Standard,E-Commerce,31.31,110.72,EUR,3.0,4,Delivered
ORD-103088,"Jul 07, 2025",Vantage Freight,Barcelona,ES,Marseille,FR,Express,E-Commerce,43.13,165.98,EUR,2.0,2,Delivered
ORD-101019,2025-05-05 00:00:00,Kestrel Parcels AB,Gothenburg,SE, Lyon ,FR,Standard,Industrial,14.03,66.3,EUR,4.0,4,Delivered
ORD-102870,2025-08-03,Hanseatic Line,Barcelona,ES,Turin,IT,Standard,Industrial,18.69,66.95,EUR,7.0,4,Delayed
ORD-100908,22/09/2025,MERIDIAN EXPRESS,Rotterdam,NL,Krakow,PL,Standard,Industrial,42.62,80.39,EUR,3.0,4,Delivered
ORD-102150,2025-08-28 00:00:00,Nordfrakt,Rotterdam,NL,Vienna,AT,Standard,Wholesale,79.55,167.53,EUR,4.0,4,Delivered
ORD-100238,2025-08-18 00:00:00,Meridian Express,Hamburg,DE,Manchester,GB,Standard,E-Commerce,18.22,623.79,SEK,4.0,4,Delivered
ORD-103140,"Nov 26, 2025",MERIDIAN EXPRESS,Gothenburg,SE,Vienna,AT,Standard,Industrial,26.37,72.35,EUR,4.0,4,Delivered
ORD-101270,2025-09-19,Vantage Freight,Gothenburg,SE,Bergen,NO,Standard,Retail,9.53,60.04,EUR,3.0,4,Delivered
ORD-100938,2025-11-09 00:00:00,vantage freight,Hamburg,DE,Frankfurt,DE,Standard,Retail,42.7,87.01,EUR,3.0,4,Delivered
ORD-103551,2025-12-12,Nordfrakt,Barcelona,ES, Munich ,DE,Economy,E-Commerce,16.05,50.95,EUR,6.0,7,Delivered
ORD-104343,"Jul 21, 2025",Vantage Freight Ltd,Rotterdam,NL,Berlin,DE,Economy,E-Commerce,20.44,39.9,EUR,4.0,7,Delivered
ORD-101970,, Nordfrakt ,Gothenburg,SE,Amsterdam,NL,Standard,Retail,28.44,79.28,EUR,2.0,4,Delivered
ORD-104930,2025-03-09,vantage freight,Hamburg,DE,London,GB,Standard,Wholesale,34.67,91.74,EUR,4.0,4,Delivered
ORD-101804,2025-05-12,KESTREL PARCEL,Gothenburg,SE,Gdansk,PL,Standard,Industrial,5.68,49.61,EUR,4.0,4,Delivered
ORD-101570,14/04/2025,Nordfrakt,Barcelona,ES,Brno,CZ,Standard,E-Commerce,86.37,192.14,EUR,3.0,4,Delivered
ORD-104280,18/11/2025,Vantage,Gothenburg,SE,Zurich,CH,Express,E-Commerce,39.37,157.6,EUR,2.0,2,Delivered
ORD-101743,2025-03-13, Meridian Express,Barcelona,ES,Graz,AT,Express,Wholesale,19.63,110.16,EUR,2.0,2,Delivered
ORD-100520,2025-09-13,Kestrel Parcel,Rotterdam,NL,Aarhus,DK,Economy,E-Commerce,19.63,40.95,USD,4.0,7,Delivered
ORD-103937,"Nov 17, 2025",MERIDIAN EXPRESS,Gothenburg,SE,Gothenburg,SE,Standard,Retail,57.15,125.19,EUR,2.0,4,In Transit
ORD-102475,"Oct 20, 2025",kestrel,Hamburg,DE,Stockholm,SE,Economy,Retail,15.43,35.02,EUR,3.0,7,Delivered
ORD-103934,2025-06-09,Meridian Expr,Hamburg,DE,Amsterdam,NL,Standard,Industrial,26.23,81.1,EUR,2.0,4,Delivered
ORD-103645,16/12/2025,vantage freight,Gothenburg,SE,Marseille,FR,Standard,Industrial,25.43,80.24,EUR,4.0,4,Delivered
ORD-104427,20/11/2025,Meridian Express,Hamburg,DE,Madrid,ES,Economy,Retail,3.46,31.47,USD,8.0,7,DELAYED
ORD-101091,2025-11-03,Kestrel Parcel,Hamburg,DE,Graz,AT,Express,Wholesale,19.34,92.1,EUR,3.0,2,Delayed
ORD-101101,2025-11-13, Meridian Express,Rotterdam,NL,Amsterdam,NL,Standard,Retail,10.87,47.38,EUR,2.0,4,Delivered
ORD-101519,"Nov 10, 2025",Nordfrakt AB,Hamburg,DE,Munich,DE,Standard,E-Commerce,30.68,,USD,3.0,4,Delivered
ORD-104928,2025-06-09 00:00:00,Baltica Logistics A/S,Hamburg,DE,London,GB,Express,Industrial,26.14,169.85,EUR,3.0,2,Delayed
ORD-102484,"Sep 05, 2025",Baltica Logistics,Barcelona,ES,Prague,CZ,Standard,Industrial,49.89,104.53,EUR,5.0,4,Delayed
ORD-100366,2025-11-13,Nordfrakt AB,Milan,IT,Graz,AT,Economy,E-Commerce,20.06,583.53,SEK,6.0,7,Delivered
ORD-101948,03/03/2025,baltica,Hamburg,DE,London,GB,Standard,E-Commerce,5.18,57.54,EUR,3.0,4,Delivered
ORD-100808,"Oct 01, 2025",Meridian Express,Rotterdam,NL,Stockholm,SE,Express,Industrial,15.22,103.24,EUR,1.0,2,In Transit
ORD-103946,2025-03-13,Vantage Freight Ltd,Hamburg,DE,Madrid,ES,Standard,Industrial,36.27,,EUR,3.0,4,Delivered
ORD-102025,17/11/2025,HANSEATIC,Gothenburg,SE,Krakow,PL,Standard,Wholesale,17.44,92.06,EUR,6.0,4,Delayed
ORD-102488,15/12/2025, Meridian Express,Gothenburg,SE,Madrid,ES,Standard,Retail,10.86,64.38,EUR,4.0,4,Delivered
ORD-103886,"Apr 15, 2025", Nordfrakt ,Gothenburg,SE,Warsaw,PL,Standard,Retail,5.05,60.28,EUR,4.0,4,Delivered
ORD-103760,,Nordfrakt,Hamburg,DE,Tampere,FI,Express,Wholesale,67.67,252.08,USD,,2,Cancelled
ORD-101664,15/12/2025,Kestrel Parcel,Rotterdam,NL,Warsaw,PL,Economy,Retail,19.24,55.07,EUR,8.0,7,Delayed
ORD-102191,"Oct 12, 2025",Nordfrakt AB,Gothenburg,SE,Valencia,ES,Economy,Wholesale,35.4,65.64,EUR,5.0,7,Delivered
ORD-102660,2025-10-27 00:00:00,Hanseatic Line,Milan,IT,Gothenburg,SE,Standard,E-Commerce,40.3,82.07,EUR,4.0,4,Delivered
ORD-102046,2025-11-04 00:00:00, Nordfrakt ,Hamburg,DE,Copenhagen,DK,Standard,Retail,13.54,59.63,USD,2.0,4,Delivered
ORD-103410,"Apr 08, 2025",Baltica Logistics,Rotterdam,NL,Aarhus,DK,Economy,Industrial,15.13,41.87,USD,3.0,7,In Transit
ORD-101185,"Aug 18, 2025",Nordfrakt AB,Gothenburg,SE,Marseille,FR,Standard,Retail,15.73,62.7,EUR,4.0,4,Delivered
ORD-103569,14/07/2025,Nordfrakt,Hamburg,DE, Gdansk ,PL,Standard,E-Commerce,32.04,88.2,USD,4.0,4,Delivered
ORD-103737,2025-12-16,vantage freight,Barcelona,ES, Graz ,AT,Standard,E-Commerce,8.24,66.43,USD,5.0,4,Delayed
ORD-104656,13/05/2025,Meridian Expr,Milan,IT,Berlin,DE,Standard,Industrial,13.62,62.03,EUR,3.0,4,Delivered
ORD-102278,2025-09-19 00:00:00,Baltica Logistics,Gothenburg,SE,Manchester,GB,Standard,Industrial,53.94,92.01,EUR,3.0,4,Delivered
ORD-102231,2025-04-08 00:00:00,nordfrakt,Gothenburg,SE,Brno,CZ,Economy,Retail,48.48,60.55,USD,5.0,7,Delivered
ORD-102912,2025-11-17 00:00:00,Vantage,Rotterdam,NL,Stockholm,SE,Standard,E-Commerce,29.19,82.49,USD,2.0,4,Delivered
ORD-102093,2025-06-17 00:00:00,baltica,Rotterdam,NL,Gdansk,PL,Standard,Industrial,26.22,74.56,EUR,5.0,4,Delayed
ORD-104571,2025-04-21,Meridian Express,Gothenburg,SE,Graz,AT,Express,Wholesale,12.66,143.04,USD,2.0,2,Delivered
ORD-101652,2025-03-29,Nordfrakt,Hamburg,DE,Oslo,NO,Economy,E-Commerce,39.19,73.0,EUR,4.0,7,Delivered
ORD-104257,21/04/2025,Baltica Logistics A/S,Rotterdam,NL,Stockholm,SE,Express,E-Commerce,10.07,67.38,EUR,,2,Cancelled
ORD-103039,"Jun 17, 2025",Vantage Freight Ltd,Gothenburg,SE,Geneva,CH,Express,Retail,11.79,101.93,EUR,2.0,2,Delivered
ORD-100288,23/12/2025,Vantage,Barcelona,ES,Cologne,DE,Standard,E-Commerce,7.39,56.58,EUR,3.0,4,Delivered
ORD-103107,2025-09-19,Nordfrakt AB,Barcelona,ES, Madrid ,ES,Standard,Industrial,26.2,821.5999999999999,EUR,4.0,4,Delivered
ORD-104982,11/06/2025,Vantage Freight,Gothenburg,SE,Madrid,ES,Express,Retail,17.5,139.08,EUR,1.0,2,Delivered
ORD-100575,2025-09-22,Nordfrakt,Rotterdam,NL,Graz,AT,Express,E-Commerce,7.84,79.95,EUR,2.0,2,Delivered
ORD-103883,2025-11-05 00:00:00,MERIDIAN EXPRESS,Rotterdam,NL,Oslo,NO,Standard,E-Commerce,8.82,52.16,EUR,3.0,4,Delivered
ORD-103949,"Jun 04, 2025",Vantage Freight,Gothenburg,SE,Lyon,FR,Economy,Industrial,40.76,63.78,EUR,5.0,7,Delivered
ORD-101100,19/11/2025,Nordfrakt AB,Gothenburg,SE,Eindhoven,NL,Standard,Retail,18.79,69.31,EUR,3.0,4,DELIVERED
ORD-101848,2025-12-12,Baltica Log.,Gothenburg,SE,Amsterdam,NL,Standard,Wholesale,46.68,105.82,EUR,3.0,4,Delivered
ORD-102524,04/04/2025,nordfrakt,Gothenburg,SE,Stockholm,SE,Express,Wholesale,23.97,156.28,USD,1.0,2,Delivered
ORD-103947,2025-09-19,baltica,Gothenburg,SE,Stockholm,SE,Standard,Wholesale,44.01,113.74,USD,2.0,4,Delivered
ORD-101694,27/05/2025, Nordfrakt ,Milan,IT,London,GB,Standard,E-Commerce,60.2,110.27,EUR,3.0,4,Delivered
ORD-104181,2025-09-15 00:00:00,Baltica Logistics,Hamburg,DE,Cologne,DE,Express,Wholesale,9.14,91.06,EUR,2.0,2,Delivered
ORD-104565,2025-09-03,Nordfrakt,Barcelona,ES,Aarhus,DK,Economy,Industrial,19.47,34.26,EUR,3.0,7,Delivered
ORD-103332,2025-07-15 00:00:00,KESTREL PARCEL,Gothenburg,SE,Geneva,CH,Express,E-Commerce,59.33,229.13,USD,3.0,2,Delayed
ORD-101711,,HANSEATIC,Milan,IT,Manchester,GB,Standard,Retail,31.71,101.15,USD,,4,Delayed
ORD-100182,2025-12-01, Nordfrakt ,Rotterdam,NL,Turin,IT,Standard,Industrial,10.81,65.43,EUR,4.0,4,Delivered
ORD-101462,"Mar 27, 2025",Hanseatic Line,Gothenburg,SE,Cologne,DE,Standard,E-Commerce,19.78,63.52,EUR,5.0,4,Delayed
ORD-104582,2025-05-30 00:00:00,Baltica Log.,Gothenburg,SE,Munich,DE,Standard,Industrial,17.6,663.78,SEK,4.0,4,Delivered
ORD-100443,24/11/2025,HANSEATIC,Rotterdam,NL,Stockholm,SE,Standard,Industrial,17.24,51.1,EUR,4.0,4,Delivered
ORD-104742,2025-10-21,baltica,Barcelona,ES,Amsterdam,NL,Standard,Retail,63.47,108.11,EUR,2.0,4,Delivered
ORD-102238,"Nov 17, 2025",Kestrel Parcels AB,Hamburg,DE, Brno ,CZ,Express,Wholesale,24.14,154.21,EUR,3.0,2,Delayed
ORD-102330,"Apr 05, 2025",Meridian Expr,Hamburg,DE,Bergen,NO,Standard,Wholesale,36.18,88.3,USD,3.0,4,Delivered
ORD-104125,02/12/2025,Vantage Freight,Rotterdam,NL,Frankfurt,DE,Standard,Industrial,30.57,72.89,EUR,3.0,4,Delivered
ORD-100169,"Mar 13, 2025",nordfrakt,Rotterdam,NL,Oslo,NO,Economy,Industrial,30.89,63.12,USD,5.0,7,DELIVERED
ORD-103252,"May 26, 2025",baltica,Hamburg,DE,Frankfurt,DE,Economy,Retail,14.6,33.75,EUR,3.0,7,Delivered
ORD-100197,"May 05, 2025",Nordfrakt,Rotterdam,NL,Eindhoven,NL,Standard,E-Commerce,34.76,97.25,USD,3.0,4,Delivered
ORD-104591,"Mar 24, 2025",HANSEATIC,Gothenburg,SE,Amsterdam,NL,Standard,Wholesale,17.99,62.78,EUR,,4,Cancelled
ORD-103793,, Nordfrakt ,Barcelona,ES,Zurich,CH,Standard,Industrial,32.32,90.16,EUR,3.0,4,Delivered
ORD-100647,2025-12-19,Kestrel Parcel,Gothenburg,SE,Aarhus,DK,Standard,Wholesale,33.02,951.11,SEK,3.0,4,Delivered
ORD-102758,2025-09-15,MERIDIAN EXPRESS,Hamburg,DE,Helsinki,FI,Economy,Retail,60.14,103.07,USD,5.0,7,Delivered
ORD-100373,22/09/2025,Vantage,Milan,IT, Aarhus ,DK,Standard,Retail,32.02,,EUR,2.0,4,Delivered
ORD-104774,26/07/2025,nordfrakt,Gothenburg,SE,Manchester,GB,Economy,Industrial,25.1,61.35,EUR,5.0,7,Delivered
ORD-100566,04/07/2025,kestrel,Gothenburg,SE, Tampere ,FI,Economy,Retail,48.81,78.07,EUR,7.0,7,Delivered
ORD-102895,"Dec 22, 2025",Nordfrakt,Rotterdam,NL,Valencia,ES,Standard,Wholesale,34.25,96.02,EUR,5.0,4,Delayed
ORD-104556,2025-05-26 00:00:00,kestrel,Milan,IT, Frankfurt ,DE,Express,Wholesale,5.01,76.11,EUR,2.0,2,Delivered
ORD-103485,2025-03-17 00:00:00,Nordfrakt,Milan,IT,Geneva,CH,Express,Wholesale,16.32,121.76,EUR,2.0,2,Delivered
ORD-100973,2025-11-16,Nordfrakt,Milan,IT,Malmo,SE,Standard,Industrial,95.02,184.22,USD,2.0,4,Delivered
ORD-103287,19/06/2025,HANSEATIC,Milan,IT,Aarhus,DK,Standard,Retail,38.14,106.83,USD,4.0,4,Delivered
ORD-103627,"Jul 09, 2025",baltica,Rotterdam,NL,Amsterdam,NL,Economy,Industrial,34.88,45.78,EUR,4.0,7,Delivered
ORD-103638,2025-04-15 00:00:00,Meridian Expr,Milan,IT,Oslo,NO,Standard,E-Commerce,41.63,1123.88,SEK,3.0,4,Delivered
ORD-101835,15/05/2025,Kestrel Parcel,Hamburg,DE,Turin,IT,Economy,Wholesale,24.59,55.45,EUR,7.0,7,Delivered
ORD-102308,17/08/2025,MERIDIAN EXPRESS,Barcelona,ES,Cologne,DE,Economy,E-Commerce,8.97,436.42,SEK,4.0,7,Delivered
ORD-101840,"Oct 20, 2025", Meridian Express,Rotterdam,NL,Munich,DE,Economy,Retail,11.77,41.1,EUR,4.0,7,Delivered
ORD-102044,2025-07-31 00:00:00,Nordfrakt,Barcelona,ES,Malmo,SE,Standard,E-Commerce,23.75,77.48,USD,2.0,4,Delivered
ORD-104372,"Jul 03, 2025",Vantage Freight,Hamburg,DE,Aarhus,DK,Standard,Industrial,101.89,178.82,EUR,2.0,4,DELIVERED
ORD-104750,"Mar 24, 2025",Vantage,Gothenburg,SE,Krakow,PL,Standard,E-Commerce,27.62,64.32,EUR,4.0,4,Delivered
ORD-104718,"Oct 07, 2025",Nordfrakt AB,Hamburg,DE, Manchester ,GB,Standard,Wholesale,52.62,103.68,EUR,5.0,4,Delayed
ORD-100844,2025-03-04,MERIDIAN EXPRESS,Hamburg,DE,Tampere,FI,Economy,Industrial,32.1,66.81,EUR,5.0,7,Delivered
ORD-104489,2025-09-28,Vantage,Milan,IT,Krakow,PL,Economy,Retail,14.93,49.64,EUR,7.0,7,Delivered
ORD-102155,2025-11-24 00:00:00,hanseatic line,Rotterdam,NL,Graz,AT,Standard,Industrial,41.14,100.82,USD,6.0,4,Delayed
ORD-100349,"May 30, 2025",Vantage Freight Ltd,Gothenburg,SE,Gdansk,PL,Standard,E-Commerce,4.46,50.55,EUR,5.0,4,Delayed
ORD-100784,2025-11-18 00:00:00,Vantage,Rotterdam,NL,Aarhus,DK,Express,Industrial,7.68,78.88,EUR,2.0,2,Delivered
ORD-103651,09/04/2025,KESTREL PARCEL,Rotterdam,NL,Bergen,NO,Standard,E-Commerce,57.17,139.89,USD,4.0,4,Delivered
ORD-104498,"Jul 13, 2025",MERIDIAN EXPRESS,Barcelona,ES,Oslo,NO,Economy,Retail,84.45,69.23,EUR,4.0,7,Delivered
ORD-104018,"Jun 11, 2025",baltica,Milan,IT,Munich,DE,Standard,Industrial,18.27,55.73,USD,3.0,4,Delivered
ORD-101865,2025-10-09,Meridian Expr,Rotterdam,NL,Gothenburg,SE,Economy,Industrial,25.62,46.15,EUR,2.0,7,Delivered
ORD-103195,05/06/2025,Nordfrakt AB,Gothenburg,SE,London,GB,Standard,E-Commerce,18.16,64.45,EUR,3.0,4,Delivered
ORD-100033,"Dec 30, 2025", Nordfrakt ,Gothenburg,SE,Brno,CZ,Economy,E-Commerce,37.48,82.56,EUR,6.0,7,Delivered
ORD-104577,"Jun 18, 2025",Meridian Expr,Rotterdam,NL,Cologne,DE,Economy,Wholesale,56.66,88.34,EUR,4.0,7,Delivered
ORD-102627,2025-03-03,kestrel,Gothenburg,SE,Bergen,NO,Economy,Wholesale,30.1,56.82,USD,5.0,7,Delivered
ORD-102404,2025-09-27 00:00:00, Nordfrakt ,Gothenburg,SE,Paris,FR,Standard,Wholesale,40.7,100.29,EUR,3.0,4,Delivered
ORD-101685,"Dec 11, 2025",MERIDIAN EXPRESS,Barcelona,ES,Helsinki,FI,Express,Industrial,22.56,158.18,EUR,3.0,2,Delayed
ORD-101248,2025-08-26 00:00:00,HANSEATIC,Milan,IT,Rome,IT,Standard,Industrial,9.74,71.65,EUR,5.0,4,Delayed
ORD-102851,2025-10-01,Baltica Logistics,Gothenburg,SE,Gothenburg,SE,Standard,Industrial,21.28,58.47,EUR,2.0,4,Delivered
ORD-102793,2025-12-19,Baltica Logistics A/S,Gothenburg,SE,Copenhagen,DK,Standard,Industrial,45.94,118.91,EUR,,4,Delivered
ORD-100764,"Sep 15, 2025", Nordfrakt ,Hamburg,DE,Gothenburg,SE,Economy,Industrial,23.18,48.41,EUR,2.0,7,Delivered
ORD-101728,2025-10-30 00:00:00,Nordfrakt,Rotterdam,NL,Stockholm,SE,Economy,E-Commerce,19.28,40.9,EUR,3.0,7,Delivered
ORD-100257,"Apr 26, 2025",KESTREL PARCEL,Milan,IT,Brno,CZ,Economy,E-Commerce,10.61,322.61,SEK,5.0,7,Delivered
ORD-101219,"Oct 28, 2025",Hanseatic Line,Hamburg,DE,Warsaw,PL,Economy,Industrial,7.91,35.32,USD,,7,Delivered
ORD-101161,"Dec 01, 2025",Meridian Expr,Barcelona,ES,Geneva,CH,Standard,Wholesale,7.43,43.69,EUR,2.0,4,Delivered
ORD-100772,2025-03-03,Baltica Logistics,Milan,IT,Oslo,NO,Economy,Wholesale,11.58,31.6,EUR,4.0,7,Delivered
ORD-100312,"May 05, 2025",hanseatic line,Rotterdam,NL,Paris,FR,Express,Wholesale,36.08,214.14,EUR,3.0,2,Delayed
ORD-104386,"Jul 21, 2025", Nordfrakt ,Gothenburg,SE,Vienna,AT,Economy,Retail,40.23,62.87,EUR,5.0,7,Delivered
ORD-104032,2025-07-26 00:00:00,nordfrakt,Hamburg,DE,Cologne,DE,Express,Industrial,37.13,129.49,EUR,2.0,2,Delivered
ORD-102997,2025-09-08 00:00:00, Nordfrakt ,Milan,IT,Berlin,DE,Standard,E-Commerce,9.28,39.44,EUR,3.0,4,Delivered
ORD-101176,21/08/2025,Nordfrakt AB,Rotterdam,NL,Marseille,FR,Express,Wholesale,75.55,226.63,EUR,2.0,2,Delivered
ORD-103896,2025-12-18,hanseatic line,Rotterdam,NL,Stockholm,SE,Economy,E-Commerce,24.68,48.54,EUR,3.0,7,Delivered
ORD-103775,2025-06-12,nordfrakt,Rotterdam,NL,Eindhoven,NL,Economy,Wholesale,27.96,620.22,SEK,4.0,7,Delivered
ORD-103516,2025-06-02,Meridian Expr,Rotterdam,NL,Stockholm,SE,Standard,Wholesale,119.72,156.41,EUR,1.0,4,Delivered
ORD-102298,2025-06-30,Vantage Freight Ltd,Barcelona,ES,Munich,DE,Express,Retail,26.99,181.62,EUR,2.0,2,Delivered
ORD-100391,2025-06-09 00:00:00, Nordfrakt ,Rotterdam,NL,Berlin,DE,Standard,Retail,18.21,52.36,USD,3.0,4,Delivered
ORD-103239,24/03/2025, Meridian Express,Hamburg,DE,Frankfurt,DE,Express,Wholesale,61.97,199.81,EUR,1.0,2,Delivered
ORD-103249,"Oct 03, 2025",kestrel,Hamburg,DE,Warsaw,PL,Standard,E-Commerce,31.02,1087.69,SEK,3.0,4,Delivered
ORD-102778,2025-09-30 00:00:00,Meridian Express,Hamburg,DE,Helsinki,FI,Standard,Industrial,19.04,921.66,SEK,5.0,4,Delayed
ORD-104441,2025-09-11,Baltica Logistics A/S,Barcelona,ES,Aarhus,DK,Standard,Wholesale,21.89,57.91,EUR,2.0,4,Delivered
ORD-103656,2025-12-08 00:00:00,Meridian Expr,Rotterdam,NL, Gothenburg ,SE,Economy,Retail,23.75,49.07,EUR,3.0,7,Delivered
ORD-103257,2025-06-16,Hanseatic Line,Gothenburg,SE,Oslo,NO,Economy,Industrial,21.46,47.56,EUR,7.0,7,Delivered
ORD-101372,03/11/2025,Nordfrakt AB,Gothenburg,SE,Aarhus,DK,Economy,Retail,14.43,455.26,SEK,5.0,7,Delivered
ORD-100537,"May 05, 2025",Nordfrakt,Rotterdam,NL,Valencia,ES,Economy,Industrial,46.26,76.3,EUR,9.0,7,Delayed
ORD-104271,"Dec 17, 2025",Vantage Freight,Gothenburg,SE,Gdansk,PL,Standard,Wholesale,35.12,104.34,EUR,5.0,4,Delayed
